Time Step,Numerical Price,Analytical Price,Absolute Error
0,10.770476795895272,10.450583572185565,0.3198932237097072
1,10.770476795895272,10.450583572185565,0.3198932237097072
2,10.770476795895272,10.450583572185565,0.3198932237097072
3,10.770476795895272,10.450583572185565,0.3198932237097072
4,10.770476795895272,10.450583572185565,0.3198932237097072
5,10.770476795895272,10.450583572185565,0.3198932237097072
6,10.770476795895272,10.450583572185565,0.3198932237097072
7,10.770476795895272,10.450583572185565,0.3198932237097072
8,10.770476795895272,10.450583572185565,0.3198932237097072
9,10.770476795895272,10.450583572185565,0.3198932237097072
10,10.770476795895272,10.450583572185565,0.3198932237097072
11,10.770476795895272,10.450583572185565,0.3198932237097072
12,10.770476795895272,10.450583572185565,0.3198932237097072
13,10.770476795895272,10.450583572185565,0.3198932237097072
14,10.770476795895272,10.450583572185565,0.3198932237097072
15,10.770476795895272,10.450583572185565,0.3198932237097072
16,10.770476795895272,10.450583572185565,0.3198932237097072
17,10.770476795895272,10.450583572185565,0.3198932237097072
18,10.770476795895272,10.450583572185565,0.3198932237097072
19,10.770476795895272,10.450583572185565,0.3198932237097072
20,10.770476795895272,10.450583572185565,0.3198932237097072
21,10.770476795895272,10.450583572185565,0.3198932237097072
22,10.770476795895272,10.450583572185565,0.3198932237097072
23,10.770476795895272,10.450583572185565,0.3198932237097072
24,10.770476795895272,10.450583572185565,0.3198932237097072
25,10.770476795895272,10.450583572185565,0.3198932237097072
26,10.770476795895272,10.450583572185565,0.3198932237097072
27,10.770476795895272,10.450583572185565,0.3198932237097072
28,10.770476795895272,10.450583572185565,0.3198932237097072
29,10.770476795895272,10.450583572185565,0.3198932237097072
30,10.770476795895272,10.450583572185565,0.3198932237097072
31,10.770476795895272,10.450583572185565,0.3198932237097072
32,10.770476795895272,10.450583572185565,0.3198932237097072
33,10.770476795895272,10.450583572185565,0.3198932237097072
34,10.770476795895272,10.450583572185565,0.3198932237097072
35,10.770476795895272,10.450583572185565,0.3198932237097072
36,10.770476795895272,10.450583572185565,0.3198932237097072
37,10.770476795895272,10.450583572185565,0.3198932237097072
38,10.770476795895272,10.450583572185565,0.3198932237097072
39,10.770476795895272,10.450583572185565,0.3198932237097072
40,10.770476795895272,10.450583572185565,0.3198932237097072
41,10.770476795895272,10.450583572185565,0.3198932237097072
42,10.770476795895272,10.450583572185565,0.3198932237097072
43,10.770476795895272,10.450583572185565,0.3198932237097072
44,10.770476795895272,10.450583572185565,0.3198932237097072
45,10.770476795895272,10.450583572185565,0.3198932237097072
46,10.770476795895272,10.450583572185565,0.3198932237097072
47,10.770476795895272,10.450583572185565,0.3198932237097072
48,10.770476795895272,10.450583572185565,0.3198932237097072
49,10.770476795895272,10.450583572185565,0.3198932237097072
50,10.770476795895272,10.450583572185565,0.3198932237097072
51,10.770476795895272,10.450583572185565,0.3198932237097072
52,10.770476795895272,10.450583572185565,0.3198932237097072
53,10.770476795895272,10.450583572185565,0.3198932237097072
54,10.770476795895272,10.450583572185565,0.3198932237097072
55,10.770476795895272,10.450583572185565,0.3198932237097072
56,10.770476795895272,10.450583572185565,0.3198932237097072
57,10.770476795895272,10.450583572185565,0.3198932237097072
58,10.770476795895272,10.450583572185565,0.3198932237097072
59,10.770476795895272,10.450583572185565,0.3198932237097072
60,10.770476795895272,10.450583572185565,0.3198932237097072
61,10.770476795895272,10.450583572185565,0.3198932237097072
62,10.770476795895272,10.450583572185565,0.3198932237097072
63,10.770476795895272,10.450583572185565,0.3198932237097072
64,10.770476795895272,10.450583572185565,0.3198932237097072
65,10.770476795895272,10.450583572185565,0.3198932237097072
66,10.770476795895272,10.450583572185565,0.3198932237097072
67,10.770476795895272,10.450583572185565,0.3198932237097072
68,10.770476795895272,10.450583572185565,0.3198932237097072
69,10.770476795895272,10.450583572185565,0.3198932237097072
70,10.770476795895272,10.450583572185565,0.3198932237097072
71,10.770476795895272,10.450583572185565,0.3198932237097072
72,10.770476795895272,10.450583572185565,0.3198932237097072
73,10.770476795895272,10.450583572185565,0.3198932237097072
74,10.770476795895272,10.450583572185565,0.3198932237097072
75,10.770476795895272,10.450583572185565,0.3198932237097072
76,10.770476795895272,10.450583572185565,0.3198932237097072
77,10.770476795895272,10.450583572185565,0.3198932237097072
78,10.770476795895272,10.450583572185565,0.3198932237097072
79,10.770476795895272,10.450583572185565,0.3198932237097072
80,10.770476795895272,10.450583572185565,0.3198932237097072
81,10.770476795895272,10.450583572185565,0.3198932237097072
82,10.770476795895272,10.450583572185565,0.3198932237097072
83,10.770476795895272,10.450583572185565,0.3198932237097072
84,10.770476795895272,10.450583572185565,0.3198932237097072
85,10.770476795895272,10.450583572185565,0.3198932237097072
86,10.770476795895272,10.450583572185565,0.3198932237097072
87,10.770476795895272,10.450583572185565,0.3198932237097072
88,10.770476795895272,10.450583572185565,0.3198932237097072
89,10.770476795895272,10.450583572185565,0.3198932237097072
90,10.770476795895272,10.450583572185565,0.3198932237097072
91,10.770476795895272,10.450583572185565,0.3198932237097072
92,10.770476795895272,10.450583572185565,0.3198932237097072
93,10.770476795895272,10.450583572185565,0.3198932237097072
94,10.770476795895272,10.450583572185565,0.3198932237097072
95,10.770476795895272,10.450583572185565,0.3198932237097072
96,10.770476795895272,10.450583572185565,0.3198932237097072
97,10.770476795895272,10.450583572185565,0.3198932237097072
98,10.770476795895272,10.450583572185565,0.3198932237097072
99,10.770476795895272,10.450583572185565,0.3198932237097072
100,10.770476795895272,10.450583572185565,0.3198932237097072
101,10.770476795895272,10.450583572185565,0.3198932237097072
102,10.770476795895272,10.450583572185565,0.3198932237097072
103,10.770476795895272,10.450583572185565,0.3198932237097072
104,10.770476795895272,10.450583572185565,0.3198932237097072
105,10.770476795895272,10.450583572185565,0.3198932237097072
106,10.770476795895272,10.450583572185565,0.3198932237097072
107,10.770476795895272,10.450583572185565,0.3198932237097072
108,10.770476795895272,10.450583572185565,0.3198932237097072
109,10.770476795895272,10.450583572185565,0.3198932237097072
110,10.770476795895272,10.450583572185565,0.3198932237097072
111,10.770476795895272,10.450583572185565,0.3198932237097072
112,10.770476795895272,10.450583572185565,0.3198932237097072
113,10.770476795895272,10.450583572185565,0.3198932237097072
114,10.770476795895272,10.450583572185565,0.3198932237097072
115,10.770476795895272,10.450583572185565,0.3198932237097072
116,10.770476795895272,10.450583572185565,0.3198932237097072
117,10.770476795895272,10.450583572185565,0.3198932237097072
118,10.770476795895272,10.450583572185565,0.3198932237097072
119,10.770476795895272,10.450583572185565,0.3198932237097072
120,10.770476795895272,10.450583572185565,0.3198932237097072
121,10.770476795895272,10.450583572185565,0.3198932237097072
122,10.770476795895272,10.450583572185565,0.3198932237097072
123,10.770476795895272,10.450583572185565,0.3198932237097072
124,10.770476795895272,10.450583572185565,0.3198932237097072
125,10.770476795895272,10.450583572185565,0.3198932237097072
126,10.770476795895272,10.450583572185565,0.3198932237097072
127,10.770476795895272,10.450583572185565,0.3198932237097072
128,10.770476795895272,10.450583572185565,0.3198932237097072
129,10.770476795895272,10.450583572185565,0.3198932237097072
130,10.770476795895272,10.450583572185565,0.3198932237097072
131,10.770476795895272,10.450583572185565,0.3198932237097072
132,10.770476795895272,10.450583572185565,0.3198932237097072
133,10.770476795895272,10.450583572185565,0.3198932237097072
134,10.770476795895272,10.450583572185565,0.3198932237097072
135,10.770476795895272,10.450583572185565,0.3198932237097072
136,10.770476795895272,10.450583572185565,0.3198932237097072
137,10.770476795895272,10.450583572185565,0.3198932237097072
138,10.770476795895272,10.450583572185565,0.3198932237097072
139,10.770476795895272,10.450583572185565,0.3198932237097072
140,10.770476795895272,10.450583572185565,0.3198932237097072
141,10.770476795895272,10.450583572185565,0.3198932237097072
142,10.770476795895272,10.450583572185565,0.3198932237097072
143,10.770476795895272,10.450583572185565,0.3198932237097072
144,10.770476795895272,10.450583572185565,0.3198932237097072
145,10.770476795895272,10.450583572185565,0.3198932237097072
146,10.770476795895272,10.450583572185565,0.3198932237097072
147,10.770476795895272,10.450583572185565,0.3198932237097072
148,10.770476795895272,10.450583572185565,0.3198932237097072
149,10.770476795895272,10.450583572185565,0.3198932237097072
150,10.770476795895272,10.450583572185565,0.3198932237097072
151,10.770476795895272,10.450583572185565,0.3198932237097072
152,10.770476795895272,10.450583572185565,0.3198932237097072
153,10.770476795895272,10.450583572185565,0.3198932237097072
154,10.770476795895272,10.450583572185565,0.3198932237097072
155,10.770476795895272,10.450583572185565,0.3198932237097072
156,10.770476795895272,10.450583572185565,0.3198932237097072
157,10.770476795895272,10.450583572185565,0.3198932237097072
158,10.770476795895272,10.450583572185565,0.3198932237097072
159,10.770476795895272,10.450583572185565,0.3198932237097072
160,10.770476795895272,10.450583572185565,0.3198932237097072
161,10.770476795895272,10.450583572185565,0.3198932237097072
162,10.770476795895272,10.450583572185565,0.3198932237097072
163,10.770476795895272,10.450583572185565,0.3198932237097072
164,10.770476795895272,10.450583572185565,0.3198932237097072
165,10.770476795895272,10.450583572185565,0.3198932237097072
166,10.770476795895272,10.450583572185565,0.3198932237097072
167,10.770476795895272,10.450583572185565,0.3198932237097072
168,10.770476795895272,10.450583572185565,0.3198932237097072
169,10.770476795895272,10.450583572185565,0.3198932237097072
170,10.770476795895272,10.450583572185565,0.3198932237097072
171,10.770476795895272,10.450583572185565,0.3198932237097072
172,10.770476795895272,10.450583572185565,0.3198932237097072
173,10.770476795895272,10.450583572185565,0.3198932237097072
174,10.770476795895272,10.450583572185565,0.3198932237097072
175,10.770476795895272,10.450583572185565,0.3198932237097072
176,10.770476795895272,10.450583572185565,0.3198932237097072
177,10.770476795895272,10.450583572185565,0.3198932237097072
178,10.770476795895272,10.450583572185565,0.3198932237097072
179,10.770476795895272,10.450583572185565,0.3198932237097072
180,10.770476795895272,10.450583572185565,0.3198932237097072
181,10.770476795895272,10.450583572185565,0.3198932237097072
182,10.770476795895272,10.450583572185565,0.3198932237097072
183,10.770476795895272,10.450583572185565,0.3198932237097072
184,10.770476795895272,10.450583572185565,0.3198932237097072
185,10.770476795895272,10.450583572185565,0.3198932237097072
186,10.770476795895272,10.450583572185565,0.3198932237097072
187,10.770476795895272,10.450583572185565,0.3198932237097072
188,10.770476795895272,10.450583572185565,0.3198932237097072
189,10.770476795895272,10.450583572185565,0.3198932237097072
190,10.770476795895272,10.450583572185565,0.3198932237097072
191,10.770476795895272,10.450583572185565,0.3198932237097072
192,10.770476795895272,10.450583572185565,0.3198932237097072
193,10.770476795895272,10.450583572185565,0.3198932237097072
194,10.770476795895272,10.450583572185565,0.3198932237097072
195,10.770476795895272,10.450583572185565,0.3198932237097072
196,10.770476795895272,10.450583572185565,0.3198932237097072
197,10.770476795895272,10.450583572185565,0.3198932237097072
198,10.770476795895272,10.450583572185565,0.3198932237097072
199,10.770476795895272,10.450583572185565,0.3198932237097072
200,10.770476795895272,10.450583572185565,0.3198932237097072
201,10.770476795895272,10.450583572185565,0.3198932237097072
202,10.770476795895272,10.450583572185565,0.3198932237097072
203,10.770476795895272,10.450583572185565,0.3198932237097072
204,10.770476795895272,10.450583572185565,0.3198932237097072
205,10.770476795895272,10.450583572185565,0.3198932237097072
206,10.770476795895272,10.450583572185565,0.3198932237097072
207,10.770476795895272,10.450583572185565,0.3198932237097072
208,10.770476795895272,10.450583572185565,0.3198932237097072
209,10.770476795895272,10.450583572185565,0.3198932237097072
210,10.770476795895272,10.450583572185565,0.3198932237097072
211,10.770476795895272,10.450583572185565,0.3198932237097072
212,10.770476795895272,10.450583572185565,0.3198932237097072
213,10.770476795895272,10.450583572185565,0.3198932237097072
214,10.770476795895272,10.450583572185565,0.3198932237097072
215,10.770476795895272,10.450583572185565,0.3198932237097072
216,10.770476795895272,10.450583572185565,0.3198932237097072
217,10.770476795895272,10.450583572185565,0.3198932237097072
218,10.770476795895272,10.450583572185565,0.3198932237097072
219,10.770476795895272,10.450583572185565,0.3198932237097072
220,10.770476795895272,10.450583572185565,0.3198932237097072
221,10.770476795895272,10.450583572185565,0.3198932237097072
222,10.770476795895272,10.450583572185565,0.3198932237097072
223,10.770476795895272,10.450583572185565,0.3198932237097072
224,10.770476795895272,10.450583572185565,0.3198932237097072
225,10.770476795895272,10.450583572185565,0.3198932237097072
226,10.770476795895272,10.450583572185565,0.3198932237097072
227,10.770476795895272,10.450583572185565,0.3198932237097072
228,10.770476795895272,10.450583572185565,0.3198932237097072
229,10.770476795895272,10.450583572185565,0.3198932237097072
230,10.770476795895272,10.450583572185565,0.3198932237097072
231,10.770476795895272,10.450583572185565,0.3198932237097072
232,10.770476795895272,10.450583572185565,0.3198932237097072
233,10.770476795895272,10.450583572185565,0.3198932237097072
234,10.770476795895272,10.450583572185565,0.3198932237097072
235,10.770476795895272,10.450583572185565,0.3198932237097072
236,10.770476795895272,10.450583572185565,0.3198932237097072
237,10.770476795895272,10.450583572185565,0.3198932237097072
238,10.770476795895272,10.450583572185565,0.3198932237097072
239,10.770476795895272,10.450583572185565,0.3198932237097072
240,10.770476795895272,10.450583572185565,0.3198932237097072
241,10.770476795895272,10.450583572185565,0.3198932237097072
242,10.770476795895272,10.450583572185565,0.3198932237097072
243,10.770476795895272,10.450583572185565,0.3198932237097072
244,10.770476795895272,10.450583572185565,0.3198932237097072
245,10.770476795895272,10.450583572185565,0.3198932237097072
246,10.770476795895272,10.450583572185565,0.3198932237097072
247,10.770476795895272,10.450583572185565,0.3198932237097072
248,10.770476795895272,10.450583572185565,0.3198932237097072
249,10.770476795895272,10.450583572185565,0.3198932237097072
250,10.770476795895272,10.450583572185565,0.3198932237097072
251,10.770476795895272,10.450583572185565,0.3198932237097072
252,10.770476795895272,10.450583572185565,0.3198932237097072
253,10.770476795895272,10.450583572185565,0.3198932237097072
254,10.770476795895272,10.450583572185565,0.3198932237097072
255,10.770476795895272,10.450583572185565,0.3198932237097072
256,10.770476795895272,10.450583572185565,0.3198932237097072
257,10.770476795895272,10.450583572185565,0.3198932237097072
258,10.770476795895272,10.450583572185565,0.3198932237097072
259,10.770476795895272,10.450583572185565,0.3198932237097072
260,10.770476795895272,10.450583572185565,0.3198932237097072
261,10.770476795895272,10.450583572185565,0.3198932237097072
262,10.770476795895272,10.450583572185565,0.3198932237097072
263,10.770476795895272,10.450583572185565,0.3198932237097072
264,10.770476795895272,10.450583572185565,0.3198932237097072
265,10.770476795895272,10.450583572185565,0.3198932237097072
266,10.770476795895272,10.450583572185565,0.3198932237097072
267,10.770476795895272,10.450583572185565,0.3198932237097072
268,10.770476795895272,10.450583572185565,0.3198932237097072
269,10.770476795895272,10.450583572185565,0.3198932237097072
270,10.770476795895272,10.450583572185565,0.3198932237097072
271,10.770476795895272,10.450583572185565,0.3198932237097072
272,10.770476795895272,10.450583572185565,0.3198932237097072
273,10.770476795895272,10.450583572185565,0.3198932237097072
274,10.770476795895272,10.450583572185565,0.3198932237097072
275,10.770476795895272,10.450583572185565,0.3198932237097072
276,10.770476795895272,10.450583572185565,0.3198932237097072
277,10.770476795895272,10.450583572185565,0.3198932237097072
278,10.770476795895272,10.450583572185565,0.3198932237097072
279,10.770476795895272,10.450583572185565,0.3198932237097072
280,10.770476795895272,10.450583572185565,0.3198932237097072
281,10.770476795895272,10.450583572185565,0.3198932237097072
282,10.770476795895272,10.450583572185565,0.3198932237097072
283,10.770476795895272,10.450583572185565,0.3198932237097072
284,10.770476795895272,10.450583572185565,0.3198932237097072
285,10.770476795895272,10.450583572185565,0.3198932237097072
286,10.770476795895272,10.450583572185565,0.3198932237097072
287,10.770476795895272,10.450583572185565,0.3198932237097072
288,10.770476795895272,10.450583572185565,0.3198932237097072
289,10.770476795895272,10.450583572185565,0.3198932237097072
290,10.770476795895272,10.450583572185565,0.3198932237097072
291,10.770476795895272,10.450583572185565,0.3198932237097072
292,10.770476795895272,10.450583572185565,0.3198932237097072
293,10.770476795895272,10.450583572185565,0.3198932237097072
294,10.770476795895272,10.450583572185565,0.3198932237097072
295,10.770476795895272,10.450583572185565,0.3198932237097072
296,10.770476795895272,10.450583572185565,0.3198932237097072
297,10.770476795895272,10.450583572185565,0.3198932237097072
298,10.770476795895272,10.450583572185565,0.3198932237097072
299,10.770476795895272,10.450583572185565,0.3198932237097072
300,10.770476795895272,10.450583572185565,0.3198932237097072
301,10.770476795895272,10.450583572185565,0.3198932237097072
302,10.770476795895272,10.450583572185565,0.3198932237097072
303,10.770476795895272,10.450583572185565,0.3198932237097072
304,10.770476795895272,10.450583572185565,0.3198932237097072
305,10.770476795895272,10.450583572185565,0.3198932237097072
306,10.770476795895272,10.450583572185565,0.3198932237097072
307,10.770476795895272,10.450583572185565,0.3198932237097072
308,10.770476795895272,10.450583572185565,0.3198932237097072
309,10.770476795895272,10.450583572185565,0.3198932237097072
310,10.770476795895272,10.450583572185565,0.3198932237097072
311,10.770476795895272,10.450583572185565,0.3198932237097072
312,10.770476795895272,10.450583572185565,0.3198932237097072
313,10.770476795895272,10.450583572185565,0.3198932237097072
314,10.770476795895272,10.450583572185565,0.3198932237097072
315,10.770476795895272,10.450583572185565,0.3198932237097072
316,10.770476795895272,10.450583572185565,0.3198932237097072
317,10.770476795895272,10.450583572185565,0.3198932237097072
318,10.770476795895272,10.450583572185565,0.3198932237097072
319,10.770476795895272,10.450583572185565,0.3198932237097072
320,10.770476795895272,10.450583572185565,0.3198932237097072
321,10.770476795895272,10.450583572185565,0.3198932237097072
322,10.770476795895272,10.450583572185565,0.3198932237097072
323,10.770476795895272,10.450583572185565,0.3198932237097072
324,10.770476795895272,10.450583572185565,0.3198932237097072
325,10.770476795895272,10.450583572185565,0.3198932237097072
326,10.770476795895272,10.450583572185565,0.3198932237097072
327,10.770476795895272,10.450583572185565,0.3198932237097072
328,10.770476795895272,10.450583572185565,0.3198932237097072
329,10.770476795895272,10.450583572185565,0.3198932237097072
330,10.770476795895272,10.450583572185565,0.3198932237097072
331,10.770476795895272,10.450583572185565,0.3198932237097072
332,10.770476795895272,10.450583572185565,0.3198932237097072
333,10.770476795895272,10.450583572185565,0.3198932237097072
334,10.770476795895272,10.450583572185565,0.3198932237097072
335,10.770476795895272,10.450583572185565,0.3198932237097072
336,10.770476795895272,10.450583572185565,0.3198932237097072
337,10.770476795895272,10.450583572185565,0.3198932237097072
338,10.770476795895272,10.450583572185565,0.3198932237097072
339,10.770476795895272,10.450583572185565,0.3198932237097072
340,10.770476795895272,10.450583572185565,0.3198932237097072
341,10.770476795895272,10.450583572185565,0.3198932237097072
342,10.770476795895272,10.450583572185565,0.3198932237097072
343,10.770476795895272,10.450583572185565,0.3198932237097072
344,10.770476795895272,10.450583572185565,0.3198932237097072
345,10.770476795895272,10.450583572185565,0.3198932237097072
346,10.770476795895272,10.450583572185565,0.3198932237097072
347,10.770476795895272,10.450583572185565,0.3198932237097072
348,10.770476795895272,10.450583572185565,0.3198932237097072
349,10.770476795895272,10.450583572185565,0.3198932237097072
350,10.770476795895272,10.450583572185565,0.3198932237097072
351,10.770476795895272,10.450583572185565,0.3198932237097072
352,10.770476795895272,10.450583572185565,0.3198932237097072
353,10.770476795895272,10.450583572185565,0.3198932237097072
354,10.770476795895272,10.450583572185565,0.3198932237097072
355,10.770476795895272,10.450583572185565,0.3198932237097072
356,10.770476795895272,10.450583572185565,0.3198932237097072
357,10.770476795895272,10.450583572185565,0.3198932237097072
358,10.770476795895272,10.450583572185565,0.3198932237097072
359,10.770476795895272,10.450583572185565,0.3198932237097072
360,10.770476795895272,10.450583572185565,0.3198932237097072
361,10.770476795895272,10.450583572185565,0.3198932237097072
362,10.770476795895272,10.450583572185565,0.3198932237097072
363,10.770476795895272,10.450583572185565,0.3198932237097072
364,10.770476795895272,10.450583572185565,0.3198932237097072
365,10.770476795895272,10.450583572185565,0.3198932237097072
366,10.770476795895272,10.450583572185565,0.3198932237097072
367,10.770476795895272,10.450583572185565,0.3198932237097072
368,10.770476795895272,10.450583572185565,0.3198932237097072
369,10.770476795895272,10.450583572185565,0.3198932237097072
370,10.770476795895272,10.450583572185565,0.3198932237097072
371,10.770476795895272,10.450583572185565,0.3198932237097072
372,10.770476795895272,10.450583572185565,0.3198932237097072
373,10.770476795895272,10.450583572185565,0.3198932237097072
374,10.770476795895272,10.450583572185565,0.3198932237097072
375,10.770476795895272,10.450583572185565,0.3198932237097072
376,10.770476795895272,10.450583572185565,0.3198932237097072
377,10.770476795895272,10.450583572185565,0.3198932237097072
378,10.770476795895272,10.450583572185565,0.3198932237097072
379,10.770476795895272,10.450583572185565,0.3198932237097072
380,10.770476795895272,10.450583572185565,0.3198932237097072
381,10.770476795895272,10.450583572185565,0.3198932237097072
382,10.770476795895272,10.450583572185565,0.3198932237097072
383,10.770476795895272,10.450583572185565,0.3198932237097072
384,10.770476795895272,10.450583572185565,0.3198932237097072
385,10.770476795895272,10.450583572185565,0.3198932237097072
386,10.770476795895272,10.450583572185565,0.3198932237097072
387,10.770476795895272,10.450583572185565,0.3198932237097072
388,10.770476795895272,10.450583572185565,0.3198932237097072
389,10.770476795895272,10.450583572185565,0.3198932237097072
390,10.770476795895272,10.450583572185565,0.3198932237097072
391,10.770476795895272,10.450583572185565,0.3198932237097072
392,10.770476795895272,10.450583572185565,0.3198932237097072
393,10.770476795895272,10.450583572185565,0.3198932237097072
394,10.770476795895272,10.450583572185565,0.3198932237097072
395,10.770476795895272,10.450583572185565,0.3198932237097072
396,10.770476795895272,10.450583572185565,0.3198932237097072
397,10.770476795895272,10.450583572185565,0.3198932237097072
398,10.770476795895272,10.450583572185565,0.3198932237097072
399,10.770476795895272,10.450583572185565,0.3198932237097072
400,10.770476795895272,10.450583572185565,0.3198932237097072
401,10.770476795895272,10.450583572185565,0.3198932237097072
402,10.770476795895272,10.450583572185565,0.3198932237097072
403,10.770476795895272,10.450583572185565,0.3198932237097072
404,10.770476795895272,10.450583572185565,0.3198932237097072
405,10.770476795895272,10.450583572185565,0.3198932237097072
406,10.770476795895272,10.450583572185565,0.3198932237097072
407,10.770476795895272,10.450583572185565,0.3198932237097072
408,10.770476795895272,10.450583572185565,0.3198932237097072
409,10.770476795895272,10.450583572185565,0.3198932237097072
410,10.770476795895272,10.450583572185565,0.3198932237097072
411,10.770476795895272,10.450583572185565,0.3198932237097072
412,10.770476795895272,10.450583572185565,0.3198932237097072
413,10.770476795895272,10.450583572185565,0.3198932237097072
414,10.770476795895272,10.450583572185565,0.3198932237097072
415,10.770476795895272,10.450583572185565,0.3198932237097072
416,10.770476795895272,10.450583572185565,0.3198932237097072
417,10.770476795895272,10.450583572185565,0.3198932237097072
418,10.770476795895272,10.450583572185565,0.3198932237097072
419,10.770476795895272,10.450583572185565,0.3198932237097072
420,10.770476795895272,10.450583572185565,0.3198932237097072
421,10.770476795895272,10.450583572185565,0.3198932237097072
422,10.770476795895272,10.450583572185565,0.3198932237097072
423,10.770476795895272,10.450583572185565,0.3198932237097072
424,10.770476795895272,10.450583572185565,0.3198932237097072
425,10.770476795895272,10.450583572185565,0.3198932237097072
426,10.770476795895272,10.450583572185565,0.3198932237097072
427,10.770476795895272,10.450583572185565,0.3198932237097072
428,10.770476795895272,10.450583572185565,0.3198932237097072
429,10.770476795895272,10.450583572185565,0.3198932237097072
430,10.770476795895272,10.450583572185565,0.3198932237097072
431,10.770476795895272,10.450583572185565,0.3198932237097072
432,10.770476795895272,10.450583572185565,0.3198932237097072
433,10.770476795895272,10.450583572185565,0.3198932237097072
434,10.770476795895272,10.450583572185565,0.3198932237097072
435,10.770476795895272,10.450583572185565,0.3198932237097072
436,10.770476795895272,10.450583572185565,0.3198932237097072
437,10.770476795895272,10.450583572185565,0.3198932237097072
438,10.770476795895272,10.450583572185565,0.3198932237097072
439,10.770476795895272,10.450583572185565,0.3198932237097072
440,10.770476795895272,10.450583572185565,0.3198932237097072
441,10.770476795895272,10.450583572185565,0.3198932237097072
442,10.770476795895272,10.450583572185565,0.3198932237097072
443,10.770476795895272,10.450583572185565,0.3198932237097072
444,10.770476795895272,10.450583572185565,0.3198932237097072
445,10.770476795895272,10.450583572185565,0.3198932237097072
446,10.770476795895272,10.450583572185565,0.3198932237097072
447,10.770476795895272,10.450583572185565,0.3198932237097072
448,10.770476795895272,10.450583572185565,0.3198932237097072
449,10.770476795895272,10.450583572185565,0.3198932237097072
450,10.770476795895272,10.450583572185565,0.3198932237097072
451,10.770476795895272,10.450583572185565,0.3198932237097072
452,10.770476795895272,10.450583572185565,0.3198932237097072
453,10.770476795895272,10.450583572185565,0.3198932237097072
454,10.770476795895272,10.450583572185565,0.3198932237097072
455,10.770476795895272,10.450583572185565,0.3198932237097072
456,10.770476795895272,10.450583572185565,0.3198932237097072
457,10.770476795895272,10.450583572185565,0.3198932237097072
458,10.770476795895272,10.450583572185565,0.3198932237097072
459,10.770476795895272,10.450583572185565,0.3198932237097072
460,10.770476795895272,10.450583572185565,0.3198932237097072
461,10.770476795895272,10.450583572185565,0.3198932237097072
462,10.770476795895272,10.450583572185565,0.3198932237097072
463,10.770476795895272,10.450583572185565,0.3198932237097072
464,10.770476795895272,10.450583572185565,0.3198932237097072
465,10.770476795895272,10.450583572185565,0.3198932237097072
466,10.770476795895272,10.450583572185565,0.3198932237097072
467,10.770476795895272,10.450583572185565,0.3198932237097072
468,10.770476795895272,10.450583572185565,0.3198932237097072
469,10.770476795895272,10.450583572185565,0.3198932237097072
470,10.770476795895272,10.450583572185565,0.3198932237097072
471,10.770476795895272,10.450583572185565,0.3198932237097072
472,10.770476795895272,10.450583572185565,0.3198932237097072
473,10.770476795895272,10.450583572185565,0.3198932237097072
474,10.770476795895272,10.450583572185565,0.3198932237097072
475,10.770476795895272,10.450583572185565,0.3198932237097072
476,10.770476795895272,10.450583572185565,0.3198932237097072
477,10.770476795895272,10.450583572185565,0.3198932237097072
478,10.770476795895272,10.450583572185565,0.3198932237097072
479,10.770476795895272,10.450583572185565,0.3198932237097072
480,10.770476795895272,10.450583572185565,0.3198932237097072
481,10.770476795895272,10.450583572185565,0.3198932237097072
482,10.770476795895272,10.450583572185565,0.3198932237097072
483,10.770476795895272,10.450583572185565,0.3198932237097072
484,10.770476795895272,10.450583572185565,0.3198932237097072
485,10.770476795895272,10.450583572185565,0.3198932237097072
486,10.770476795895272,10.450583572185565,0.3198932237097072
487,10.770476795895272,10.450583572185565,0.3198932237097072
488,10.770476795895272,10.450583572185565,0.3198932237097072
489,10.770476795895272,10.450583572185565,0.3198932237097072
490,10.770476795895272,10.450583572185565,0.3198932237097072
491,10.770476795895272,10.450583572185565,0.3198932237097072
492,10.770476795895272,10.450583572185565,0.3198932237097072
493,10.770476795895272,10.450583572185565,0.3198932237097072
494,10.770476795895272,10.450583572185565,0.3198932237097072
495,10.770476795895272,10.450583572185565,0.3198932237097072
496,10.770476795895272,10.450583572185565,0.3198932237097072
497,10.770476795895272,10.450583572185565,0.3198932237097072
498,10.770476795895272,10.450583572185565,0.3198932237097072
499,10.770476795895272,10.450583572185565,0.3198932237097072
500,10.770476795895272,10.450583572185565,0.3198932237097072
501,10.770476795895272,10.450583572185565,0.3198932237097072
502,10.770476795895272,10.450583572185565,0.3198932237097072
503,10.770476795895272,10.450583572185565,0.3198932237097072
504,10.770476795895272,10.450583572185565,0.3198932237097072
505,10.770476795895272,10.450583572185565,0.3198932237097072
506,10.770476795895272,10.450583572185565,0.3198932237097072
507,10.770476795895272,10.450583572185565,0.3198932237097072
508,10.770476795895272,10.450583572185565,0.3198932237097072
509,10.770476795895272,10.450583572185565,0.3198932237097072
510,10.770476795895272,10.450583572185565,0.3198932237097072
511,10.770476795895272,10.450583572185565,0.3198932237097072
512,10.770476795895272,10.450583572185565,0.3198932237097072
513,10.770476795895272,10.450583572185565,0.3198932237097072
514,10.770476795895272,10.450583572185565,0.3198932237097072
515,10.770476795895272,10.450583572185565,0.3198932237097072
516,10.770476795895272,10.450583572185565,0.3198932237097072
517,10.770476795895272,10.450583572185565,0.3198932237097072
518,10.770476795895272,10.450583572185565,0.3198932237097072
519,10.770476795895272,10.450583572185565,0.3198932237097072
520,10.770476795895272,10.450583572185565,0.3198932237097072
521,10.770476795895272,10.450583572185565,0.3198932237097072
522,10.770476795895272,10.450583572185565,0.3198932237097072
523,10.770476795895272,10.450583572185565,0.3198932237097072
524,10.770476795895272,10.450583572185565,0.3198932237097072
525,10.770476795895272,10.450583572185565,0.3198932237097072
526,10.770476795895272,10.450583572185565,0.3198932237097072
527,10.770476795895272,10.450583572185565,0.3198932237097072
528,10.770476795895272,10.450583572185565,0.3198932237097072
529,10.770476795895272,10.450583572185565,0.3198932237097072
530,10.770476795895272,10.450583572185565,0.3198932237097072
531,10.770476795895272,10.450583572185565,0.3198932237097072
532,10.770476795895272,10.450583572185565,0.3198932237097072
533,10.770476795895272,10.450583572185565,0.3198932237097072
534,10.770476795895272,10.450583572185565,0.3198932237097072
535,10.770476795895272,10.450583572185565,0.3198932237097072
536,10.770476795895272,10.450583572185565,0.3198932237097072
537,10.770476795895272,10.450583572185565,0.3198932237097072
538,10.770476795895272,10.450583572185565,0.3198932237097072
539,10.770476795895272,10.450583572185565,0.3198932237097072
540,10.770476795895272,10.450583572185565,0.3198932237097072
541,10.770476795895272,10.450583572185565,0.3198932237097072
542,10.770476795895272,10.450583572185565,0.3198932237097072
543,10.770476795895272,10.450583572185565,0.3198932237097072
544,10.770476795895272,10.450583572185565,0.3198932237097072
545,10.770476795895272,10.450583572185565,0.3198932237097072
546,10.770476795895272,10.450583572185565,0.3198932237097072
547,10.770476795895272,10.450583572185565,0.3198932237097072
548,10.770476795895272,10.450583572185565,0.3198932237097072
549,10.770476795895272,10.450583572185565,0.3198932237097072
550,10.770476795895272,10.450583572185565,0.3198932237097072
551,10.770476795895272,10.450583572185565,0.3198932237097072
552,10.770476795895272,10.450583572185565,0.3198932237097072
553,10.770476795895272,10.450583572185565,0.3198932237097072
554,10.770476795895272,10.450583572185565,0.3198932237097072
555,10.770476795895272,10.450583572185565,0.3198932237097072
556,10.770476795895272,10.450583572185565,0.3198932237097072
557,10.770476795895272,10.450583572185565,0.3198932237097072
558,10.770476795895272,10.450583572185565,0.3198932237097072
559,10.770476795895272,10.450583572185565,0.3198932237097072
560,10.770476795895272,10.450583572185565,0.3198932237097072
561,10.770476795895272,10.450583572185565,0.3198932237097072
562,10.770476795895272,10.450583572185565,0.3198932237097072
563,10.770476795895272,10.450583572185565,0.3198932237097072
564,10.770476795895272,10.450583572185565,0.3198932237097072
565,10.770476795895272,10.450583572185565,0.3198932237097072
566,10.770476795895272,10.450583572185565,0.3198932237097072
567,10.770476795895272,10.450583572185565,0.3198932237097072
568,10.770476795895272,10.450583572185565,0.3198932237097072
569,10.770476795895272,10.450583572185565,0.3198932237097072
570,10.770476795895272,10.450583572185565,0.3198932237097072
571,10.770476795895272,10.450583572185565,0.3198932237097072
572,10.770476795895272,10.450583572185565,0.3198932237097072
573,10.770476795895272,10.450583572185565,0.3198932237097072
574,10.770476795895272,10.450583572185565,0.3198932237097072
575,10.770476795895272,10.450583572185565,0.3198932237097072
576,10.770476795895272,10.450583572185565,0.3198932237097072
577,10.770476795895272,10.450583572185565,0.3198932237097072
578,10.770476795895272,10.450583572185565,0.3198932237097072
579,10.770476795895272,10.450583572185565,0.3198932237097072
580,10.770476795895272,10.450583572185565,0.3198932237097072
581,10.770476795895272,10.450583572185565,0.3198932237097072
582,10.770476795895272,10.450583572185565,0.3198932237097072
583,10.770476795895272,10.450583572185565,0.3198932237097072
584,10.770476795895272,10.450583572185565,0.3198932237097072
585,10.770476795895272,10.450583572185565,0.3198932237097072
586,10.770476795895272,10.450583572185565,0.3198932237097072
587,10.770476795895272,10.450583572185565,0.3198932237097072
588,10.770476795895272,10.450583572185565,0.3198932237097072
589,10.770476795895272,10.450583572185565,0.3198932237097072
590,10.770476795895272,10.450583572185565,0.3198932237097072
591,10.770476795895272,10.450583572185565,0.3198932237097072
592,10.770476795895272,10.450583572185565,0.3198932237097072
593,10.770476795895272,10.450583572185565,0.3198932237097072
594,10.770476795895272,10.450583572185565,0.3198932237097072
595,10.770476795895272,10.450583572185565,0.3198932237097072
596,10.770476795895272,10.450583572185565,0.3198932237097072
597,10.770476795895272,10.450583572185565,0.3198932237097072
598,10.770476795895272,10.450583572185565,0.3198932237097072
599,10.770476795895272,10.450583572185565,0.3198932237097072
600,10.770476795895272,10.450583572185565,0.3198932237097072
601,10.770476795895272,10.450583572185565,0.3198932237097072
602,10.770476795895272,10.450583572185565,0.3198932237097072
603,10.770476795895272,10.450583572185565,0.3198932237097072
604,10.770476795895272,10.450583572185565,0.3198932237097072
605,10.770476795895272,10.450583572185565,0.3198932237097072
606,10.770476795895272,10.450583572185565,0.3198932237097072
607,10.770476795895272,10.450583572185565,0.3198932237097072
608,10.770476795895272,10.450583572185565,0.3198932237097072
609,10.770476795895272,10.450583572185565,0.3198932237097072
610,10.770476795895272,10.450583572185565,0.3198932237097072
611,10.770476795895272,10.450583572185565,0.3198932237097072
612,10.770476795895272,10.450583572185565,0.3198932237097072
613,10.770476795895272,10.450583572185565,0.3198932237097072
614,10.770476795895272,10.450583572185565,0.3198932237097072
615,10.770476795895272,10.450583572185565,0.3198932237097072
616,10.770476795895272,10.450583572185565,0.3198932237097072
617,10.770476795895272,10.450583572185565,0.3198932237097072
618,10.770476795895272,10.450583572185565,0.3198932237097072
619,10.770476795895272,10.450583572185565,0.3198932237097072
620,10.770476795895272,10.450583572185565,0.3198932237097072
621,10.770476795895272,10.450583572185565,0.3198932237097072
622,10.770476795895272,10.450583572185565,0.3198932237097072
623,10.770476795895272,10.450583572185565,0.3198932237097072
624,10.770476795895272,10.450583572185565,0.3198932237097072
625,10.770476795895272,10.450583572185565,0.3198932237097072
626,10.770476795895272,10.450583572185565,0.3198932237097072
627,10.770476795895272,10.450583572185565,0.3198932237097072
628,10.770476795895272,10.450583572185565,0.3198932237097072
629,10.770476795895272,10.450583572185565,0.3198932237097072
630,10.770476795895272,10.450583572185565,0.3198932237097072
631,10.770476795895272,10.450583572185565,0.3198932237097072
632,10.770476795895272,10.450583572185565,0.3198932237097072
633,10.770476795895272,10.450583572185565,0.3198932237097072
634,10.770476795895272,10.450583572185565,0.3198932237097072
635,10.770476795895272,10.450583572185565,0.3198932237097072
636,10.770476795895272,10.450583572185565,0.3198932237097072
637,10.770476795895272,10.450583572185565,0.3198932237097072
638,10.770476795895272,10.450583572185565,0.3198932237097072
639,10.770476795895272,10.450583572185565,0.3198932237097072
640,10.770476795895272,10.450583572185565,0.3198932237097072
641,10.770476795895272,10.450583572185565,0.3198932237097072
642,10.770476795895272,10.450583572185565,0.3198932237097072
643,10.770476795895272,10.450583572185565,0.3198932237097072
644,10.770476795895272,10.450583572185565,0.3198932237097072
645,10.770476795895272,10.450583572185565,0.3198932237097072
646,10.770476795895272,10.450583572185565,0.3198932237097072
647,10.770476795895272,10.450583572185565,0.3198932237097072
648,10.770476795895272,10.450583572185565,0.3198932237097072
649,10.770476795895272,10.450583572185565,0.3198932237097072
650,10.770476795895272,10.450583572185565,0.3198932237097072
651,10.770476795895272,10.450583572185565,0.3198932237097072
652,10.770476795895272,10.450583572185565,0.3198932237097072
653,10.770476795895272,10.450583572185565,0.3198932237097072
654,10.770476795895272,10.450583572185565,0.3198932237097072
655,10.770476795895272,10.450583572185565,0.3198932237097072
656,10.770476795895272,10.450583572185565,0.3198932237097072
657,10.770476795895272,10.450583572185565,0.3198932237097072
658,10.770476795895272,10.450583572185565,0.3198932237097072
659,10.770476795895272,10.450583572185565,0.3198932237097072
660,10.770476795895272,10.450583572185565,0.3198932237097072
661,10.770476795895272,10.450583572185565,0.3198932237097072
662,10.770476795895272,10.450583572185565,0.3198932237097072
663,10.770476795895272,10.450583572185565,0.3198932237097072
664,10.770476795895272,10.450583572185565,0.3198932237097072
665,10.770476795895272,10.450583572185565,0.3198932237097072
666,10.770476795895272,10.450583572185565,0.3198932237097072
667,10.770476795895272,10.450583572185565,0.3198932237097072
668,10.770476795895272,10.450583572185565,0.3198932237097072
669,10.770476795895272,10.450583572185565,0.3198932237097072
670,10.770476795895272,10.450583572185565,0.3198932237097072
671,10.770476795895272,10.450583572185565,0.3198932237097072
672,10.770476795895272,10.450583572185565,0.3198932237097072
673,10.770476795895272,10.450583572185565,0.3198932237097072
674,10.770476795895272,10.450583572185565,0.3198932237097072
675,10.770476795895272,10.450583572185565,0.3198932237097072
676,10.770476795895272,10.450583572185565,0.3198932237097072
677,10.770476795895272,10.450583572185565,0.3198932237097072
678,10.770476795895272,10.450583572185565,0.3198932237097072
679,10.770476795895272,10.450583572185565,0.3198932237097072
680,10.770476795895272,10.450583572185565,0.3198932237097072
681,10.770476795895272,10.450583572185565,0.3198932237097072
682,10.770476795895272,10.450583572185565,0.3198932237097072
683,10.770476795895272,10.450583572185565,0.3198932237097072
684,10.770476795895272,10.450583572185565,0.3198932237097072
685,10.770476795895272,10.450583572185565,0.3198932237097072
686,10.770476795895272,10.450583572185565,0.3198932237097072
687,10.770476795895272,10.450583572185565,0.3198932237097072
688,10.770476795895272,10.450583572185565,0.3198932237097072
689,10.770476795895272,10.450583572185565,0.3198932237097072
690,10.770476795895272,10.450583572185565,0.3198932237097072
691,10.770476795895272,10.450583572185565,0.3198932237097072
692,10.770476795895272,10.450583572185565,0.3198932237097072
693,10.770476795895272,10.450583572185565,0.3198932237097072
694,10.770476795895272,10.450583572185565,0.3198932237097072
695,10.770476795895272,10.450583572185565,0.3198932237097072
696,10.770476795895272,10.450583572185565,0.3198932237097072
697,10.770476795895272,10.450583572185565,0.3198932237097072
698,10.770476795895272,10.450583572185565,0.3198932237097072
699,10.770476795895272,10.450583572185565,0.3198932237097072
700,10.770476795895272,10.450583572185565,0.3198932237097072
701,10.770476795895272,10.450583572185565,0.3198932237097072
702,10.770476795895272,10.450583572185565,0.3198932237097072
703,10.770476795895272,10.450583572185565,0.3198932237097072
704,10.770476795895272,10.450583572185565,0.3198932237097072
705,10.770476795895272,10.450583572185565,0.3198932237097072
706,10.770476795895272,10.450583572185565,0.3198932237097072
707,10.770476795895272,10.450583572185565,0.3198932237097072
708,10.770476795895272,10.450583572185565,0.3198932237097072
709,10.770476795895272,10.450583572185565,0.3198932237097072
710,10.770476795895272,10.450583572185565,0.3198932237097072
711,10.770476795895272,10.450583572185565,0.3198932237097072
712,10.770476795895272,10.450583572185565,0.3198932237097072
713,10.770476795895272,10.450583572185565,0.3198932237097072
714,10.770476795895272,10.450583572185565,0.3198932237097072
715,10.770476795895272,10.450583572185565,0.3198932237097072
716,10.770476795895272,10.450583572185565,0.3198932237097072
717,10.770476795895272,10.450583572185565,0.3198932237097072
718,10.770476795895272,10.450583572185565,0.3198932237097072
719,10.770476795895272,10.450583572185565,0.3198932237097072
720,10.770476795895272,10.450583572185565,0.3198932237097072
721,10.770476795895272,10.450583572185565,0.3198932237097072
722,10.770476795895272,10.450583572185565,0.3198932237097072
723,10.770476795895272,10.450583572185565,0.3198932237097072
724,10.770476795895272,10.450583572185565,0.3198932237097072
725,10.770476795895272,10.450583572185565,0.3198932237097072
726,10.770476795895272,10.450583572185565,0.3198932237097072
727,10.770476795895272,10.450583572185565,0.3198932237097072
728,10.770476795895272,10.450583572185565,0.3198932237097072
729,10.770476795895272,10.450583572185565,0.3198932237097072
730,10.770476795895272,10.450583572185565,0.3198932237097072
731,10.770476795895272,10.450583572185565,0.3198932237097072
732,10.770476795895272,10.450583572185565,0.3198932237097072
733,10.770476795895272,10.450583572185565,0.3198932237097072
734,10.770476795895272,10.450583572185565,0.3198932237097072
735,10.770476795895272,10.450583572185565,0.3198932237097072
736,10.770476795895272,10.450583572185565,0.3198932237097072
737,10.770476795895272,10.450583572185565,0.3198932237097072
738,10.770476795895272,10.450583572185565,0.3198932237097072
739,10.770476795895272,10.450583572185565,0.3198932237097072
740,10.770476795895272,10.450583572185565,0.3198932237097072
741,10.770476795895272,10.450583572185565,0.3198932237097072
742,10.770476795895272,10.450583572185565,0.3198932237097072
743,10.770476795895272,10.450583572185565,0.3198932237097072
744,10.770476795895272,10.450583572185565,0.3198932237097072
745,10.770476795895272,10.450583572185565,0.3198932237097072
746,10.770476795895272,10.450583572185565,0.3198932237097072
747,10.770476795895272,10.450583572185565,0.3198932237097072
748,10.770476795895272,10.450583572185565,0.3198932237097072
749,10.770476795895272,10.450583572185565,0.3198932237097072
750,10.770476795895272,10.450583572185565,0.3198932237097072
751,10.770476795895272,10.450583572185565,0.3198932237097072
752,10.770476795895272,10.450583572185565,0.3198932237097072
753,10.770476795895272,10.450583572185565,0.3198932237097072
754,10.770476795895272,10.450583572185565,0.3198932237097072
755,10.770476795895272,10.450583572185565,0.3198932237097072
756,10.770476795895272,10.450583572185565,0.3198932237097072
757,10.770476795895272,10.450583572185565,0.3198932237097072
758,10.770476795895272,10.450583572185565,0.3198932237097072
759,10.770476795895272,10.450583572185565,0.3198932237097072
760,10.770476795895272,10.450583572185565,0.3198932237097072
761,10.770476795895272,10.450583572185565,0.3198932237097072
762,10.770476795895272,10.450583572185565,0.3198932237097072
763,10.770476795895272,10.450583572185565,0.3198932237097072
764,10.770476795895272,10.450583572185565,0.3198932237097072
765,10.770476795895272,10.450583572185565,0.3198932237097072
766,10.770476795895272,10.450583572185565,0.3198932237097072
767,10.770476795895272,10.450583572185565,0.3198932237097072
768,10.770476795895272,10.450583572185565,0.3198932237097072
769,10.770476795895272,10.450583572185565,0.3198932237097072
770,10.770476795895272,10.450583572185565,0.3198932237097072
771,10.770476795895272,10.450583572185565,0.3198932237097072
772,10.770476795895272,10.450583572185565,0.3198932237097072
773,10.770476795895272,10.450583572185565,0.3198932237097072
774,10.770476795895272,10.450583572185565,0.3198932237097072
775,10.770476795895272,10.450583572185565,0.3198932237097072
776,10.770476795895272,10.450583572185565,0.3198932237097072
777,10.770476795895272,10.450583572185565,0.3198932237097072
778,10.770476795895272,10.450583572185565,0.3198932237097072
779,10.770476795895272,10.450583572185565,0.3198932237097072
780,10.770476795895272,10.450583572185565,0.3198932237097072
781,10.770476795895272,10.450583572185565,0.3198932237097072
782,10.770476795895272,10.450583572185565,0.3198932237097072
783,10.770476795895272,10.450583572185565,0.3198932237097072
784,10.770476795895272,10.450583572185565,0.3198932237097072
785,10.770476795895272,10.450583572185565,0.3198932237097072
786,10.770476795895272,10.450583572185565,0.3198932237097072
787,10.770476795895272,10.450583572185565,0.3198932237097072
788,10.770476795895272,10.450583572185565,0.3198932237097072
789,10.770476795895272,10.450583572185565,0.3198932237097072
790,10.770476795895272,10.450583572185565,0.3198932237097072
791,10.770476795895272,10.450583572185565,0.3198932237097072
792,10.770476795895272,10.450583572185565,0.3198932237097072
793,10.770476795895272,10.450583572185565,0.3198932237097072
794,10.770476795895272,10.450583572185565,0.3198932237097072
795,10.770476795895272,10.450583572185565,0.3198932237097072
796,10.770476795895272,10.450583572185565,0.3198932237097072
797,10.770476795895272,10.450583572185565,0.3198932237097072
798,10.770476795895272,10.450583572185565,0.3198932237097072
799,10.770476795895272,10.450583572185565,0.3198932237097072
800,10.770476795895272,10.450583572185565,0.3198932237097072
801,10.770476795895272,10.450583572185565,0.3198932237097072
802,10.770476795895272,10.450583572185565,0.3198932237097072
803,10.770476795895272,10.450583572185565,0.3198932237097072
804,10.770476795895272,10.450583572185565,0.3198932237097072
805,10.770476795895272,10.450583572185565,0.3198932237097072
806,10.770476795895272,10.450583572185565,0.3198932237097072
807,10.770476795895272,10.450583572185565,0.3198932237097072
808,10.770476795895272,10.450583572185565,0.3198932237097072
809,10.770476795895272,10.450583572185565,0.3198932237097072
810,10.770476795895272,10.450583572185565,0.3198932237097072
811,10.770476795895272,10.450583572185565,0.3198932237097072
812,10.770476795895272,10.450583572185565,0.3198932237097072
813,10.770476795895272,10.450583572185565,0.3198932237097072
814,10.770476795895272,10.450583572185565,0.3198932237097072
815,10.770476795895272,10.450583572185565,0.3198932237097072
816,10.770476795895272,10.450583572185565,0.3198932237097072
817,10.770476795895272,10.450583572185565,0.3198932237097072
818,10.770476795895272,10.450583572185565,0.3198932237097072
819,10.770476795895272,10.450583572185565,0.3198932237097072
820,10.770476795895272,10.450583572185565,0.3198932237097072
821,10.770476795895272,10.450583572185565,0.3198932237097072
822,10.770476795895272,10.450583572185565,0.3198932237097072
823,10.770476795895272,10.450583572185565,0.3198932237097072
824,10.770476795895272,10.450583572185565,0.3198932237097072
825,10.770476795895272,10.450583572185565,0.3198932237097072
826,10.770476795895272,10.450583572185565,0.3198932237097072
827,10.770476795895272,10.450583572185565,0.3198932237097072
828,10.770476795895272,10.450583572185565,0.3198932237097072
829,10.770476795895272,10.450583572185565,0.3198932237097072
830,10.770476795895272,10.450583572185565,0.3198932237097072
831,10.770476795895272,10.450583572185565,0.3198932237097072
832,10.770476795895272,10.450583572185565,0.3198932237097072
833,10.770476795895272,10.450583572185565,0.3198932237097072
834,10.770476795895272,10.450583572185565,0.3198932237097072
835,10.770476795895272,10.450583572185565,0.3198932237097072
836,10.770476795895272,10.450583572185565,0.3198932237097072
837,10.770476795895272,10.450583572185565,0.3198932237097072
838,10.770476795895272,10.450583572185565,0.3198932237097072
839,10.770476795895272,10.450583572185565,0.3198932237097072
840,10.770476795895272,10.450583572185565,0.3198932237097072
841,10.770476795895272,10.450583572185565,0.3198932237097072
842,10.770476795895272,10.450583572185565,0.3198932237097072
843,10.770476795895272,10.450583572185565,0.3198932237097072
844,10.770476795895272,10.450583572185565,0.3198932237097072
845,10.770476795895272,10.450583572185565,0.3198932237097072
846,10.770476795895272,10.450583572185565,0.3198932237097072
847,10.770476795895272,10.450583572185565,0.3198932237097072
848,10.770476795895272,10.450583572185565,0.3198932237097072
849,10.770476795895272,10.450583572185565,0.3198932237097072
850,10.770476795895272,10.450583572185565,0.3198932237097072
851,10.770476795895272,10.450583572185565,0.3198932237097072
852,10.770476795895272,10.450583572185565,0.3198932237097072
853,10.770476795895272,10.450583572185565,0.3198932237097072
854,10.770476795895272,10.450583572185565,0.3198932237097072
855,10.770476795895272,10.450583572185565,0.3198932237097072
856,10.770476795895272,10.450583572185565,0.3198932237097072
857,10.770476795895272,10.450583572185565,0.3198932237097072
858,10.770476795895272,10.450583572185565,0.3198932237097072
859,10.770476795895272,10.450583572185565,0.3198932237097072
860,10.770476795895272,10.450583572185565,0.3198932237097072
861,10.770476795895272,10.450583572185565,0.3198932237097072
862,10.770476795895272,10.450583572185565,0.3198932237097072
863,10.770476795895272,10.450583572185565,0.3198932237097072
864,10.770476795895272,10.450583572185565,0.3198932237097072
865,10.770476795895272,10.450583572185565,0.3198932237097072
866,10.770476795895272,10.450583572185565,0.3198932237097072
867,10.770476795895272,10.450583572185565,0.3198932237097072
868,10.770476795895272,10.450583572185565,0.3198932237097072
869,10.770476795895272,10.450583572185565,0.3198932237097072
870,10.770476795895272,10.450583572185565,0.3198932237097072
871,10.770476795895272,10.450583572185565,0.3198932237097072
872,10.770476795895272,10.450583572185565,0.3198932237097072
873,10.770476795895272,10.450583572185565,0.3198932237097072
874,10.770476795895272,10.450583572185565,0.3198932237097072
875,10.770476795895272,10.450583572185565,0.3198932237097072
876,10.770476795895272,10.450583572185565,0.3198932237097072
877,10.770476795895272,10.450583572185565,0.3198932237097072
878,10.770476795895272,10.450583572185565,0.3198932237097072
879,10.770476795895272,10.450583572185565,0.3198932237097072
880,10.770476795895272,10.450583572185565,0.3198932237097072
881,10.770476795895272,10.450583572185565,0.3198932237097072
882,10.770476795895272,10.450583572185565,0.3198932237097072
883,10.770476795895272,10.450583572185565,0.3198932237097072
884,10.770476795895272,10.450583572185565,0.3198932237097072
885,10.770476795895272,10.450583572185565,0.3198932237097072
886,10.770476795895272,10.450583572185565,0.3198932237097072
887,10.770476795895272,10.450583572185565,0.3198932237097072
888,10.770476795895272,10.450583572185565,0.3198932237097072
889,10.770476795895272,10.450583572185565,0.3198932237097072
890,10.770476795895272,10.450583572185565,0.3198932237097072
891,10.770476795895272,10.450583572185565,0.3198932237097072
892,10.770476795895272,10.450583572185565,0.3198932237097072
893,10.770476795895272,10.450583572185565,0.3198932237097072
894,10.770476795895272,10.450583572185565,0.3198932237097072
895,10.770476795895272,10.450583572185565,0.3198932237097072
896,10.770476795895272,10.450583572185565,0.3198932237097072
897,10.770476795895272,10.450583572185565,0.3198932237097072
898,10.770476795895272,10.450583572185565,0.3198932237097072
899,10.770476795895272,10.450583572185565,0.3198932237097072
900,10.770476795895272,10.450583572185565,0.3198932237097072
901,10.770476795895272,10.450583572185565,0.3198932237097072
902,10.770476795895272,10.450583572185565,0.3198932237097072
903,10.770476795895272,10.450583572185565,0.3198932237097072
904,10.770476795895272,10.450583572185565,0.3198932237097072
905,10.770476795895272,10.450583572185565,0.3198932237097072
906,10.770476795895272,10.450583572185565,0.3198932237097072
907,10.770476795895272,10.450583572185565,0.3198932237097072
908,10.770476795895272,10.450583572185565,0.3198932237097072
909,10.770476795895272,10.450583572185565,0.3198932237097072
910,10.770476795895272,10.450583572185565,0.3198932237097072
911,10.770476795895272,10.450583572185565,0.3198932237097072
912,10.770476795895272,10.450583572185565,0.3198932237097072
913,10.770476795895272,10.450583572185565,0.3198932237097072
914,10.770476795895272,10.450583572185565,0.3198932237097072
915,10.770476795895272,10.450583572185565,0.3198932237097072
916,10.770476795895272,10.450583572185565,0.3198932237097072
917,10.770476795895272,10.450583572185565,0.3198932237097072
918,10.770476795895272,10.450583572185565,0.3198932237097072
919,10.770476795895272,10.450583572185565,0.3198932237097072
920,10.770476795895272,10.450583572185565,0.3198932237097072
921,10.770476795895272,10.450583572185565,0.3198932237097072
922,10.770476795895272,10.450583572185565,0.3198932237097072
923,10.770476795895272,10.450583572185565,0.3198932237097072
924,10.770476795895272,10.450583572185565,0.3198932237097072
925,10.770476795895272,10.450583572185565,0.3198932237097072
926,10.770476795895272,10.450583572185565,0.3198932237097072
927,10.770476795895272,10.450583572185565,0.3198932237097072
928,10.770476795895272,10.450583572185565,0.3198932237097072
929,10.770476795895272,10.450583572185565,0.3198932237097072
930,10.770476795895272,10.450583572185565,0.3198932237097072
931,10.770476795895272,10.450583572185565,0.3198932237097072
932,10.770476795895272,10.450583572185565,0.3198932237097072
933,10.770476795895272,10.450583572185565,0.3198932237097072
934,10.770476795895272,10.450583572185565,0.3198932237097072
935,10.770476795895272,10.450583572185565,0.3198932237097072
936,10.770476795895272,10.450583572185565,0.3198932237097072
937,10.770476795895272,10.450583572185565,0.3198932237097072
938,10.770476795895272,10.450583572185565,0.3198932237097072
939,10.770476795895272,10.450583572185565,0.3198932237097072
940,10.770476795895272,10.450583572185565,0.3198932237097072
941,10.770476795895272,10.450583572185565,0.3198932237097072
942,10.770476795895272,10.450583572185565,0.3198932237097072
943,10.770476795895272,10.450583572185565,0.3198932237097072
944,10.770476795895272,10.450583572185565,0.3198932237097072
945,10.770476795895272,10.450583572185565,0.3198932237097072
946,10.770476795895272,10.450583572185565,0.3198932237097072
947,10.770476795895272,10.450583572185565,0.3198932237097072
948,10.770476795895272,10.450583572185565,0.3198932237097072
949,10.770476795895272,10.450583572185565,0.3198932237097072
950,10.770476795895272,10.450583572185565,0.3198932237097072
951,10.770476795895272,10.450583572185565,0.3198932237097072
952,10.770476795895272,10.450583572185565,0.3198932237097072
953,10.770476795895272,10.450583572185565,0.3198932237097072
954,10.770476795895272,10.450583572185565,0.3198932237097072
955,10.770476795895272,10.450583572185565,0.3198932237097072
956,10.770476795895272,10.450583572185565,0.3198932237097072
957,10.770476795895272,10.450583572185565,0.3198932237097072
958,10.770476795895272,10.450583572185565,0.3198932237097072
959,10.770476795895272,10.450583572185565,0.3198932237097072
960,10.770476795895272,10.450583572185565,0.3198932237097072
961,10.770476795895272,10.450583572185565,0.3198932237097072
962,10.770476795895272,10.450583572185565,0.3198932237097072
963,10.770476795895272,10.450583572185565,0.3198932237097072
964,10.770476795895272,10.450583572185565,0.3198932237097072
965,10.770476795895272,10.450583572185565,0.3198932237097072
966,10.770476795895272,10.450583572185565,0.3198932237097072
967,10.770476795895272,10.450583572185565,0.3198932237097072
968,10.770476795895272,10.450583572185565,0.3198932237097072
969,10.770476795895272,10.450583572185565,0.3198932237097072
970,10.770476795895272,10.450583572185565,0.3198932237097072
971,10.770476795895272,10.450583572185565,0.3198932237097072
972,10.770476795895272,10.450583572185565,0.3198932237097072
973,10.770476795895272,10.450583572185565,0.3198932237097072
974,10.770476795895272,10.450583572185565,0.3198932237097072
975,10.770476795895272,10.450583572185565,0.3198932237097072
976,10.770476795895272,10.450583572185565,0.3198932237097072
977,10.770476795895272,10.450583572185565,0.3198932237097072
978,10.770476795895272,10.450583572185565,0.3198932237097072
979,10.770476795895272,10.450583572185565,0.3198932237097072
980,10.770476795895272,10.450583572185565,0.3198932237097072
981,10.770476795895272,10.450583572185565,0.3198932237097072
982,10.770476795895272,10.450583572185565,0.3198932237097072
983,10.770476795895272,10.450583572185565,0.3198932237097072
984,10.770476795895272,10.450583572185565,0.3198932237097072
985,10.770476795895272,10.450583572185565,0.3198932237097072
986,10.770476795895272,10.450583572185565,0.3198932237097072
987,10.770476795895272,10.450583572185565,0.3198932237097072
988,10.770476795895272,10.450583572185565,0.3198932237097072
989,10.770476795895272,10.450583572185565,0.3198932237097072
990,10.770476795895272,10.450583572185565,0.3198932237097072
991,10.770476795895272,10.450583572185565,0.3198932237097072
992,10.770476795895272,10.450583572185565,0.3198932237097072
993,10.770476795895272,10.450583572185565,0.3198932237097072
994,10.770476795895272,10.450583572185565,0.3198932237097072
995,10.770476795895272,10.450583572185565,0.3198932237097072
996,10.770476795895272,10.450583572185565,0.3198932237097072
997,10.770476795895272,10.450583572185565,0.3198932237097072
998,10.770476795895272,10.450583572185565,0.3198932237097072
999,10.770476795895272,10.450583572185565,0.3198932237097072
1000,10.770476795895272,10.450583572185565,0.3198932237097072
1001,10.770476795895272,10.450583572185565,0.3198932237097072
1002,10.770476795895272,10.450583572185565,0.3198932237097072
1003,10.770476795895272,10.450583572185565,0.3198932237097072
1004,10.770476795895272,10.450583572185565,0.3198932237097072
1005,10.770476795895272,10.450583572185565,0.3198932237097072
1006,10.770476795895272,10.450583572185565,0.3198932237097072
1007,10.770476795895272,10.450583572185565,0.3198932237097072
1008,10.770476795895272,10.450583572185565,0.3198932237097072
1009,10.770476795895272,10.450583572185565,0.3198932237097072
1010,10.770476795895272,10.450583572185565,0.3198932237097072
1011,10.770476795895272,10.450583572185565,0.3198932237097072
1012,10.770476795895272,10.450583572185565,0.3198932237097072
1013,10.770476795895272,10.450583572185565,0.3198932237097072
1014,10.770476795895272,10.450583572185565,0.3198932237097072
1015,10.770476795895272,10.450583572185565,0.3198932237097072
1016,10.770476795895272,10.450583572185565,0.3198932237097072
1017,10.770476795895272,10.450583572185565,0.3198932237097072
1018,10.770476795895272,10.450583572185565,0.3198932237097072
1019,10.770476795895272,10.450583572185565,0.3198932237097072
1020,10.770476795895272,10.450583572185565,0.3198932237097072
1021,10.770476795895272,10.450583572185565,0.3198932237097072
1022,10.770476795895272,10.450583572185565,0.3198932237097072
1023,10.770476795895272,10.450583572185565,0.3198932237097072
1024,10.770476795895272,10.450583572185565,0.3198932237097072
1025,10.770476795895272,10.450583572185565,0.3198932237097072
1026,10.770476795895272,10.450583572185565,0.3198932237097072
1027,10.770476795895272,10.450583572185565,0.3198932237097072
1028,10.770476795895272,10.450583572185565,0.3198932237097072
1029,10.770476795895272,10.450583572185565,0.3198932237097072
1030,10.770476795895272,10.450583572185565,0.3198932237097072
1031,10.770476795895272,10.450583572185565,0.3198932237097072
1032,10.770476795895272,10.450583572185565,0.3198932237097072
1033,10.770476795895272,10.450583572185565,0.3198932237097072
1034,10.770476795895272,10.450583572185565,0.3198932237097072
1035,10.770476795895272,10.450583572185565,0.3198932237097072
1036,10.770476795895272,10.450583572185565,0.3198932237097072
1037,10.770476795895272,10.450583572185565,0.3198932237097072
1038,10.770476795895272,10.450583572185565,0.3198932237097072
1039,10.770476795895272,10.450583572185565,0.3198932237097072
1040,10.770476795895272,10.450583572185565,0.3198932237097072
1041,10.770476795895272,10.450583572185565,0.3198932237097072
1042,10.770476795895272,10.450583572185565,0.3198932237097072
1043,10.770476795895272,10.450583572185565,0.3198932237097072
1044,10.770476795895272,10.450583572185565,0.3198932237097072
1045,10.770476795895272,10.450583572185565,0.3198932237097072
1046,10.770476795895272,10.450583572185565,0.3198932237097072
1047,10.770476795895272,10.450583572185565,0.3198932237097072
1048,10.770476795895272,10.450583572185565,0.3198932237097072
1049,10.770476795895272,10.450583572185565,0.3198932237097072
1050,10.770476795895272,10.450583572185565,0.3198932237097072
1051,10.770476795895272,10.450583572185565,0.3198932237097072
1052,10.770476795895272,10.450583572185565,0.3198932237097072
1053,10.770476795895272,10.450583572185565,0.3198932237097072
1054,10.770476795895272,10.450583572185565,0.3198932237097072
1055,10.770476795895272,10.450583572185565,0.3198932237097072
1056,10.770476795895272,10.450583572185565,0.3198932237097072
1057,10.770476795895272,10.450583572185565,0.3198932237097072
1058,10.770476795895272,10.450583572185565,0.3198932237097072
1059,10.770476795895272,10.450583572185565,0.3198932237097072
1060,10.770476795895272,10.450583572185565,0.3198932237097072
1061,10.770476795895272,10.450583572185565,0.3198932237097072
1062,10.770476795895272,10.450583572185565,0.3198932237097072
1063,10.770476795895272,10.450583572185565,0.3198932237097072
1064,10.770476795895272,10.450583572185565,0.3198932237097072
1065,10.770476795895272,10.450583572185565,0.3198932237097072
1066,10.770476795895272,10.450583572185565,0.3198932237097072
1067,10.770476795895272,10.450583572185565,0.3198932237097072
1068,10.770476795895272,10.450583572185565,0.3198932237097072
1069,10.770476795895272,10.450583572185565,0.3198932237097072
1070,10.770476795895272,10.450583572185565,0.3198932237097072
1071,10.770476795895272,10.450583572185565,0.3198932237097072
1072,10.770476795895272,10.450583572185565,0.3198932237097072
1073,10.770476795895272,10.450583572185565,0.3198932237097072
1074,10.770476795895272,10.450583572185565,0.3198932237097072
1075,10.770476795895272,10.450583572185565,0.3198932237097072
1076,10.770476795895272,10.450583572185565,0.3198932237097072
1077,10.770476795895272,10.450583572185565,0.3198932237097072
1078,10.770476795895272,10.450583572185565,0.3198932237097072
1079,10.770476795895272,10.450583572185565,0.3198932237097072
1080,10.770476795895272,10.450583572185565,0.3198932237097072
1081,10.770476795895272,10.450583572185565,0.3198932237097072
1082,10.770476795895272,10.450583572185565,0.3198932237097072
1083,10.770476795895272,10.450583572185565,0.3198932237097072
1084,10.770476795895272,10.450583572185565,0.3198932237097072
1085,10.770476795895272,10.450583572185565,0.3198932237097072
1086,10.770476795895272,10.450583572185565,0.3198932237097072
1087,10.770476795895272,10.450583572185565,0.3198932237097072
1088,10.770476795895272,10.450583572185565,0.3198932237097072
1089,10.770476795895272,10.450583572185565,0.3198932237097072
1090,10.770476795895272,10.450583572185565,0.3198932237097072
1091,10.770476795895272,10.450583572185565,0.3198932237097072
1092,10.770476795895272,10.450583572185565,0.3198932237097072
1093,10.770476795895272,10.450583572185565,0.3198932237097072
1094,10.770476795895272,10.450583572185565,0.3198932237097072
1095,10.770476795895272,10.450583572185565,0.3198932237097072
1096,10.770476795895272,10.450583572185565,0.3198932237097072
1097,10.770476795895272,10.450583572185565,0.3198932237097072
1098,10.770476795895272,10.450583572185565,0.3198932237097072
1099,10.770476795895272,10.450583572185565,0.3198932237097072
1100,10.770476795895272,10.450583572185565,0.3198932237097072
1101,10.770476795895272,10.450583572185565,0.3198932237097072
1102,10.770476795895272,10.450583572185565,0.3198932237097072
1103,10.770476795895272,10.450583572185565,0.3198932237097072
1104,10.770476795895272,10.450583572185565,0.3198932237097072
1105,10.770476795895272,10.450583572185565,0.3198932237097072
1106,10.770476795895272,10.450583572185565,0.3198932237097072
1107,10.770476795895272,10.450583572185565,0.3198932237097072
1108,10.770476795895272,10.450583572185565,0.3198932237097072
1109,10.770476795895272,10.450583572185565,0.3198932237097072
1110,10.770476795895272,10.450583572185565,0.3198932237097072
1111,10.770476795895272,10.450583572185565,0.3198932237097072
1112,10.770476795895272,10.450583572185565,0.3198932237097072
1113,10.770476795895272,10.450583572185565,0.3198932237097072
1114,10.770476795895272,10.450583572185565,0.3198932237097072
1115,10.770476795895272,10.450583572185565,0.3198932237097072
1116,10.770476795895272,10.450583572185565,0.3198932237097072
1117,10.770476795895272,10.450583572185565,0.3198932237097072
1118,10.770476795895272,10.450583572185565,0.3198932237097072
1119,10.770476795895272,10.450583572185565,0.3198932237097072
1120,10.770476795895272,10.450583572185565,0.3198932237097072
1121,10.770476795895272,10.450583572185565,0.3198932237097072
1122,10.770476795895272,10.450583572185565,0.3198932237097072
1123,10.770476795895272,10.450583572185565,0.3198932237097072
1124,10.770476795895272,10.450583572185565,0.3198932237097072
1125,10.770476795895272,10.450583572185565,0.3198932237097072
1126,10.770476795895272,10.450583572185565,0.3198932237097072
1127,10.770476795895272,10.450583572185565,0.3198932237097072
1128,10.770476795895272,10.450583572185565,0.3198932237097072
1129,10.770476795895272,10.450583572185565,0.3198932237097072
1130,10.770476795895272,10.450583572185565,0.3198932237097072
1131,10.770476795895272,10.450583572185565,0.3198932237097072
1132,10.770476795895272,10.450583572185565,0.3198932237097072
1133,10.770476795895272,10.450583572185565,0.3198932237097072
1134,10.770476795895272,10.450583572185565,0.3198932237097072
1135,10.770476795895272,10.450583572185565,0.3198932237097072
1136,10.770476795895272,10.450583572185565,0.3198932237097072
1137,10.770476795895272,10.450583572185565,0.3198932237097072
1138,10.770476795895272,10.450583572185565,0.3198932237097072
1139,10.770476795895272,10.450583572185565,0.3198932237097072
1140,10.770476795895272,10.450583572185565,0.3198932237097072
1141,10.770476795895272,10.450583572185565,0.3198932237097072
1142,10.770476795895272,10.450583572185565,0.3198932237097072
1143,10.770476795895272,10.450583572185565,0.3198932237097072
1144,10.770476795895272,10.450583572185565,0.3198932237097072
1145,10.770476795895272,10.450583572185565,0.3198932237097072
1146,10.770476795895272,10.450583572185565,0.3198932237097072
1147,10.770476795895272,10.450583572185565,0.3198932237097072
1148,10.770476795895272,10.450583572185565,0.3198932237097072
1149,10.770476795895272,10.450583572185565,0.3198932237097072
1150,10.770476795895272,10.450583572185565,0.3198932237097072
1151,10.770476795895272,10.450583572185565,0.3198932237097072
1152,10.770476795895272,10.450583572185565,0.3198932237097072
1153,10.770476795895272,10.450583572185565,0.3198932237097072
1154,10.770476795895272,10.450583572185565,0.3198932237097072
1155,10.770476795895272,10.450583572185565,0.3198932237097072
1156,10.770476795895272,10.450583572185565,0.3198932237097072
1157,10.770476795895272,10.450583572185565,0.3198932237097072
1158,10.770476795895272,10.450583572185565,0.3198932237097072
1159,10.770476795895272,10.450583572185565,0.3198932237097072
1160,10.770476795895272,10.450583572185565,0.3198932237097072
1161,10.770476795895272,10.450583572185565,0.3198932237097072
1162,10.770476795895272,10.450583572185565,0.3198932237097072
1163,10.770476795895272,10.450583572185565,0.3198932237097072
1164,10.770476795895272,10.450583572185565,0.3198932237097072
1165,10.770476795895272,10.450583572185565,0.3198932237097072
1166,10.770476795895272,10.450583572185565,0.3198932237097072
1167,10.770476795895272,10.450583572185565,0.3198932237097072
1168,10.770476795895272,10.450583572185565,0.3198932237097072
1169,10.770476795895272,10.450583572185565,0.3198932237097072
1170,10.770476795895272,10.450583572185565,0.3198932237097072
1171,10.770476795895272,10.450583572185565,0.3198932237097072
1172,10.770476795895272,10.450583572185565,0.3198932237097072
1173,10.770476795895272,10.450583572185565,0.3198932237097072
1174,10.770476795895272,10.450583572185565,0.3198932237097072
1175,10.770476795895272,10.450583572185565,0.3198932237097072
1176,10.770476795895272,10.450583572185565,0.3198932237097072
1177,10.770476795895272,10.450583572185565,0.3198932237097072
1178,10.770476795895272,10.450583572185565,0.3198932237097072
1179,10.770476795895272,10.450583572185565,0.3198932237097072
1180,10.770476795895272,10.450583572185565,0.3198932237097072
1181,10.770476795895272,10.450583572185565,0.3198932237097072
1182,10.770476795895272,10.450583572185565,0.3198932237097072
1183,10.770476795895272,10.450583572185565,0.3198932237097072
1184,10.770476795895272,10.450583572185565,0.3198932237097072
1185,10.770476795895272,10.450583572185565,0.3198932237097072
1186,10.770476795895272,10.450583572185565,0.3198932237097072
1187,10.770476795895272,10.450583572185565,0.3198932237097072
1188,10.770476795895272,10.450583572185565,0.3198932237097072
1189,10.770476795895272,10.450583572185565,0.3198932237097072
1190,10.770476795895272,10.450583572185565,0.3198932237097072
1191,10.770476795895272,10.450583572185565,0.3198932237097072
1192,10.770476795895272,10.450583572185565,0.3198932237097072
1193,10.770476795895272,10.450583572185565,0.3198932237097072
1194,10.770476795895272,10.450583572185565,0.3198932237097072
1195,10.770476795895272,10.450583572185565,0.3198932237097072
1196,10.770476795895272,10.450583572185565,0.3198932237097072
1197,10.770476795895272,10.450583572185565,0.3198932237097072
1198,10.770476795895272,10.450583572185565,0.3198932237097072
1199,10.770476795895272,10.450583572185565,0.3198932237097072
1200,10.770476795895272,10.450583572185565,0.3198932237097072
1201,10.770476795895272,10.450583572185565,0.3198932237097072
1202,10.770476795895272,10.450583572185565,0.3198932237097072
1203,10.770476795895272,10.450583572185565,0.3198932237097072
1204,10.770476795895272,10.450583572185565,0.3198932237097072
1205,10.770476795895272,10.450583572185565,0.3198932237097072
1206,10.770476795895272,10.450583572185565,0.3198932237097072
1207,10.770476795895272,10.450583572185565,0.3198932237097072
1208,10.770476795895272,10.450583572185565,0.3198932237097072
1209,10.770476795895272,10.450583572185565,0.3198932237097072
1210,10.770476795895272,10.450583572185565,0.3198932237097072
1211,10.770476795895272,10.450583572185565,0.3198932237097072
1212,10.770476795895272,10.450583572185565,0.3198932237097072
1213,10.770476795895272,10.450583572185565,0.3198932237097072
1214,10.770476795895272,10.450583572185565,0.3198932237097072
1215,10.770476795895272,10.450583572185565,0.3198932237097072
1216,10.770476795895272,10.450583572185565,0.3198932237097072
1217,10.770476795895272,10.450583572185565,0.3198932237097072
1218,10.770476795895272,10.450583572185565,0.3198932237097072
1219,10.770476795895272,10.450583572185565,0.3198932237097072
1220,10.770476795895272,10.450583572185565,0.3198932237097072
1221,10.770476795895272,10.450583572185565,0.3198932237097072
1222,10.770476795895272,10.450583572185565,0.3198932237097072
1223,10.770476795895272,10.450583572185565,0.3198932237097072
1224,10.770476795895272,10.450583572185565,0.3198932237097072
1225,10.770476795895272,10.450583572185565,0.3198932237097072
1226,10.770476795895272,10.450583572185565,0.3198932237097072
1227,10.770476795895272,10.450583572185565,0.3198932237097072
1228,10.770476795895272,10.450583572185565,0.3198932237097072
1229,10.770476795895272,10.450583572185565,0.3198932237097072
1230,10.770476795895272,10.450583572185565,0.3198932237097072
1231,10.770476795895272,10.450583572185565,0.3198932237097072
1232,10.770476795895272,10.450583572185565,0.3198932237097072
1233,10.770476795895272,10.450583572185565,0.3198932237097072
1234,10.770476795895272,10.450583572185565,0.3198932237097072
1235,10.770476795895272,10.450583572185565,0.3198932237097072
1236,10.770476795895272,10.450583572185565,0.3198932237097072
1237,10.770476795895272,10.450583572185565,0.3198932237097072
1238,10.770476795895272,10.450583572185565,0.3198932237097072
1239,10.770476795895272,10.450583572185565,0.3198932237097072
1240,10.770476795895272,10.450583572185565,0.3198932237097072
1241,10.770476795895272,10.450583572185565,0.3198932237097072
1242,10.770476795895272,10.450583572185565,0.3198932237097072
1243,10.770476795895272,10.450583572185565,0.3198932237097072
1244,10.770476795895272,10.450583572185565,0.3198932237097072
1245,10.770476795895272,10.450583572185565,0.3198932237097072
1246,10.770476795895272,10.450583572185565,0.3198932237097072
1247,10.770476795895272,10.450583572185565,0.3198932237097072
1248,10.770476795895272,10.450583572185565,0.3198932237097072
1249,10.770476795895272,10.450583572185565,0.3198932237097072
1250,10.770476795895272,10.450583572185565,0.3198932237097072
1251,10.770476795895272,10.450583572185565,0.3198932237097072
1252,10.770476795895272,10.450583572185565,0.3198932237097072
1253,10.770476795895272,10.450583572185565,0.3198932237097072
1254,10.770476795895272,10.450583572185565,0.3198932237097072
1255,10.770476795895272,10.450583572185565,0.3198932237097072
1256,10.770476795895272,10.450583572185565,0.3198932237097072
1257,10.770476795895272,10.450583572185565,0.3198932237097072
1258,10.770476795895272,10.450583572185565,0.3198932237097072
1259,10.770476795895272,10.450583572185565,0.3198932237097072
1260,10.770476795895272,10.450583572185565,0.3198932237097072
1261,10.770476795895272,10.450583572185565,0.3198932237097072
1262,10.770476795895272,10.450583572185565,0.3198932237097072
1263,10.770476795895272,10.450583572185565,0.3198932237097072
1264,10.770476795895272,10.450583572185565,0.3198932237097072
1265,10.770476795895272,10.450583572185565,0.3198932237097072
1266,10.770476795895272,10.450583572185565,0.3198932237097072
1267,10.770476795895272,10.450583572185565,0.3198932237097072
1268,10.770476795895272,10.450583572185565,0.3198932237097072
1269,10.770476795895272,10.450583572185565,0.3198932237097072
1270,10.770476795895272,10.450583572185565,0.3198932237097072
1271,10.770476795895272,10.450583572185565,0.3198932237097072
1272,10.770476795895272,10.450583572185565,0.3198932237097072
1273,10.770476795895272,10.450583572185565,0.3198932237097072
1274,10.770476795895272,10.450583572185565,0.3198932237097072
1275,10.770476795895272,10.450583572185565,0.3198932237097072
1276,10.770476795895272,10.450583572185565,0.3198932237097072
1277,10.770476795895272,10.450583572185565,0.3198932237097072
1278,10.770476795895272,10.450583572185565,0.3198932237097072
1279,10.770476795895272,10.450583572185565,0.3198932237097072
1280,10.770476795895272,10.450583572185565,0.3198932237097072
1281,10.770476795895272,10.450583572185565,0.3198932237097072
1282,10.770476795895272,10.450583572185565,0.3198932237097072
1283,10.770476795895272,10.450583572185565,0.3198932237097072
1284,10.770476795895272,10.450583572185565,0.3198932237097072
1285,10.770476795895272,10.450583572185565,0.3198932237097072
1286,10.770476795895272,10.450583572185565,0.3198932237097072
1287,10.770476795895272,10.450583572185565,0.3198932237097072
1288,10.770476795895272,10.450583572185565,0.3198932237097072
1289,10.770476795895272,10.450583572185565,0.3198932237097072
1290,10.770476795895272,10.450583572185565,0.3198932237097072
1291,10.770476795895272,10.450583572185565,0.3198932237097072
1292,10.770476795895272,10.450583572185565,0.3198932237097072
1293,10.770476795895272,10.450583572185565,0.3198932237097072
1294,10.770476795895272,10.450583572185565,0.3198932237097072
1295,10.770476795895272,10.450583572185565,0.3198932237097072
1296,10.770476795895272,10.450583572185565,0.3198932237097072
1297,10.770476795895272,10.450583572185565,0.3198932237097072
1298,10.770476795895272,10.450583572185565,0.3198932237097072
1299,10.770476795895272,10.450583572185565,0.3198932237097072
1300,10.770476795895272,10.450583572185565,0.3198932237097072
1301,10.770476795895272,10.450583572185565,0.3198932237097072
1302,10.770476795895272,10.450583572185565,0.3198932237097072
1303,10.770476795895272,10.450583572185565,0.3198932237097072
1304,10.770476795895272,10.450583572185565,0.3198932237097072
1305,10.770476795895272,10.450583572185565,0.3198932237097072
1306,10.770476795895272,10.450583572185565,0.3198932237097072
1307,10.770476795895272,10.450583572185565,0.3198932237097072
1308,10.770476795895272,10.450583572185565,0.3198932237097072
1309,10.770476795895272,10.450583572185565,0.3198932237097072
1310,10.770476795895272,10.450583572185565,0.3198932237097072
1311,10.770476795895272,10.450583572185565,0.3198932237097072
1312,10.770476795895272,10.450583572185565,0.3198932237097072
1313,10.770476795895272,10.450583572185565,0.3198932237097072
1314,10.770476795895272,10.450583572185565,0.3198932237097072
1315,10.770476795895272,10.450583572185565,0.3198932237097072
1316,10.770476795895272,10.450583572185565,0.3198932237097072
1317,10.770476795895272,10.450583572185565,0.3198932237097072
1318,10.770476795895272,10.450583572185565,0.3198932237097072
1319,10.770476795895272,10.450583572185565,0.3198932237097072
1320,10.770476795895272,10.450583572185565,0.3198932237097072
1321,10.770476795895272,10.450583572185565,0.3198932237097072
1322,10.770476795895272,10.450583572185565,0.3198932237097072
1323,10.770476795895272,10.450583572185565,0.3198932237097072
1324,10.770476795895272,10.450583572185565,0.3198932237097072
1325,10.770476795895272,10.450583572185565,0.3198932237097072
1326,10.770476795895272,10.450583572185565,0.3198932237097072
1327,10.770476795895272,10.450583572185565,0.3198932237097072
1328,10.770476795895272,10.450583572185565,0.3198932237097072
1329,10.770476795895272,10.450583572185565,0.3198932237097072
1330,10.770476795895272,10.450583572185565,0.3198932237097072
1331,10.770476795895272,10.450583572185565,0.3198932237097072
1332,10.770476795895272,10.450583572185565,0.3198932237097072
1333,10.770476795895272,10.450583572185565,0.3198932237097072
1334,10.770476795895272,10.450583572185565,0.3198932237097072
1335,10.770476795895272,10.450583572185565,0.3198932237097072
1336,10.770476795895272,10.450583572185565,0.3198932237097072
1337,10.770476795895272,10.450583572185565,0.3198932237097072
1338,10.770476795895272,10.450583572185565,0.3198932237097072
1339,10.770476795895272,10.450583572185565,0.3198932237097072
1340,10.770476795895272,10.450583572185565,0.3198932237097072
1341,10.770476795895272,10.450583572185565,0.3198932237097072
1342,10.770476795895272,10.450583572185565,0.3198932237097072
1343,10.770476795895272,10.450583572185565,0.3198932237097072
1344,10.770476795895272,10.450583572185565,0.3198932237097072
1345,10.770476795895272,10.450583572185565,0.3198932237097072
1346,10.770476795895272,10.450583572185565,0.3198932237097072
1347,10.770476795895272,10.450583572185565,0.3198932237097072
1348,10.770476795895272,10.450583572185565,0.3198932237097072
1349,10.770476795895272,10.450583572185565,0.3198932237097072
1350,10.770476795895272,10.450583572185565,0.3198932237097072
1351,10.770476795895272,10.450583572185565,0.3198932237097072
1352,10.770476795895272,10.450583572185565,0.3198932237097072
1353,10.770476795895272,10.450583572185565,0.3198932237097072
1354,10.770476795895272,10.450583572185565,0.3198932237097072
1355,10.770476795895272,10.450583572185565,0.3198932237097072
1356,10.770476795895272,10.450583572185565,0.3198932237097072
1357,10.770476795895272,10.450583572185565,0.3198932237097072
1358,10.770476795895272,10.450583572185565,0.3198932237097072
1359,10.770476795895272,10.450583572185565,0.3198932237097072
1360,10.770476795895272,10.450583572185565,0.3198932237097072
1361,10.770476795895272,10.450583572185565,0.3198932237097072
1362,10.770476795895272,10.450583572185565,0.3198932237097072
1363,10.770476795895272,10.450583572185565,0.3198932237097072
1364,10.770476795895272,10.450583572185565,0.3198932237097072
1365,10.770476795895272,10.450583572185565,0.3198932237097072
1366,10.770476795895272,10.450583572185565,0.3198932237097072
1367,10.770476795895272,10.450583572185565,0.3198932237097072
1368,10.770476795895272,10.450583572185565,0.3198932237097072
1369,10.770476795895272,10.450583572185565,0.3198932237097072
1370,10.770476795895272,10.450583572185565,0.3198932237097072
1371,10.770476795895272,10.450583572185565,0.3198932237097072
1372,10.770476795895272,10.450583572185565,0.3198932237097072
1373,10.770476795895272,10.450583572185565,0.3198932237097072
1374,10.770476795895272,10.450583572185565,0.3198932237097072
1375,10.770476795895272,10.450583572185565,0.3198932237097072
1376,10.770476795895272,10.450583572185565,0.3198932237097072
1377,10.770476795895272,10.450583572185565,0.3198932237097072
1378,10.770476795895272,10.450583572185565,0.3198932237097072
1379,10.770476795895272,10.450583572185565,0.3198932237097072
1380,10.770476795895272,10.450583572185565,0.3198932237097072
1381,10.770476795895272,10.450583572185565,0.3198932237097072
1382,10.770476795895272,10.450583572185565,0.3198932237097072
1383,10.770476795895272,10.450583572185565,0.3198932237097072
1384,10.770476795895272,10.450583572185565,0.3198932237097072
1385,10.770476795895272,10.450583572185565,0.3198932237097072
1386,10.770476795895272,10.450583572185565,0.3198932237097072
1387,10.770476795895272,10.450583572185565,0.3198932237097072
1388,10.770476795895272,10.450583572185565,0.3198932237097072
1389,10.770476795895272,10.450583572185565,0.3198932237097072
1390,10.770476795895272,10.450583572185565,0.3198932237097072
1391,10.770476795895272,10.450583572185565,0.3198932237097072
1392,10.770476795895272,10.450583572185565,0.3198932237097072
1393,10.770476795895272,10.450583572185565,0.3198932237097072
1394,10.770476795895272,10.450583572185565,0.3198932237097072
1395,10.770476795895272,10.450583572185565,0.3198932237097072
1396,10.770476795895272,10.450583572185565,0.3198932237097072
1397,10.770476795895272,10.450583572185565,0.3198932237097072
1398,10.770476795895272,10.450583572185565,0.3198932237097072
1399,10.770476795895272,10.450583572185565,0.3198932237097072
1400,10.770476795895272,10.450583572185565,0.3198932237097072
1401,10.770476795895272,10.450583572185565,0.3198932237097072
1402,10.770476795895272,10.450583572185565,0.3198932237097072
1403,10.770476795895272,10.450583572185565,0.3198932237097072
1404,10.770476795895272,10.450583572185565,0.3198932237097072
1405,10.770476795895272,10.450583572185565,0.3198932237097072
1406,10.770476795895272,10.450583572185565,0.3198932237097072
1407,10.770476795895272,10.450583572185565,0.3198932237097072
1408,10.770476795895272,10.450583572185565,0.3198932237097072
1409,10.770476795895272,10.450583572185565,0.3198932237097072
1410,10.770476795895272,10.450583572185565,0.3198932237097072
1411,10.770476795895272,10.450583572185565,0.3198932237097072
1412,10.770476795895272,10.450583572185565,0.3198932237097072
1413,10.770476795895272,10.450583572185565,0.3198932237097072
1414,10.770476795895272,10.450583572185565,0.3198932237097072
1415,10.770476795895272,10.450583572185565,0.3198932237097072
1416,10.770476795895272,10.450583572185565,0.3198932237097072
1417,10.770476795895272,10.450583572185565,0.3198932237097072
1418,10.770476795895272,10.450583572185565,0.3198932237097072
1419,10.770476795895272,10.450583572185565,0.3198932237097072
1420,10.770476795895272,10.450583572185565,0.3198932237097072
1421,10.770476795895272,10.450583572185565,0.3198932237097072
1422,10.770476795895272,10.450583572185565,0.3198932237097072
1423,10.770476795895272,10.450583572185565,0.3198932237097072
1424,10.770476795895272,10.450583572185565,0.3198932237097072
1425,10.770476795895272,10.450583572185565,0.3198932237097072
1426,10.770476795895272,10.450583572185565,0.3198932237097072
1427,10.770476795895272,10.450583572185565,0.3198932237097072
1428,10.770476795895272,10.450583572185565,0.3198932237097072
1429,10.770476795895272,10.450583572185565,0.3198932237097072
1430,10.770476795895272,10.450583572185565,0.3198932237097072
1431,10.770476795895272,10.450583572185565,0.3198932237097072
1432,10.770476795895272,10.450583572185565,0.3198932237097072
1433,10.770476795895272,10.450583572185565,0.3198932237097072
1434,10.770476795895272,10.450583572185565,0.3198932237097072
1435,10.770476795895272,10.450583572185565,0.3198932237097072
1436,10.770476795895272,10.450583572185565,0.3198932237097072
1437,10.770476795895272,10.450583572185565,0.3198932237097072
1438,10.770476795895272,10.450583572185565,0.3198932237097072
1439,10.770476795895272,10.450583572185565,0.3198932237097072
1440,10.770476795895272,10.450583572185565,0.3198932237097072
1441,10.770476795895272,10.450583572185565,0.3198932237097072
1442,10.770476795895272,10.450583572185565,0.3198932237097072
1443,10.770476795895272,10.450583572185565,0.3198932237097072
1444,10.770476795895272,10.450583572185565,0.3198932237097072
1445,10.770476795895272,10.450583572185565,0.3198932237097072
1446,10.770476795895272,10.450583572185565,0.3198932237097072
1447,10.770476795895272,10.450583572185565,0.3198932237097072
1448,10.770476795895272,10.450583572185565,0.3198932237097072
1449,10.770476795895272,10.450583572185565,0.3198932237097072
1450,10.770476795895272,10.450583572185565,0.3198932237097072
1451,10.770476795895272,10.450583572185565,0.3198932237097072
1452,10.770476795895272,10.450583572185565,0.3198932237097072
1453,10.770476795895272,10.450583572185565,0.3198932237097072
1454,10.770476795895272,10.450583572185565,0.3198932237097072
1455,10.770476795895272,10.450583572185565,0.3198932237097072
1456,10.770476795895272,10.450583572185565,0.3198932237097072
1457,10.770476795895272,10.450583572185565,0.3198932237097072
1458,10.770476795895272,10.450583572185565,0.3198932237097072
1459,10.770476795895272,10.450583572185565,0.3198932237097072
1460,10.770476795895272,10.450583572185565,0.3198932237097072
1461,10.770476795895272,10.450583572185565,0.3198932237097072
1462,10.770476795895272,10.450583572185565,0.3198932237097072
1463,10.770476795895272,10.450583572185565,0.3198932237097072
1464,10.770476795895272,10.450583572185565,0.3198932237097072
1465,10.770476795895272,10.450583572185565,0.3198932237097072
1466,10.770476795895272,10.450583572185565,0.3198932237097072
1467,10.770476795895272,10.450583572185565,0.3198932237097072
1468,10.770476795895272,10.450583572185565,0.3198932237097072
1469,10.770476795895272,10.450583572185565,0.3198932237097072
1470,10.770476795895272,10.450583572185565,0.3198932237097072
1471,10.770476795895272,10.450583572185565,0.3198932237097072
1472,10.770476795895272,10.450583572185565,0.3198932237097072
1473,10.770476795895272,10.450583572185565,0.3198932237097072
1474,10.770476795895272,10.450583572185565,0.3198932237097072
1475,10.770476795895272,10.450583572185565,0.3198932237097072
1476,10.770476795895272,10.450583572185565,0.3198932237097072
1477,10.770476795895272,10.450583572185565,0.3198932237097072
1478,10.770476795895272,10.450583572185565,0.3198932237097072
1479,10.770476795895272,10.450583572185565,0.3198932237097072
1480,10.770476795895272,10.450583572185565,0.3198932237097072
1481,10.770476795895272,10.450583572185565,0.3198932237097072
1482,10.770476795895272,10.450583572185565,0.3198932237097072
1483,10.770476795895272,10.450583572185565,0.3198932237097072
1484,10.770476795895272,10.450583572185565,0.3198932237097072
1485,10.770476795895272,10.450583572185565,0.3198932237097072
1486,10.770476795895272,10.450583572185565,0.3198932237097072
1487,10.770476795895272,10.450583572185565,0.3198932237097072
1488,10.770476795895272,10.450583572185565,0.3198932237097072
1489,10.770476795895272,10.450583572185565,0.3198932237097072
1490,10.770476795895272,10.450583572185565,0.3198932237097072
1491,10.770476795895272,10.450583572185565,0.3198932237097072
1492,10.770476795895272,10.450583572185565,0.3198932237097072
1493,10.770476795895272,10.450583572185565,0.3198932237097072
1494,10.770476795895272,10.450583572185565,0.3198932237097072
1495,10.770476795895272,10.450583572185565,0.3198932237097072
1496,10.770476795895272,10.450583572185565,0.3198932237097072
1497,10.770476795895272,10.450583572185565,0.3198932237097072
1498,10.770476795895272,10.450583572185565,0.3198932237097072
1499,10.770476795895272,10.450583572185565,0.3198932237097072
1500,10.770476795895272,10.450583572185565,0.3198932237097072
1501,10.770476795895272,10.450583572185565,0.3198932237097072
1502,10.770476795895272,10.450583572185565,0.3198932237097072
1503,10.770476795895272,10.450583572185565,0.3198932237097072
1504,10.770476795895272,10.450583572185565,0.3198932237097072
1505,10.770476795895272,10.450583572185565,0.3198932237097072
1506,10.770476795895272,10.450583572185565,0.3198932237097072
1507,10.770476795895272,10.450583572185565,0.3198932237097072
1508,10.770476795895272,10.450583572185565,0.3198932237097072
1509,10.770476795895272,10.450583572185565,0.3198932237097072
1510,10.770476795895272,10.450583572185565,0.3198932237097072
1511,10.770476795895272,10.450583572185565,0.3198932237097072
1512,10.770476795895272,10.450583572185565,0.3198932237097072
1513,10.770476795895272,10.450583572185565,0.3198932237097072
1514,10.770476795895272,10.450583572185565,0.3198932237097072
1515,10.770476795895272,10.450583572185565,0.3198932237097072
1516,10.770476795895272,10.450583572185565,0.3198932237097072
1517,10.770476795895272,10.450583572185565,0.3198932237097072
1518,10.770476795895272,10.450583572185565,0.3198932237097072
1519,10.770476795895272,10.450583572185565,0.3198932237097072
1520,10.770476795895272,10.450583572185565,0.3198932237097072
1521,10.770476795895272,10.450583572185565,0.3198932237097072
1522,10.770476795895272,10.450583572185565,0.3198932237097072
1523,10.770476795895272,10.450583572185565,0.3198932237097072
1524,10.770476795895272,10.450583572185565,0.3198932237097072
1525,10.770476795895272,10.450583572185565,0.3198932237097072
1526,10.770476795895272,10.450583572185565,0.3198932237097072
1527,10.770476795895272,10.450583572185565,0.3198932237097072
1528,10.770476795895272,10.450583572185565,0.3198932237097072
1529,10.770476795895272,10.450583572185565,0.3198932237097072
1530,10.770476795895272,10.450583572185565,0.3198932237097072
1531,10.770476795895272,10.450583572185565,0.3198932237097072
1532,10.770476795895272,10.450583572185565,0.3198932237097072
1533,10.770476795895272,10.450583572185565,0.3198932237097072
1534,10.770476795895272,10.450583572185565,0.3198932237097072
1535,10.770476795895272,10.450583572185565,0.3198932237097072
1536,10.770476795895272,10.450583572185565,0.3198932237097072
1537,10.770476795895272,10.450583572185565,0.3198932237097072
1538,10.770476795895272,10.450583572185565,0.3198932237097072
1539,10.770476795895272,10.450583572185565,0.3198932237097072
1540,10.770476795895272,10.450583572185565,0.3198932237097072
1541,10.770476795895272,10.450583572185565,0.3198932237097072
1542,10.770476795895272,10.450583572185565,0.3198932237097072
1543,10.770476795895272,10.450583572185565,0.3198932237097072
1544,10.770476795895272,10.450583572185565,0.3198932237097072
1545,10.770476795895272,10.450583572185565,0.3198932237097072
1546,10.770476795895272,10.450583572185565,0.3198932237097072
1547,10.770476795895272,10.450583572185565,0.3198932237097072
1548,10.770476795895272,10.450583572185565,0.3198932237097072
1549,10.770476795895272,10.450583572185565,0.3198932237097072
1550,10.770476795895272,10.450583572185565,0.3198932237097072
1551,10.770476795895272,10.450583572185565,0.3198932237097072
1552,10.770476795895272,10.450583572185565,0.3198932237097072
1553,10.770476795895272,10.450583572185565,0.3198932237097072
1554,10.770476795895272,10.450583572185565,0.3198932237097072
1555,10.770476795895272,10.450583572185565,0.3198932237097072
1556,10.770476795895272,10.450583572185565,0.3198932237097072
1557,10.770476795895272,10.450583572185565,0.3198932237097072
1558,10.770476795895272,10.450583572185565,0.3198932237097072
1559,10.770476795895272,10.450583572185565,0.3198932237097072
1560,10.770476795895272,10.450583572185565,0.3198932237097072
1561,10.770476795895272,10.450583572185565,0.3198932237097072
1562,10.770476795895272,10.450583572185565,0.3198932237097072
1563,10.770476795895272,10.450583572185565,0.3198932237097072
1564,10.770476795895272,10.450583572185565,0.3198932237097072
1565,10.770476795895272,10.450583572185565,0.3198932237097072
1566,10.770476795895272,10.450583572185565,0.3198932237097072
1567,10.770476795895272,10.450583572185565,0.3198932237097072
1568,10.770476795895272,10.450583572185565,0.3198932237097072
1569,10.770476795895272,10.450583572185565,0.3198932237097072
1570,10.770476795895272,10.450583572185565,0.3198932237097072
1571,10.770476795895272,10.450583572185565,0.3198932237097072
1572,10.770476795895272,10.450583572185565,0.3198932237097072
1573,10.770476795895272,10.450583572185565,0.3198932237097072
1574,10.770476795895272,10.450583572185565,0.3198932237097072
1575,10.770476795895272,10.450583572185565,0.3198932237097072
1576,10.770476795895272,10.450583572185565,0.3198932237097072
1577,10.770476795895272,10.450583572185565,0.3198932237097072
1578,10.770476795895272,10.450583572185565,0.3198932237097072
1579,10.770476795895272,10.450583572185565,0.3198932237097072
1580,10.770476795895272,10.450583572185565,0.3198932237097072
1581,10.770476795895272,10.450583572185565,0.3198932237097072
1582,10.770476795895272,10.450583572185565,0.3198932237097072
1583,10.770476795895272,10.450583572185565,0.3198932237097072
1584,10.770476795895272,10.450583572185565,0.3198932237097072
1585,10.770476795895272,10.450583572185565,0.3198932237097072
1586,10.770476795895272,10.450583572185565,0.3198932237097072
1587,10.770476795895272,10.450583572185565,0.3198932237097072
1588,10.770476795895272,10.450583572185565,0.3198932237097072
1589,10.770476795895272,10.450583572185565,0.3198932237097072
1590,10.770476795895272,10.450583572185565,0.3198932237097072
1591,10.770476795895272,10.450583572185565,0.3198932237097072
1592,10.770476795895272,10.450583572185565,0.3198932237097072
1593,10.770476795895272,10.450583572185565,0.3198932237097072
1594,10.770476795895272,10.450583572185565,0.3198932237097072
1595,10.770476795895272,10.450583572185565,0.3198932237097072
1596,10.770476795895272,10.450583572185565,0.3198932237097072
1597,10.770476795895272,10.450583572185565,0.3198932237097072
1598,10.770476795895272,10.450583572185565,0.3198932237097072
1599,10.770476795895272,10.450583572185565,0.3198932237097072
1600,10.770476795895272,10.450583572185565,0.3198932237097072
1601,10.770476795895272,10.450583572185565,0.3198932237097072
1602,10.770476795895272,10.450583572185565,0.3198932237097072
1603,10.770476795895272,10.450583572185565,0.3198932237097072
1604,10.770476795895272,10.450583572185565,0.3198932237097072
1605,10.770476795895272,10.450583572185565,0.3198932237097072
1606,10.770476795895272,10.450583572185565,0.3198932237097072
1607,10.770476795895272,10.450583572185565,0.3198932237097072
1608,10.770476795895272,10.450583572185565,0.3198932237097072
1609,10.770476795895272,10.450583572185565,0.3198932237097072
1610,10.770476795895272,10.450583572185565,0.3198932237097072
1611,10.770476795895272,10.450583572185565,0.3198932237097072
1612,10.770476795895272,10.450583572185565,0.3198932237097072
1613,10.770476795895272,10.450583572185565,0.3198932237097072
1614,10.770476795895272,10.450583572185565,0.3198932237097072
1615,10.770476795895272,10.450583572185565,0.3198932237097072
1616,10.770476795895272,10.450583572185565,0.3198932237097072
1617,10.770476795895272,10.450583572185565,0.3198932237097072
1618,10.770476795895272,10.450583572185565,0.3198932237097072
1619,10.770476795895272,10.450583572185565,0.3198932237097072
1620,10.770476795895272,10.450583572185565,0.3198932237097072
1621,10.770476795895272,10.450583572185565,0.3198932237097072
1622,10.770476795895272,10.450583572185565,0.3198932237097072
1623,10.770476795895272,10.450583572185565,0.3198932237097072
1624,10.770476795895272,10.450583572185565,0.3198932237097072
1625,10.770476795895272,10.450583572185565,0.3198932237097072
1626,10.770476795895272,10.450583572185565,0.3198932237097072
1627,10.770476795895272,10.450583572185565,0.3198932237097072
1628,10.770476795895272,10.450583572185565,0.3198932237097072
1629,10.770476795895272,10.450583572185565,0.3198932237097072
1630,10.770476795895272,10.450583572185565,0.3198932237097072
1631,10.770476795895272,10.450583572185565,0.3198932237097072
1632,10.770476795895272,10.450583572185565,0.3198932237097072
1633,10.770476795895272,10.450583572185565,0.3198932237097072
1634,10.770476795895272,10.450583572185565,0.3198932237097072
1635,10.770476795895272,10.450583572185565,0.3198932237097072
1636,10.770476795895272,10.450583572185565,0.3198932237097072
1637,10.770476795895272,10.450583572185565,0.3198932237097072
1638,10.770476795895272,10.450583572185565,0.3198932237097072
1639,10.770476795895272,10.450583572185565,0.3198932237097072
1640,10.770476795895272,10.450583572185565,0.3198932237097072
1641,10.770476795895272,10.450583572185565,0.3198932237097072
1642,10.770476795895272,10.450583572185565,0.3198932237097072
1643,10.770476795895272,10.450583572185565,0.3198932237097072
1644,10.770476795895272,10.450583572185565,0.3198932237097072
1645,10.770476795895272,10.450583572185565,0.3198932237097072
1646,10.770476795895272,10.450583572185565,0.3198932237097072
1647,10.770476795895272,10.450583572185565,0.3198932237097072
1648,10.770476795895272,10.450583572185565,0.3198932237097072
1649,10.770476795895272,10.450583572185565,0.3198932237097072
1650,10.770476795895272,10.450583572185565,0.3198932237097072
1651,10.770476795895272,10.450583572185565,0.3198932237097072
1652,10.770476795895272,10.450583572185565,0.3198932237097072
1653,10.770476795895272,10.450583572185565,0.3198932237097072
1654,10.770476795895272,10.450583572185565,0.3198932237097072
1655,10.770476795895272,10.450583572185565,0.3198932237097072
1656,10.770476795895272,10.450583572185565,0.3198932237097072
1657,10.770476795895272,10.450583572185565,0.3198932237097072
1658,10.770476795895272,10.450583572185565,0.3198932237097072
1659,10.770476795895272,10.450583572185565,0.3198932237097072
1660,10.770476795895272,10.450583572185565,0.3198932237097072
1661,10.770476795895272,10.450583572185565,0.3198932237097072
1662,10.770476795895272,10.450583572185565,0.3198932237097072
1663,10.770476795895272,10.450583572185565,0.3198932237097072
1664,10.770476795895272,10.450583572185565,0.3198932237097072
1665,10.770476795895272,10.450583572185565,0.3198932237097072
1666,10.770476795895272,10.450583572185565,0.3198932237097072
1667,10.770476795895272,10.450583572185565,0.3198932237097072
1668,10.770476795895272,10.450583572185565,0.3198932237097072
1669,10.770476795895272,10.450583572185565,0.3198932237097072
1670,10.770476795895272,10.450583572185565,0.3198932237097072
1671,10.770476795895272,10.450583572185565,0.3198932237097072
1672,10.770476795895272,10.450583572185565,0.3198932237097072
1673,10.770476795895272,10.450583572185565,0.3198932237097072
1674,10.770476795895272,10.450583572185565,0.3198932237097072
1675,10.770476795895272,10.450583572185565,0.3198932237097072
1676,10.770476795895272,10.450583572185565,0.3198932237097072
1677,10.770476795895272,10.450583572185565,0.3198932237097072
1678,10.770476795895272,10.450583572185565,0.3198932237097072
1679,10.770476795895272,10.450583572185565,0.3198932237097072
1680,10.770476795895272,10.450583572185565,0.3198932237097072
1681,10.770476795895272,10.450583572185565,0.3198932237097072
1682,10.770476795895272,10.450583572185565,0.3198932237097072
1683,10.770476795895272,10.450583572185565,0.3198932237097072
1684,10.770476795895272,10.450583572185565,0.3198932237097072
1685,10.770476795895272,10.450583572185565,0.3198932237097072
1686,10.770476795895272,10.450583572185565,0.3198932237097072
1687,10.770476795895272,10.450583572185565,0.3198932237097072
1688,10.770476795895272,10.450583572185565,0.3198932237097072
1689,10.770476795895272,10.450583572185565,0.3198932237097072
1690,10.770476795895272,10.450583572185565,0.3198932237097072
1691,10.770476795895272,10.450583572185565,0.3198932237097072
1692,10.770476795895272,10.450583572185565,0.3198932237097072
1693,10.770476795895272,10.450583572185565,0.3198932237097072
1694,10.770476795895272,10.450583572185565,0.3198932237097072
1695,10.770476795895272,10.450583572185565,0.3198932237097072
1696,10.770476795895272,10.450583572185565,0.3198932237097072
1697,10.770476795895272,10.450583572185565,0.3198932237097072
1698,10.770476795895272,10.450583572185565,0.3198932237097072
1699,10.770476795895272,10.450583572185565,0.3198932237097072
1700,10.770476795895272,10.450583572185565,0.3198932237097072
1701,10.770476795895272,10.450583572185565,0.3198932237097072
1702,10.770476795895272,10.450583572185565,0.3198932237097072
1703,10.770476795895272,10.450583572185565,0.3198932237097072
1704,10.770476795895272,10.450583572185565,0.3198932237097072
1705,10.770476795895272,10.450583572185565,0.3198932237097072
1706,10.770476795895272,10.450583572185565,0.3198932237097072
1707,10.770476795895272,10.450583572185565,0.3198932237097072
1708,10.770476795895272,10.450583572185565,0.3198932237097072
1709,10.770476795895272,10.450583572185565,0.3198932237097072
1710,10.770476795895272,10.450583572185565,0.3198932237097072
1711,10.770476795895272,10.450583572185565,0.3198932237097072
1712,10.770476795895272,10.450583572185565,0.3198932237097072
1713,10.770476795895272,10.450583572185565,0.3198932237097072
1714,10.770476795895272,10.450583572185565,0.3198932237097072
1715,10.770476795895272,10.450583572185565,0.3198932237097072
1716,10.770476795895272,10.450583572185565,0.3198932237097072
1717,10.770476795895272,10.450583572185565,0.3198932237097072
1718,10.770476795895272,10.450583572185565,0.3198932237097072
1719,10.770476795895272,10.450583572185565,0.3198932237097072
1720,10.770476795895272,10.450583572185565,0.3198932237097072
1721,10.770476795895272,10.450583572185565,0.3198932237097072
1722,10.770476795895272,10.450583572185565,0.3198932237097072
1723,10.770476795895272,10.450583572185565,0.3198932237097072
1724,10.770476795895272,10.450583572185565,0.3198932237097072
1725,10.770476795895272,10.450583572185565,0.3198932237097072
1726,10.770476795895272,10.450583572185565,0.3198932237097072
1727,10.770476795895272,10.450583572185565,0.3198932237097072
1728,10.770476795895272,10.450583572185565,0.3198932237097072
1729,10.770476795895272,10.450583572185565,0.3198932237097072
1730,10.770476795895272,10.450583572185565,0.3198932237097072
1731,10.770476795895272,10.450583572185565,0.3198932237097072
1732,10.770476795895272,10.450583572185565,0.3198932237097072
1733,10.770476795895272,10.450583572185565,0.3198932237097072
1734,10.770476795895272,10.450583572185565,0.3198932237097072
1735,10.770476795895272,10.450583572185565,0.3198932237097072
1736,10.770476795895272,10.450583572185565,0.3198932237097072
1737,10.770476795895272,10.450583572185565,0.3198932237097072
1738,10.770476795895272,10.450583572185565,0.3198932237097072
1739,10.770476795895272,10.450583572185565,0.3198932237097072
1740,10.770476795895272,10.450583572185565,0.3198932237097072
1741,10.770476795895272,10.450583572185565,0.3198932237097072
1742,10.770476795895272,10.450583572185565,0.3198932237097072
1743,10.770476795895272,10.450583572185565,0.3198932237097072
1744,10.770476795895272,10.450583572185565,0.3198932237097072
1745,10.770476795895272,10.450583572185565,0.3198932237097072
1746,10.770476795895272,10.450583572185565,0.3198932237097072
1747,10.770476795895272,10.450583572185565,0.3198932237097072
1748,10.770476795895272,10.450583572185565,0.3198932237097072
1749,10.770476795895272,10.450583572185565,0.3198932237097072
1750,10.770476795895272,10.450583572185565,0.3198932237097072
1751,10.770476795895272,10.450583572185565,0.3198932237097072
1752,10.770476795895272,10.450583572185565,0.3198932237097072
1753,10.770476795895272,10.450583572185565,0.3198932237097072
1754,10.770476795895272,10.450583572185565,0.3198932237097072
1755,10.770476795895272,10.450583572185565,0.3198932237097072
1756,10.770476795895272,10.450583572185565,0.3198932237097072
1757,10.770476795895272,10.450583572185565,0.3198932237097072
1758,10.770476795895272,10.450583572185565,0.3198932237097072
1759,10.770476795895272,10.450583572185565,0.3198932237097072
1760,10.770476795895272,10.450583572185565,0.3198932237097072
1761,10.770476795895272,10.450583572185565,0.3198932237097072
1762,10.770476795895272,10.450583572185565,0.3198932237097072
1763,10.770476795895272,10.450583572185565,0.3198932237097072
1764,10.770476795895272,10.450583572185565,0.3198932237097072
1765,10.770476795895272,10.450583572185565,0.3198932237097072
1766,10.770476795895272,10.450583572185565,0.3198932237097072
1767,10.770476795895272,10.450583572185565,0.3198932237097072
1768,10.770476795895272,10.450583572185565,0.3198932237097072
1769,10.770476795895272,10.450583572185565,0.3198932237097072
1770,10.770476795895272,10.450583572185565,0.3198932237097072
1771,10.770476795895272,10.450583572185565,0.3198932237097072
1772,10.770476795895272,10.450583572185565,0.3198932237097072
1773,10.770476795895272,10.450583572185565,0.3198932237097072
1774,10.770476795895272,10.450583572185565,0.3198932237097072
1775,10.770476795895272,10.450583572185565,0.3198932237097072
1776,10.770476795895272,10.450583572185565,0.3198932237097072
1777,10.770476795895272,10.450583572185565,0.3198932237097072
1778,10.770476795895272,10.450583572185565,0.3198932237097072
1779,10.770476795895272,10.450583572185565,0.3198932237097072
1780,10.770476795895272,10.450583572185565,0.3198932237097072
1781,10.770476795895272,10.450583572185565,0.3198932237097072
1782,10.770476795895272,10.450583572185565,0.3198932237097072
1783,10.770476795895272,10.450583572185565,0.3198932237097072
1784,10.770476795895272,10.450583572185565,0.3198932237097072
1785,10.770476795895272,10.450583572185565,0.3198932237097072
1786,10.770476795895272,10.450583572185565,0.3198932237097072
1787,10.770476795895272,10.450583572185565,0.3198932237097072
1788,10.770476795895272,10.450583572185565,0.3198932237097072
1789,10.770476795895272,10.450583572185565,0.3198932237097072
1790,10.770476795895272,10.450583572185565,0.3198932237097072
1791,10.770476795895272,10.450583572185565,0.3198932237097072
1792,10.770476795895272,10.450583572185565,0.3198932237097072
1793,10.770476795895272,10.450583572185565,0.3198932237097072
1794,10.770476795895272,10.450583572185565,0.3198932237097072
1795,10.770476795895272,10.450583572185565,0.3198932237097072
1796,10.770476795895272,10.450583572185565,0.3198932237097072
1797,10.770476795895272,10.450583572185565,0.3198932237097072
1798,10.770476795895272,10.450583572185565,0.3198932237097072
1799,10.770476795895272,10.450583572185565,0.3198932237097072
1800,10.770476795895272,10.450583572185565,0.3198932237097072
1801,10.770476795895272,10.450583572185565,0.3198932237097072
1802,10.770476795895272,10.450583572185565,0.3198932237097072
1803,10.770476795895272,10.450583572185565,0.3198932237097072
1804,10.770476795895272,10.450583572185565,0.3198932237097072
1805,10.770476795895272,10.450583572185565,0.3198932237097072
1806,10.770476795895272,10.450583572185565,0.3198932237097072
1807,10.770476795895272,10.450583572185565,0.3198932237097072
1808,10.770476795895272,10.450583572185565,0.3198932237097072
1809,10.770476795895272,10.450583572185565,0.3198932237097072
1810,10.770476795895272,10.450583572185565,0.3198932237097072
1811,10.770476795895272,10.450583572185565,0.3198932237097072
1812,10.770476795895272,10.450583572185565,0.3198932237097072
1813,10.770476795895272,10.450583572185565,0.3198932237097072
1814,10.770476795895272,10.450583572185565,0.3198932237097072
1815,10.770476795895272,10.450583572185565,0.3198932237097072
1816,10.770476795895272,10.450583572185565,0.3198932237097072
1817,10.770476795895272,10.450583572185565,0.3198932237097072
1818,10.770476795895272,10.450583572185565,0.3198932237097072
1819,10.770476795895272,10.450583572185565,0.3198932237097072
1820,10.770476795895272,10.450583572185565,0.3198932237097072
1821,10.770476795895272,10.450583572185565,0.3198932237097072
1822,10.770476795895272,10.450583572185565,0.3198932237097072
1823,10.770476795895272,10.450583572185565,0.3198932237097072
1824,10.770476795895272,10.450583572185565,0.3198932237097072
1825,10.770476795895272,10.450583572185565,0.3198932237097072
1826,10.770476795895272,10.450583572185565,0.3198932237097072
1827,10.770476795895272,10.450583572185565,0.3198932237097072
1828,10.770476795895272,10.450583572185565,0.3198932237097072
1829,10.770476795895272,10.450583572185565,0.3198932237097072
1830,10.770476795895272,10.450583572185565,0.3198932237097072
1831,10.770476795895272,10.450583572185565,0.3198932237097072
1832,10.770476795895272,10.450583572185565,0.3198932237097072
1833,10.770476795895272,10.450583572185565,0.3198932237097072
1834,10.770476795895272,10.450583572185565,0.3198932237097072
1835,10.770476795895272,10.450583572185565,0.3198932237097072
1836,10.770476795895272,10.450583572185565,0.3198932237097072
1837,10.770476795895272,10.450583572185565,0.3198932237097072
1838,10.770476795895272,10.450583572185565,0.3198932237097072
1839,10.770476795895272,10.450583572185565,0.3198932237097072
1840,10.770476795895272,10.450583572185565,0.3198932237097072
1841,10.770476795895272,10.450583572185565,0.3198932237097072
1842,10.770476795895272,10.450583572185565,0.3198932237097072
1843,10.770476795895272,10.450583572185565,0.3198932237097072
1844,10.770476795895272,10.450583572185565,0.3198932237097072
1845,10.770476795895272,10.450583572185565,0.3198932237097072
1846,10.770476795895272,10.450583572185565,0.3198932237097072
1847,10.770476795895272,10.450583572185565,0.3198932237097072
1848,10.770476795895272,10.450583572185565,0.3198932237097072
1849,10.770476795895272,10.450583572185565,0.3198932237097072
1850,10.770476795895272,10.450583572185565,0.3198932237097072
1851,10.770476795895272,10.450583572185565,0.3198932237097072
1852,10.770476795895272,10.450583572185565,0.3198932237097072
1853,10.770476795895272,10.450583572185565,0.3198932237097072
1854,10.770476795895272,10.450583572185565,0.3198932237097072
1855,10.770476795895272,10.450583572185565,0.3198932237097072
1856,10.770476795895272,10.450583572185565,0.3198932237097072
1857,10.770476795895272,10.450583572185565,0.3198932237097072
1858,10.770476795895272,10.450583572185565,0.3198932237097072
1859,10.770476795895272,10.450583572185565,0.3198932237097072
1860,10.770476795895272,10.450583572185565,0.3198932237097072
1861,10.770476795895272,10.450583572185565,0.3198932237097072
1862,10.770476795895272,10.450583572185565,0.3198932237097072
1863,10.770476795895272,10.450583572185565,0.3198932237097072
1864,10.770476795895272,10.450583572185565,0.3198932237097072
1865,10.770476795895272,10.450583572185565,0.3198932237097072
1866,10.770476795895272,10.450583572185565,0.3198932237097072
1867,10.770476795895272,10.450583572185565,0.3198932237097072
1868,10.770476795895272,10.450583572185565,0.3198932237097072
1869,10.770476795895272,10.450583572185565,0.3198932237097072
1870,10.770476795895272,10.450583572185565,0.3198932237097072
1871,10.770476795895272,10.450583572185565,0.3198932237097072
1872,10.770476795895272,10.450583572185565,0.3198932237097072
1873,10.770476795895272,10.450583572185565,0.3198932237097072
1874,10.770476795895272,10.450583572185565,0.3198932237097072
1875,10.770476795895272,10.450583572185565,0.3198932237097072
1876,10.770476795895272,10.450583572185565,0.3198932237097072
1877,10.770476795895272,10.450583572185565,0.3198932237097072
1878,10.770476795895272,10.450583572185565,0.3198932237097072
1879,10.770476795895272,10.450583572185565,0.3198932237097072
1880,10.770476795895272,10.450583572185565,0.3198932237097072
1881,10.770476795895272,10.450583572185565,0.3198932237097072
1882,10.770476795895272,10.450583572185565,0.3198932237097072
1883,10.770476795895272,10.450583572185565,0.3198932237097072
1884,10.770476795895272,10.450583572185565,0.3198932237097072
1885,10.770476795895272,10.450583572185565,0.3198932237097072
1886,10.770476795895272,10.450583572185565,0.3198932237097072
1887,10.770476795895272,10.450583572185565,0.3198932237097072
1888,10.770476795895272,10.450583572185565,0.3198932237097072
1889,10.770476795895272,10.450583572185565,0.3198932237097072
1890,10.770476795895272,10.450583572185565,0.3198932237097072
1891,10.770476795895272,10.450583572185565,0.3198932237097072
1892,10.770476795895272,10.450583572185565,0.3198932237097072
1893,10.770476795895272,10.450583572185565,0.3198932237097072
1894,10.770476795895272,10.450583572185565,0.3198932237097072
1895,10.770476795895272,10.450583572185565,0.3198932237097072
1896,10.770476795895272,10.450583572185565,0.3198932237097072
1897,10.770476795895272,10.450583572185565,0.3198932237097072
1898,10.770476795895272,10.450583572185565,0.3198932237097072
1899,10.770476795895272,10.450583572185565,0.3198932237097072
1900,10.770476795895272,10.450583572185565,0.3198932237097072
1901,10.770476795895272,10.450583572185565,0.3198932237097072
1902,10.770476795895272,10.450583572185565,0.3198932237097072
1903,10.770476795895272,10.450583572185565,0.3198932237097072
1904,10.770476795895272,10.450583572185565,0.3198932237097072
1905,10.770476795895272,10.450583572185565,0.3198932237097072
1906,10.770476795895272,10.450583572185565,0.3198932237097072
1907,10.770476795895272,10.450583572185565,0.3198932237097072
1908,10.770476795895272,10.450583572185565,0.3198932237097072
1909,10.770476795895272,10.450583572185565,0.3198932237097072
1910,10.770476795895272,10.450583572185565,0.3198932237097072
1911,10.770476795895272,10.450583572185565,0.3198932237097072
1912,10.770476795895272,10.450583572185565,0.3198932237097072
1913,10.770476795895272,10.450583572185565,0.3198932237097072
1914,10.770476795895272,10.450583572185565,0.3198932237097072
1915,10.770476795895272,10.450583572185565,0.3198932237097072
1916,10.770476795895272,10.450583572185565,0.3198932237097072
1917,10.770476795895272,10.450583572185565,0.3198932237097072
1918,10.770476795895272,10.450583572185565,0.3198932237097072
1919,10.770476795895272,10.450583572185565,0.3198932237097072
1920,10.770476795895272,10.450583572185565,0.3198932237097072
1921,10.770476795895272,10.450583572185565,0.3198932237097072
1922,10.770476795895272,10.450583572185565,0.3198932237097072
1923,10.770476795895272,10.450583572185565,0.3198932237097072
1924,10.770476795895272,10.450583572185565,0.3198932237097072
1925,10.770476795895272,10.450583572185565,0.3198932237097072
1926,10.770476795895272,10.450583572185565,0.3198932237097072
1927,10.770476795895272,10.450583572185565,0.3198932237097072
1928,10.770476795895272,10.450583572185565,0.3198932237097072
1929,10.770476795895272,10.450583572185565,0.3198932237097072
1930,10.770476795895272,10.450583572185565,0.3198932237097072
1931,10.770476795895272,10.450583572185565,0.3198932237097072
1932,10.770476795895272,10.450583572185565,0.3198932237097072
1933,10.770476795895272,10.450583572185565,0.3198932237097072
1934,10.770476795895272,10.450583572185565,0.3198932237097072
1935,10.770476795895272,10.450583572185565,0.3198932237097072
1936,10.770476795895272,10.450583572185565,0.3198932237097072
1937,10.770476795895272,10.450583572185565,0.3198932237097072
1938,10.770476795895272,10.450583572185565,0.3198932237097072
1939,10.770476795895272,10.450583572185565,0.3198932237097072
1940,10.770476795895272,10.450583572185565,0.3198932237097072
1941,10.770476795895272,10.450583572185565,0.3198932237097072
1942,10.770476795895272,10.450583572185565,0.3198932237097072
1943,10.770476795895272,10.450583572185565,0.3198932237097072
1944,10.770476795895272,10.450583572185565,0.3198932237097072
1945,10.770476795895272,10.450583572185565,0.3198932237097072
1946,10.770476795895272,10.450583572185565,0.3198932237097072
1947,10.770476795895272,10.450583572185565,0.3198932237097072
1948,10.770476795895272,10.450583572185565,0.3198932237097072
1949,10.770476795895272,10.450583572185565,0.3198932237097072
1950,10.770476795895272,10.450583572185565,0.3198932237097072
1951,10.770476795895272,10.450583572185565,0.3198932237097072
1952,10.770476795895272,10.450583572185565,0.3198932237097072
1953,10.770476795895272,10.450583572185565,0.3198932237097072
1954,10.770476795895272,10.450583572185565,0.3198932237097072
1955,10.770476795895272,10.450583572185565,0.3198932237097072
1956,10.770476795895272,10.450583572185565,0.3198932237097072
1957,10.770476795895272,10.450583572185565,0.3198932237097072
1958,10.770476795895272,10.450583572185565,0.3198932237097072
1959,10.770476795895272,10.450583572185565,0.3198932237097072
1960,10.770476795895272,10.450583572185565,0.3198932237097072
1961,10.770476795895272,10.450583572185565,0.3198932237097072
1962,10.770476795895272,10.450583572185565,0.3198932237097072
1963,10.770476795895272,10.450583572185565,0.3198932237097072
1964,10.770476795895272,10.450583572185565,0.3198932237097072
1965,10.770476795895272,10.450583572185565,0.3198932237097072
1966,10.770476795895272,10.450583572185565,0.3198932237097072
1967,10.770476795895272,10.450583572185565,0.3198932237097072
1968,10.770476795895272,10.450583572185565,0.3198932237097072
1969,10.770476795895272,10.450583572185565,0.3198932237097072
1970,10.770476795895272,10.450583572185565,0.3198932237097072
1971,10.770476795895272,10.450583572185565,0.3198932237097072
1972,10.770476795895272,10.450583572185565,0.3198932237097072
1973,10.770476795895272,10.450583572185565,0.3198932237097072
1974,10.770476795895272,10.450583572185565,0.3198932237097072
1975,10.770476795895272,10.450583572185565,0.3198932237097072
1976,10.770476795895272,10.450583572185565,0.3198932237097072
1977,10.770476795895272,10.450583572185565,0.3198932237097072
1978,10.770476795895272,10.450583572185565,0.3198932237097072
1979,10.770476795895272,10.450583572185565,0.3198932237097072
1980,10.770476795895272,10.450583572185565,0.3198932237097072
1981,10.770476795895272,10.450583572185565,0.3198932237097072
1982,10.770476795895272,10.450583572185565,0.3198932237097072
1983,10.770476795895272,10.450583572185565,0.3198932237097072
1984,10.770476795895272,10.450583572185565,0.3198932237097072
1985,10.770476795895272,10.450583572185565,0.3198932237097072
1986,10.770476795895272,10.450583572185565,0.3198932237097072
1987,10.770476795895272,10.450583572185565,0.3198932237097072
1988,10.770476795895272,10.450583572185565,0.3198932237097072
1989,10.770476795895272,10.450583572185565,0.3198932237097072
1990,10.770476795895272,10.450583572185565,0.3198932237097072
1991,10.770476795895272,10.450583572185565,0.3198932237097072
1992,10.770476795895272,10.450583572185565,0.3198932237097072
1993,10.770476795895272,10.450583572185565,0.3198932237097072
1994,10.770476795895272,10.450583572185565,0.3198932237097072
1995,10.770476795895272,10.450583572185565,0.3198932237097072
1996,10.770476795895272,10.450583572185565,0.3198932237097072
1997,10.770476795895272,10.450583572185565,0.3198932237097072
1998,10.770476795895272,10.450583572185565,0.3198932237097072
1999,10.770476795895272,10.450583572185565,0.3198932237097072
2000,10.770476795895272,10.450583572185565,0.3198932237097072
2001,10.770476795895272,10.450583572185565,0.3198932237097072
2002,10.770476795895272,10.450583572185565,0.3198932237097072
2003,10.770476795895272,10.450583572185565,0.3198932237097072
2004,10.770476795895272,10.450583572185565,0.3198932237097072
2005,10.770476795895272,10.450583572185565,0.3198932237097072
2006,10.770476795895272,10.450583572185565,0.3198932237097072
2007,10.770476795895272,10.450583572185565,0.3198932237097072
2008,10.770476795895272,10.450583572185565,0.3198932237097072
2009,10.770476795895272,10.450583572185565,0.3198932237097072
2010,10.770476795895272,10.450583572185565,0.3198932237097072
2011,10.770476795895272,10.450583572185565,0.3198932237097072
2012,10.770476795895272,10.450583572185565,0.3198932237097072
2013,10.770476795895272,10.450583572185565,0.3198932237097072
2014,10.770476795895272,10.450583572185565,0.3198932237097072
2015,10.770476795895272,10.450583572185565,0.3198932237097072
2016,10.770476795895272,10.450583572185565,0.3198932237097072
2017,10.770476795895272,10.450583572185565,0.3198932237097072
2018,10.770476795895272,10.450583572185565,0.3198932237097072
2019,10.770476795895272,10.450583572185565,0.3198932237097072
2020,10.770476795895272,10.450583572185565,0.3198932237097072
2021,10.770476795895272,10.450583572185565,0.3198932237097072
2022,10.770476795895272,10.450583572185565,0.3198932237097072
2023,10.770476795895272,10.450583572185565,0.3198932237097072
2024,10.770476795895272,10.450583572185565,0.3198932237097072
2025,10.770476795895272,10.450583572185565,0.3198932237097072
2026,10.770476795895272,10.450583572185565,0.3198932237097072
2027,10.770476795895272,10.450583572185565,0.3198932237097072
2028,10.770476795895272,10.450583572185565,0.3198932237097072
2029,10.770476795895272,10.450583572185565,0.3198932237097072
2030,10.770476795895272,10.450583572185565,0.3198932237097072
2031,10.770476795895272,10.450583572185565,0.3198932237097072
2032,10.770476795895272,10.450583572185565,0.3198932237097072
2033,10.770476795895272,10.450583572185565,0.3198932237097072
2034,10.770476795895272,10.450583572185565,0.3198932237097072
2035,10.770476795895272,10.450583572185565,0.3198932237097072
2036,10.770476795895272,10.450583572185565,0.3198932237097072
2037,10.770476795895272,10.450583572185565,0.3198932237097072
2038,10.770476795895272,10.450583572185565,0.3198932237097072
2039,10.770476795895272,10.450583572185565,0.3198932237097072
2040,10.770476795895272,10.450583572185565,0.3198932237097072
2041,10.770476795895272,10.450583572185565,0.3198932237097072
2042,10.770476795895272,10.450583572185565,0.3198932237097072
2043,10.770476795895272,10.450583572185565,0.3198932237097072
2044,10.770476795895272,10.450583572185565,0.3198932237097072
2045,10.770476795895272,10.450583572185565,0.3198932237097072
2046,10.770476795895272,10.450583572185565,0.3198932237097072
2047,10.770476795895272,10.450583572185565,0.3198932237097072
2048,10.770476795895272,10.450583572185565,0.3198932237097072
2049,10.770476795895272,10.450583572185565,0.3198932237097072
2050,10.770476795895272,10.450583572185565,0.3198932237097072
2051,10.770476795895272,10.450583572185565,0.3198932237097072
2052,10.770476795895272,10.450583572185565,0.3198932237097072
2053,10.770476795895272,10.450583572185565,0.3198932237097072
2054,10.770476795895272,10.450583572185565,0.3198932237097072
2055,10.770476795895272,10.450583572185565,0.3198932237097072
2056,10.770476795895272,10.450583572185565,0.3198932237097072
2057,10.770476795895272,10.450583572185565,0.3198932237097072
2058,10.770476795895272,10.450583572185565,0.3198932237097072
2059,10.770476795895272,10.450583572185565,0.3198932237097072
2060,10.770476795895272,10.450583572185565,0.3198932237097072
2061,10.770476795895272,10.450583572185565,0.3198932237097072
2062,10.770476795895272,10.450583572185565,0.3198932237097072
2063,10.770476795895272,10.450583572185565,0.3198932237097072
2064,10.770476795895272,10.450583572185565,0.3198932237097072
2065,10.770476795895272,10.450583572185565,0.3198932237097072
2066,10.770476795895272,10.450583572185565,0.3198932237097072
2067,10.770476795895272,10.450583572185565,0.3198932237097072
2068,10.770476795895272,10.450583572185565,0.3198932237097072
2069,10.770476795895272,10.450583572185565,0.3198932237097072
2070,10.770476795895272,10.450583572185565,0.3198932237097072
2071,10.770476795895272,10.450583572185565,0.3198932237097072
2072,10.770476795895272,10.450583572185565,0.3198932237097072
2073,10.770476795895272,10.450583572185565,0.3198932237097072
2074,10.770476795895272,10.450583572185565,0.3198932237097072
2075,10.770476795895272,10.450583572185565,0.3198932237097072
2076,10.770476795895272,10.450583572185565,0.3198932237097072
2077,10.770476795895272,10.450583572185565,0.3198932237097072
2078,10.770476795895272,10.450583572185565,0.3198932237097072
2079,10.770476795895272,10.450583572185565,0.3198932237097072
2080,10.770476795895272,10.450583572185565,0.3198932237097072
2081,10.770476795895272,10.450583572185565,0.3198932237097072
2082,10.770476795895272,10.450583572185565,0.3198932237097072
2083,10.770476795895272,10.450583572185565,0.3198932237097072
2084,10.770476795895272,10.450583572185565,0.3198932237097072
2085,10.770476795895272,10.450583572185565,0.3198932237097072
2086,10.770476795895272,10.450583572185565,0.3198932237097072
2087,10.770476795895272,10.450583572185565,0.3198932237097072
2088,10.770476795895272,10.450583572185565,0.3198932237097072
2089,10.770476795895272,10.450583572185565,0.3198932237097072
2090,10.770476795895272,10.450583572185565,0.3198932237097072
2091,10.770476795895272,10.450583572185565,0.3198932237097072
2092,10.770476795895272,10.450583572185565,0.3198932237097072
2093,10.770476795895272,10.450583572185565,0.3198932237097072
2094,10.770476795895272,10.450583572185565,0.3198932237097072
2095,10.770476795895272,10.450583572185565,0.3198932237097072
2096,10.770476795895272,10.450583572185565,0.3198932237097072
2097,10.770476795895272,10.450583572185565,0.3198932237097072
2098,10.770476795895272,10.450583572185565,0.3198932237097072
2099,10.770476795895272,10.450583572185565,0.3198932237097072
2100,10.770476795895272,10.450583572185565,0.3198932237097072
2101,10.770476795895272,10.450583572185565,0.3198932237097072
2102,10.770476795895272,10.450583572185565,0.3198932237097072
2103,10.770476795895272,10.450583572185565,0.3198932237097072
2104,10.770476795895272,10.450583572185565,0.3198932237097072
2105,10.770476795895272,10.450583572185565,0.3198932237097072
2106,10.770476795895272,10.450583572185565,0.3198932237097072
2107,10.770476795895272,10.450583572185565,0.3198932237097072
2108,10.770476795895272,10.450583572185565,0.3198932237097072
2109,10.770476795895272,10.450583572185565,0.3198932237097072
2110,10.770476795895272,10.450583572185565,0.3198932237097072
2111,10.770476795895272,10.450583572185565,0.3198932237097072
2112,10.770476795895272,10.450583572185565,0.3198932237097072
2113,10.770476795895272,10.450583572185565,0.3198932237097072
2114,10.770476795895272,10.450583572185565,0.3198932237097072
2115,10.770476795895272,10.450583572185565,0.3198932237097072
2116,10.770476795895272,10.450583572185565,0.3198932237097072
2117,10.770476795895272,10.450583572185565,0.3198932237097072
2118,10.770476795895272,10.450583572185565,0.3198932237097072
2119,10.770476795895272,10.450583572185565,0.3198932237097072
2120,10.770476795895272,10.450583572185565,0.3198932237097072
2121,10.770476795895272,10.450583572185565,0.3198932237097072
2122,10.770476795895272,10.450583572185565,0.3198932237097072
2123,10.770476795895272,10.450583572185565,0.3198932237097072
2124,10.770476795895272,10.450583572185565,0.3198932237097072
2125,10.770476795895272,10.450583572185565,0.3198932237097072
2126,10.770476795895272,10.450583572185565,0.3198932237097072
2127,10.770476795895272,10.450583572185565,0.3198932237097072
2128,10.770476795895272,10.450583572185565,0.3198932237097072
2129,10.770476795895272,10.450583572185565,0.3198932237097072
2130,10.770476795895272,10.450583572185565,0.3198932237097072
2131,10.770476795895272,10.450583572185565,0.3198932237097072
2132,10.770476795895272,10.450583572185565,0.3198932237097072
2133,10.770476795895272,10.450583572185565,0.3198932237097072
2134,10.770476795895272,10.450583572185565,0.3198932237097072
2135,10.770476795895272,10.450583572185565,0.3198932237097072
2136,10.770476795895272,10.450583572185565,0.3198932237097072
2137,10.770476795895272,10.450583572185565,0.3198932237097072
2138,10.770476795895272,10.450583572185565,0.3198932237097072
2139,10.770476795895272,10.450583572185565,0.3198932237097072
2140,10.770476795895272,10.450583572185565,0.3198932237097072
2141,10.770476795895272,10.450583572185565,0.3198932237097072
2142,10.770476795895272,10.450583572185565,0.3198932237097072
2143,10.770476795895272,10.450583572185565,0.3198932237097072
2144,10.770476795895272,10.450583572185565,0.3198932237097072
2145,10.770476795895272,10.450583572185565,0.3198932237097072
2146,10.770476795895272,10.450583572185565,0.3198932237097072
2147,10.770476795895272,10.450583572185565,0.3198932237097072
2148,10.770476795895272,10.450583572185565,0.3198932237097072
2149,10.770476795895272,10.450583572185565,0.3198932237097072
2150,10.770476795895272,10.450583572185565,0.3198932237097072
2151,10.770476795895272,10.450583572185565,0.3198932237097072
2152,10.770476795895272,10.450583572185565,0.3198932237097072
2153,10.770476795895272,10.450583572185565,0.3198932237097072
2154,10.770476795895272,10.450583572185565,0.3198932237097072
2155,10.770476795895272,10.450583572185565,0.3198932237097072
2156,10.770476795895272,10.450583572185565,0.3198932237097072
2157,10.770476795895272,10.450583572185565,0.3198932237097072
2158,10.770476795895272,10.450583572185565,0.3198932237097072
2159,10.770476795895272,10.450583572185565,0.3198932237097072
2160,10.770476795895272,10.450583572185565,0.3198932237097072
2161,10.770476795895272,10.450583572185565,0.3198932237097072
2162,10.770476795895272,10.450583572185565,0.3198932237097072
2163,10.770476795895272,10.450583572185565,0.3198932237097072
2164,10.770476795895272,10.450583572185565,0.3198932237097072
2165,10.770476795895272,10.450583572185565,0.3198932237097072
2166,10.770476795895272,10.450583572185565,0.3198932237097072
2167,10.770476795895272,10.450583572185565,0.3198932237097072
2168,10.770476795895272,10.450583572185565,0.3198932237097072
2169,10.770476795895272,10.450583572185565,0.3198932237097072
2170,10.770476795895272,10.450583572185565,0.3198932237097072
2171,10.770476795895272,10.450583572185565,0.3198932237097072
2172,10.770476795895272,10.450583572185565,0.3198932237097072
2173,10.770476795895272,10.450583572185565,0.3198932237097072
2174,10.770476795895272,10.450583572185565,0.3198932237097072
2175,10.770476795895272,10.450583572185565,0.3198932237097072
2176,10.770476795895272,10.450583572185565,0.3198932237097072
2177,10.770476795895272,10.450583572185565,0.3198932237097072
2178,10.770476795895272,10.450583572185565,0.3198932237097072
2179,10.770476795895272,10.450583572185565,0.3198932237097072
2180,10.770476795895272,10.450583572185565,0.3198932237097072
2181,10.770476795895272,10.450583572185565,0.3198932237097072
2182,10.770476795895272,10.450583572185565,0.3198932237097072
2183,10.770476795895272,10.450583572185565,0.3198932237097072
2184,10.770476795895272,10.450583572185565,0.3198932237097072
2185,10.770476795895272,10.450583572185565,0.3198932237097072
2186,10.770476795895272,10.450583572185565,0.3198932237097072
2187,10.770476795895272,10.450583572185565,0.3198932237097072
2188,10.770476795895272,10.450583572185565,0.3198932237097072
2189,10.770476795895272,10.450583572185565,0.3198932237097072
2190,10.770476795895272,10.450583572185565,0.3198932237097072
2191,10.770476795895272,10.450583572185565,0.3198932237097072
2192,10.770476795895272,10.450583572185565,0.3198932237097072
2193,10.770476795895272,10.450583572185565,0.3198932237097072
2194,10.770476795895272,10.450583572185565,0.3198932237097072
2195,10.770476795895272,10.450583572185565,0.3198932237097072
2196,10.770476795895272,10.450583572185565,0.3198932237097072
2197,10.770476795895272,10.450583572185565,0.3198932237097072
2198,10.770476795895272,10.450583572185565,0.3198932237097072
2199,10.770476795895272,10.450583572185565,0.3198932237097072
2200,10.770476795895272,10.450583572185565,0.3198932237097072
2201,10.770476795895272,10.450583572185565,0.3198932237097072
2202,10.770476795895272,10.450583572185565,0.3198932237097072
2203,10.770476795895272,10.450583572185565,0.3198932237097072
2204,10.770476795895272,10.450583572185565,0.3198932237097072
2205,10.770476795895272,10.450583572185565,0.3198932237097072
2206,10.770476795895272,10.450583572185565,0.3198932237097072
2207,10.770476795895272,10.450583572185565,0.3198932237097072
2208,10.770476795895272,10.450583572185565,0.3198932237097072
2209,10.770476795895272,10.450583572185565,0.3198932237097072
2210,10.770476795895272,10.450583572185565,0.3198932237097072
2211,10.770476795895272,10.450583572185565,0.3198932237097072
2212,10.770476795895272,10.450583572185565,0.3198932237097072
2213,10.770476795895272,10.450583572185565,0.3198932237097072
2214,10.770476795895272,10.450583572185565,0.3198932237097072
2215,10.770476795895272,10.450583572185565,0.3198932237097072
2216,10.770476795895272,10.450583572185565,0.3198932237097072
2217,10.770476795895272,10.450583572185565,0.3198932237097072
2218,10.770476795895272,10.450583572185565,0.3198932237097072
2219,10.770476795895272,10.450583572185565,0.3198932237097072
2220,10.770476795895272,10.450583572185565,0.3198932237097072
2221,10.770476795895272,10.450583572185565,0.3198932237097072
2222,10.770476795895272,10.450583572185565,0.3198932237097072
2223,10.770476795895272,10.450583572185565,0.3198932237097072
2224,10.770476795895272,10.450583572185565,0.3198932237097072
2225,10.770476795895272,10.450583572185565,0.3198932237097072
2226,10.770476795895272,10.450583572185565,0.3198932237097072
2227,10.770476795895272,10.450583572185565,0.3198932237097072
2228,10.770476795895272,10.450583572185565,0.3198932237097072
2229,10.770476795895272,10.450583572185565,0.3198932237097072
2230,10.770476795895272,10.450583572185565,0.3198932237097072
2231,10.770476795895272,10.450583572185565,0.3198932237097072
2232,10.770476795895272,10.450583572185565,0.3198932237097072
2233,10.770476795895272,10.450583572185565,0.3198932237097072
2234,10.770476795895272,10.450583572185565,0.3198932237097072
2235,10.770476795895272,10.450583572185565,0.3198932237097072
2236,10.770476795895272,10.450583572185565,0.3198932237097072
2237,10.770476795895272,10.450583572185565,0.3198932237097072
2238,10.770476795895272,10.450583572185565,0.3198932237097072
2239,10.770476795895272,10.450583572185565,0.3198932237097072
2240,10.770476795895272,10.450583572185565,0.3198932237097072
2241,10.770476795895272,10.450583572185565,0.3198932237097072
2242,10.770476795895272,10.450583572185565,0.3198932237097072
2243,10.770476795895272,10.450583572185565,0.3198932237097072
2244,10.770476795895272,10.450583572185565,0.3198932237097072
2245,10.770476795895272,10.450583572185565,0.3198932237097072
2246,10.770476795895272,10.450583572185565,0.3198932237097072
2247,10.770476795895272,10.450583572185565,0.3198932237097072
2248,10.770476795895272,10.450583572185565,0.3198932237097072
2249,10.770476795895272,10.450583572185565,0.3198932237097072
2250,10.770476795895272,10.450583572185565,0.3198932237097072
2251,10.770476795895272,10.450583572185565,0.3198932237097072
2252,10.770476795895272,10.450583572185565,0.3198932237097072
2253,10.770476795895272,10.450583572185565,0.3198932237097072
2254,10.770476795895272,10.450583572185565,0.3198932237097072
2255,10.770476795895272,10.450583572185565,0.3198932237097072
2256,10.770476795895272,10.450583572185565,0.3198932237097072
2257,10.770476795895272,10.450583572185565,0.3198932237097072
2258,10.770476795895272,10.450583572185565,0.3198932237097072
2259,10.770476795895272,10.450583572185565,0.3198932237097072
2260,10.770476795895272,10.450583572185565,0.3198932237097072
2261,10.770476795895272,10.450583572185565,0.3198932237097072
2262,10.770476795895272,10.450583572185565,0.3198932237097072
2263,10.770476795895272,10.450583572185565,0.3198932237097072
2264,10.770476795895272,10.450583572185565,0.3198932237097072
2265,10.770476795895272,10.450583572185565,0.3198932237097072
2266,10.770476795895272,10.450583572185565,0.3198932237097072
2267,10.770476795895272,10.450583572185565,0.3198932237097072
2268,10.770476795895272,10.450583572185565,0.3198932237097072
2269,10.770476795895272,10.450583572185565,0.3198932237097072
2270,10.770476795895272,10.450583572185565,0.3198932237097072
2271,10.770476795895272,10.450583572185565,0.3198932237097072
2272,10.770476795895272,10.450583572185565,0.3198932237097072
2273,10.770476795895272,10.450583572185565,0.3198932237097072
2274,10.770476795895272,10.450583572185565,0.3198932237097072
2275,10.770476795895272,10.450583572185565,0.3198932237097072
2276,10.770476795895272,10.450583572185565,0.3198932237097072
2277,10.770476795895272,10.450583572185565,0.3198932237097072
2278,10.770476795895272,10.450583572185565,0.3198932237097072
2279,10.770476795895272,10.450583572185565,0.3198932237097072
2280,10.770476795895272,10.450583572185565,0.3198932237097072
2281,10.770476795895272,10.450583572185565,0.3198932237097072
2282,10.770476795895272,10.450583572185565,0.3198932237097072
2283,10.770476795895272,10.450583572185565,0.3198932237097072
2284,10.770476795895272,10.450583572185565,0.3198932237097072
2285,10.770476795895272,10.450583572185565,0.3198932237097072
2286,10.770476795895272,10.450583572185565,0.3198932237097072
2287,10.770476795895272,10.450583572185565,0.3198932237097072
2288,10.770476795895272,10.450583572185565,0.3198932237097072
2289,10.770476795895272,10.450583572185565,0.3198932237097072
2290,10.770476795895272,10.450583572185565,0.3198932237097072
2291,10.770476795895272,10.450583572185565,0.3198932237097072
2292,10.770476795895272,10.450583572185565,0.3198932237097072
2293,10.770476795895272,10.450583572185565,0.3198932237097072
2294,10.770476795895272,10.450583572185565,0.3198932237097072
2295,10.770476795895272,10.450583572185565,0.3198932237097072
2296,10.770476795895272,10.450583572185565,0.3198932237097072
2297,10.770476795895272,10.450583572185565,0.3198932237097072
2298,10.770476795895272,10.450583572185565,0.3198932237097072
2299,10.770476795895272,10.450583572185565,0.3198932237097072
2300,10.770476795895272,10.450583572185565,0.3198932237097072
2301,10.770476795895272,10.450583572185565,0.3198932237097072
2302,10.770476795895272,10.450583572185565,0.3198932237097072
2303,10.770476795895272,10.450583572185565,0.3198932237097072
2304,10.770476795895272,10.450583572185565,0.3198932237097072
2305,10.770476795895272,10.450583572185565,0.3198932237097072
2306,10.770476795895272,10.450583572185565,0.3198932237097072
2307,10.770476795895272,10.450583572185565,0.3198932237097072
2308,10.770476795895272,10.450583572185565,0.3198932237097072
2309,10.770476795895272,10.450583572185565,0.3198932237097072
2310,10.770476795895272,10.450583572185565,0.3198932237097072
2311,10.770476795895272,10.450583572185565,0.3198932237097072
2312,10.770476795895272,10.450583572185565,0.3198932237097072
2313,10.770476795895272,10.450583572185565,0.3198932237097072
2314,10.770476795895272,10.450583572185565,0.3198932237097072
2315,10.770476795895272,10.450583572185565,0.3198932237097072
2316,10.770476795895272,10.450583572185565,0.3198932237097072
2317,10.770476795895272,10.450583572185565,0.3198932237097072
2318,10.770476795895272,10.450583572185565,0.3198932237097072
2319,10.770476795895272,10.450583572185565,0.3198932237097072
2320,10.770476795895272,10.450583572185565,0.3198932237097072
2321,10.770476795895272,10.450583572185565,0.3198932237097072
2322,10.770476795895272,10.450583572185565,0.3198932237097072
2323,10.770476795895272,10.450583572185565,0.3198932237097072
2324,10.770476795895272,10.450583572185565,0.3198932237097072
2325,10.770476795895272,10.450583572185565,0.3198932237097072
2326,10.770476795895272,10.450583572185565,0.3198932237097072
2327,10.770476795895272,10.450583572185565,0.3198932237097072
2328,10.770476795895272,10.450583572185565,0.3198932237097072
2329,10.770476795895272,10.450583572185565,0.3198932237097072
2330,10.770476795895272,10.450583572185565,0.3198932237097072
2331,10.770476795895272,10.450583572185565,0.3198932237097072
2332,10.770476795895272,10.450583572185565,0.3198932237097072
2333,10.770476795895272,10.450583572185565,0.3198932237097072
2334,10.770476795895272,10.450583572185565,0.3198932237097072
2335,10.770476795895272,10.450583572185565,0.3198932237097072
2336,10.770476795895272,10.450583572185565,0.3198932237097072
2337,10.770476795895272,10.450583572185565,0.3198932237097072
2338,10.770476795895272,10.450583572185565,0.3198932237097072
2339,10.770476795895272,10.450583572185565,0.3198932237097072
2340,10.770476795895272,10.450583572185565,0.3198932237097072
2341,10.770476795895272,10.450583572185565,0.3198932237097072
2342,10.770476795895272,10.450583572185565,0.3198932237097072
2343,10.770476795895272,10.450583572185565,0.3198932237097072
2344,10.770476795895272,10.450583572185565,0.3198932237097072
2345,10.770476795895272,10.450583572185565,0.3198932237097072
2346,10.770476795895272,10.450583572185565,0.3198932237097072
2347,10.770476795895272,10.450583572185565,0.3198932237097072
2348,10.770476795895272,10.450583572185565,0.3198932237097072
2349,10.770476795895272,10.450583572185565,0.3198932237097072
2350,10.770476795895272,10.450583572185565,0.3198932237097072
2351,10.770476795895272,10.450583572185565,0.3198932237097072
2352,10.770476795895272,10.450583572185565,0.3198932237097072
2353,10.770476795895272,10.450583572185565,0.3198932237097072
2354,10.770476795895272,10.450583572185565,0.3198932237097072
2355,10.770476795895272,10.450583572185565,0.3198932237097072
2356,10.770476795895272,10.450583572185565,0.3198932237097072
2357,10.770476795895272,10.450583572185565,0.3198932237097072
2358,10.770476795895272,10.450583572185565,0.3198932237097072
2359,10.770476795895272,10.450583572185565,0.3198932237097072
2360,10.770476795895272,10.450583572185565,0.3198932237097072
2361,10.770476795895272,10.450583572185565,0.3198932237097072
2362,10.770476795895272,10.450583572185565,0.3198932237097072
2363,10.770476795895272,10.450583572185565,0.3198932237097072
2364,10.770476795895272,10.450583572185565,0.3198932237097072
2365,10.770476795895272,10.450583572185565,0.3198932237097072
2366,10.770476795895272,10.450583572185565,0.3198932237097072
2367,10.770476795895272,10.450583572185565,0.3198932237097072
2368,10.770476795895272,10.450583572185565,0.3198932237097072
2369,10.770476795895272,10.450583572185565,0.3198932237097072
2370,10.770476795895272,10.450583572185565,0.3198932237097072
2371,10.770476795895272,10.450583572185565,0.3198932237097072
2372,10.770476795895272,10.450583572185565,0.3198932237097072
2373,10.770476795895272,10.450583572185565,0.3198932237097072
2374,10.770476795895272,10.450583572185565,0.3198932237097072
2375,10.770476795895272,10.450583572185565,0.3198932237097072
2376,10.770476795895272,10.450583572185565,0.3198932237097072
2377,10.770476795895272,10.450583572185565,0.3198932237097072
2378,10.770476795895272,10.450583572185565,0.3198932237097072
2379,10.770476795895272,10.450583572185565,0.3198932237097072
2380,10.770476795895272,10.450583572185565,0.3198932237097072
2381,10.770476795895272,10.450583572185565,0.3198932237097072
2382,10.770476795895272,10.450583572185565,0.3198932237097072
2383,10.770476795895272,10.450583572185565,0.3198932237097072
2384,10.770476795895272,10.450583572185565,0.3198932237097072
2385,10.770476795895272,10.450583572185565,0.3198932237097072
2386,10.770476795895272,10.450583572185565,0.3198932237097072
2387,10.770476795895272,10.450583572185565,0.3198932237097072
2388,10.770476795895272,10.450583572185565,0.3198932237097072
2389,10.770476795895272,10.450583572185565,0.3198932237097072
2390,10.770476795895272,10.450583572185565,0.3198932237097072
2391,10.770476795895272,10.450583572185565,0.3198932237097072
2392,10.770476795895272,10.450583572185565,0.3198932237097072
2393,10.770476795895272,10.450583572185565,0.3198932237097072
2394,10.770476795895272,10.450583572185565,0.3198932237097072
2395,10.770476795895272,10.450583572185565,0.3198932237097072
2396,10.770476795895272,10.450583572185565,0.3198932237097072
2397,10.770476795895272,10.450583572185565,0.3198932237097072
2398,10.770476795895272,10.450583572185565,0.3198932237097072
2399,10.770476795895272,10.450583572185565,0.3198932237097072
2400,10.770476795895272,10.450583572185565,0.3198932237097072
2401,10.770476795895272,10.450583572185565,0.3198932237097072
2402,10.770476795895272,10.450583572185565,0.3198932237097072
2403,10.770476795895272,10.450583572185565,0.3198932237097072
2404,10.770476795895272,10.450583572185565,0.3198932237097072
2405,10.770476795895272,10.450583572185565,0.3198932237097072
2406,10.770476795895272,10.450583572185565,0.3198932237097072
2407,10.770476795895272,10.450583572185565,0.3198932237097072
2408,10.770476795895272,10.450583572185565,0.3198932237097072
2409,10.770476795895272,10.450583572185565,0.3198932237097072
2410,10.770476795895272,10.450583572185565,0.3198932237097072
2411,10.770476795895272,10.450583572185565,0.3198932237097072
2412,10.770476795895272,10.450583572185565,0.3198932237097072
2413,10.770476795895272,10.450583572185565,0.3198932237097072
2414,10.770476795895272,10.450583572185565,0.3198932237097072
2415,10.770476795895272,10.450583572185565,0.3198932237097072
2416,10.770476795895272,10.450583572185565,0.3198932237097072
2417,10.770476795895272,10.450583572185565,0.3198932237097072
2418,10.770476795895272,10.450583572185565,0.3198932237097072
2419,10.770476795895272,10.450583572185565,0.3198932237097072
2420,10.770476795895272,10.450583572185565,0.3198932237097072
2421,10.770476795895272,10.450583572185565,0.3198932237097072
2422,10.770476795895272,10.450583572185565,0.3198932237097072
2423,10.770476795895272,10.450583572185565,0.3198932237097072
2424,10.770476795895272,10.450583572185565,0.3198932237097072
2425,10.770476795895272,10.450583572185565,0.3198932237097072
2426,10.770476795895272,10.450583572185565,0.3198932237097072
2427,10.770476795895272,10.450583572185565,0.3198932237097072
2428,10.770476795895272,10.450583572185565,0.3198932237097072
2429,10.770476795895272,10.450583572185565,0.3198932237097072
2430,10.770476795895272,10.450583572185565,0.3198932237097072
2431,10.770476795895272,10.450583572185565,0.3198932237097072
2432,10.770476795895272,10.450583572185565,0.3198932237097072
2433,10.770476795895272,10.450583572185565,0.3198932237097072
2434,10.770476795895272,10.450583572185565,0.3198932237097072
2435,10.770476795895272,10.450583572185565,0.3198932237097072
2436,10.770476795895272,10.450583572185565,0.3198932237097072
2437,10.770476795895272,10.450583572185565,0.3198932237097072
2438,10.770476795895272,10.450583572185565,0.3198932237097072
2439,10.770476795895272,10.450583572185565,0.3198932237097072
2440,10.770476795895272,10.450583572185565,0.3198932237097072
2441,10.770476795895272,10.450583572185565,0.3198932237097072
2442,10.770476795895272,10.450583572185565,0.3198932237097072
2443,10.770476795895272,10.450583572185565,0.3198932237097072
2444,10.770476795895272,10.450583572185565,0.3198932237097072
2445,10.770476795895272,10.450583572185565,0.3198932237097072
2446,10.770476795895272,10.450583572185565,0.3198932237097072
2447,10.770476795895272,10.450583572185565,0.3198932237097072
2448,10.770476795895272,10.450583572185565,0.3198932237097072
2449,10.770476795895272,10.450583572185565,0.3198932237097072
2450,10.770476795895272,10.450583572185565,0.3198932237097072
2451,10.770476795895272,10.450583572185565,0.3198932237097072
2452,10.770476795895272,10.450583572185565,0.3198932237097072
2453,10.770476795895272,10.450583572185565,0.3198932237097072
2454,10.770476795895272,10.450583572185565,0.3198932237097072
2455,10.770476795895272,10.450583572185565,0.3198932237097072
2456,10.770476795895272,10.450583572185565,0.3198932237097072
2457,10.770476795895272,10.450583572185565,0.3198932237097072
2458,10.770476795895272,10.450583572185565,0.3198932237097072
2459,10.770476795895272,10.450583572185565,0.3198932237097072
2460,10.770476795895272,10.450583572185565,0.3198932237097072
2461,10.770476795895272,10.450583572185565,0.3198932237097072
2462,10.770476795895272,10.450583572185565,0.3198932237097072
2463,10.770476795895272,10.450583572185565,0.3198932237097072
2464,10.770476795895272,10.450583572185565,0.3198932237097072
2465,10.770476795895272,10.450583572185565,0.3198932237097072
2466,10.770476795895272,10.450583572185565,0.3198932237097072
2467,10.770476795895272,10.450583572185565,0.3198932237097072
2468,10.770476795895272,10.450583572185565,0.3198932237097072
2469,10.770476795895272,10.450583572185565,0.3198932237097072
2470,10.770476795895272,10.450583572185565,0.3198932237097072
2471,10.770476795895272,10.450583572185565,0.3198932237097072
2472,10.770476795895272,10.450583572185565,0.3198932237097072
2473,10.770476795895272,10.450583572185565,0.3198932237097072
2474,10.770476795895272,10.450583572185565,0.3198932237097072
2475,10.770476795895272,10.450583572185565,0.3198932237097072
2476,10.770476795895272,10.450583572185565,0.3198932237097072
2477,10.770476795895272,10.450583572185565,0.3198932237097072
2478,10.770476795895272,10.450583572185565,0.3198932237097072
2479,10.770476795895272,10.450583572185565,0.3198932237097072
2480,10.770476795895272,10.450583572185565,0.3198932237097072
2481,10.770476795895272,10.450583572185565,0.3198932237097072
2482,10.770476795895272,10.450583572185565,0.3198932237097072
2483,10.770476795895272,10.450583572185565,0.3198932237097072
2484,10.770476795895272,10.450583572185565,0.3198932237097072
2485,10.770476795895272,10.450583572185565,0.3198932237097072
2486,10.770476795895272,10.450583572185565,0.3198932237097072
2487,10.770476795895272,10.450583572185565,0.3198932237097072
2488,10.770476795895272,10.450583572185565,0.3198932237097072
2489,10.770476795895272,10.450583572185565,0.3198932237097072
2490,10.770476795895272,10.450583572185565,0.3198932237097072
2491,10.770476795895272,10.450583572185565,0.3198932237097072
2492,10.770476795895272,10.450583572185565,0.3198932237097072
2493,10.770476795895272,10.450583572185565,0.3198932237097072
2494,10.770476795895272,10.450583572185565,0.3198932237097072
2495,10.770476795895272,10.450583572185565,0.3198932237097072
2496,10.770476795895272,10.450583572185565,0.3198932237097072
2497,10.770476795895272,10.450583572185565,0.3198932237097072
2498,10.770476795895272,10.450583572185565,0.3198932237097072
2499,10.770476795895272,10.450583572185565,0.3198932237097072
2500,10.770476795895272,10.450583572185565,0.3198932237097072
2501,10.770476795895272,10.450583572185565,0.3198932237097072
2502,10.770476795895272,10.450583572185565,0.3198932237097072
2503,10.770476795895272,10.450583572185565,0.3198932237097072
2504,10.770476795895272,10.450583572185565,0.3198932237097072
2505,10.770476795895272,10.450583572185565,0.3198932237097072
2506,10.770476795895272,10.450583572185565,0.3198932237097072
2507,10.770476795895272,10.450583572185565,0.3198932237097072
2508,10.770476795895272,10.450583572185565,0.3198932237097072
2509,10.770476795895272,10.450583572185565,0.3198932237097072
2510,10.770476795895272,10.450583572185565,0.3198932237097072
2511,10.770476795895272,10.450583572185565,0.3198932237097072
2512,10.770476795895272,10.450583572185565,0.3198932237097072
2513,10.770476795895272,10.450583572185565,0.3198932237097072
2514,10.770476795895272,10.450583572185565,0.3198932237097072
2515,10.770476795895272,10.450583572185565,0.3198932237097072
2516,10.770476795895272,10.450583572185565,0.3198932237097072
2517,10.770476795895272,10.450583572185565,0.3198932237097072
2518,10.770476795895272,10.450583572185565,0.3198932237097072
2519,10.770476795895272,10.450583572185565,0.3198932237097072
2520,10.770476795895272,10.450583572185565,0.3198932237097072
2521,10.770476795895272,10.450583572185565,0.3198932237097072
2522,10.770476795895272,10.450583572185565,0.3198932237097072
2523,10.770476795895272,10.450583572185565,0.3198932237097072
2524,10.770476795895272,10.450583572185565,0.3198932237097072
2525,10.770476795895272,10.450583572185565,0.3198932237097072
2526,10.770476795895272,10.450583572185565,0.3198932237097072
2527,10.770476795895272,10.450583572185565,0.3198932237097072
2528,10.770476795895272,10.450583572185565,0.3198932237097072
2529,10.770476795895272,10.450583572185565,0.3198932237097072
2530,10.770476795895272,10.450583572185565,0.3198932237097072
2531,10.770476795895272,10.450583572185565,0.3198932237097072
2532,10.770476795895272,10.450583572185565,0.3198932237097072
2533,10.770476795895272,10.450583572185565,0.3198932237097072
2534,10.770476795895272,10.450583572185565,0.3198932237097072
2535,10.770476795895272,10.450583572185565,0.3198932237097072
2536,10.770476795895272,10.450583572185565,0.3198932237097072
2537,10.770476795895272,10.450583572185565,0.3198932237097072
2538,10.770476795895272,10.450583572185565,0.3198932237097072
2539,10.770476795895272,10.450583572185565,0.3198932237097072
2540,10.770476795895272,10.450583572185565,0.3198932237097072
2541,10.770476795895272,10.450583572185565,0.3198932237097072
2542,10.770476795895272,10.450583572185565,0.3198932237097072
2543,10.770476795895272,10.450583572185565,0.3198932237097072
2544,10.770476795895272,10.450583572185565,0.3198932237097072
2545,10.770476795895272,10.450583572185565,0.3198932237097072
2546,10.770476795895272,10.450583572185565,0.3198932237097072
2547,10.770476795895272,10.450583572185565,0.3198932237097072
2548,10.770476795895272,10.450583572185565,0.3198932237097072
2549,10.770476795895272,10.450583572185565,0.3198932237097072
2550,10.770476795895272,10.450583572185565,0.3198932237097072
2551,10.770476795895272,10.450583572185565,0.3198932237097072
2552,10.770476795895272,10.450583572185565,0.3198932237097072
2553,10.770476795895272,10.450583572185565,0.3198932237097072
2554,10.770476795895272,10.450583572185565,0.3198932237097072
2555,10.770476795895272,10.450583572185565,0.3198932237097072
2556,10.770476795895272,10.450583572185565,0.3198932237097072
2557,10.770476795895272,10.450583572185565,0.3198932237097072
2558,10.770476795895272,10.450583572185565,0.3198932237097072
2559,10.770476795895272,10.450583572185565,0.3198932237097072
2560,10.770476795895272,10.450583572185565,0.3198932237097072
2561,10.770476795895272,10.450583572185565,0.3198932237097072
2562,10.770476795895272,10.450583572185565,0.3198932237097072
2563,10.770476795895272,10.450583572185565,0.3198932237097072
2564,10.770476795895272,10.450583572185565,0.3198932237097072
2565,10.770476795895272,10.450583572185565,0.3198932237097072
2566,10.770476795895272,10.450583572185565,0.3198932237097072
2567,10.770476795895272,10.450583572185565,0.3198932237097072
2568,10.770476795895272,10.450583572185565,0.3198932237097072
2569,10.770476795895272,10.450583572185565,0.3198932237097072
2570,10.770476795895272,10.450583572185565,0.3198932237097072
2571,10.770476795895272,10.450583572185565,0.3198932237097072
2572,10.770476795895272,10.450583572185565,0.3198932237097072
2573,10.770476795895272,10.450583572185565,0.3198932237097072
2574,10.770476795895272,10.450583572185565,0.3198932237097072
2575,10.770476795895272,10.450583572185565,0.3198932237097072
2576,10.770476795895272,10.450583572185565,0.3198932237097072
2577,10.770476795895272,10.450583572185565,0.3198932237097072
2578,10.770476795895272,10.450583572185565,0.3198932237097072
2579,10.770476795895272,10.450583572185565,0.3198932237097072
2580,10.770476795895272,10.450583572185565,0.3198932237097072
2581,10.770476795895272,10.450583572185565,0.3198932237097072
2582,10.770476795895272,10.450583572185565,0.3198932237097072
2583,10.770476795895272,10.450583572185565,0.3198932237097072
2584,10.770476795895272,10.450583572185565,0.3198932237097072
2585,10.770476795895272,10.450583572185565,0.3198932237097072
2586,10.770476795895272,10.450583572185565,0.3198932237097072
2587,10.770476795895272,10.450583572185565,0.3198932237097072
2588,10.770476795895272,10.450583572185565,0.3198932237097072
2589,10.770476795895272,10.450583572185565,0.3198932237097072
2590,10.770476795895272,10.450583572185565,0.3198932237097072
2591,10.770476795895272,10.450583572185565,0.3198932237097072
2592,10.770476795895272,10.450583572185565,0.3198932237097072
2593,10.770476795895272,10.450583572185565,0.3198932237097072
2594,10.770476795895272,10.450583572185565,0.3198932237097072
2595,10.770476795895272,10.450583572185565,0.3198932237097072
2596,10.770476795895272,10.450583572185565,0.3198932237097072
2597,10.770476795895272,10.450583572185565,0.3198932237097072
2598,10.770476795895272,10.450583572185565,0.3198932237097072
2599,10.770476795895272,10.450583572185565,0.3198932237097072
2600,10.770476795895272,10.450583572185565,0.3198932237097072
2601,10.770476795895272,10.450583572185565,0.3198932237097072
2602,10.770476795895272,10.450583572185565,0.3198932237097072
2603,10.770476795895272,10.450583572185565,0.3198932237097072
2604,10.770476795895272,10.450583572185565,0.3198932237097072
2605,10.770476795895272,10.450583572185565,0.3198932237097072
2606,10.770476795895272,10.450583572185565,0.3198932237097072
2607,10.770476795895272,10.450583572185565,0.3198932237097072
2608,10.770476795895272,10.450583572185565,0.3198932237097072
2609,10.770476795895272,10.450583572185565,0.3198932237097072
2610,10.770476795895272,10.450583572185565,0.3198932237097072
2611,10.770476795895272,10.450583572185565,0.3198932237097072
2612,10.770476795895272,10.450583572185565,0.3198932237097072
2613,10.770476795895272,10.450583572185565,0.3198932237097072
2614,10.770476795895272,10.450583572185565,0.3198932237097072
2615,10.770476795895272,10.450583572185565,0.3198932237097072
2616,10.770476795895272,10.450583572185565,0.3198932237097072
2617,10.770476795895272,10.450583572185565,0.3198932237097072
2618,10.770476795895272,10.450583572185565,0.3198932237097072
2619,10.770476795895272,10.450583572185565,0.3198932237097072
2620,10.770476795895272,10.450583572185565,0.3198932237097072
2621,10.770476795895272,10.450583572185565,0.3198932237097072
2622,10.770476795895272,10.450583572185565,0.3198932237097072
2623,10.770476795895272,10.450583572185565,0.3198932237097072
2624,10.770476795895272,10.450583572185565,0.3198932237097072
2625,10.770476795895272,10.450583572185565,0.3198932237097072
2626,10.770476795895272,10.450583572185565,0.3198932237097072
2627,10.770476795895272,10.450583572185565,0.3198932237097072
2628,10.770476795895272,10.450583572185565,0.3198932237097072
2629,10.770476795895272,10.450583572185565,0.3198932237097072
2630,10.770476795895272,10.450583572185565,0.3198932237097072
2631,10.770476795895272,10.450583572185565,0.3198932237097072
2632,10.770476795895272,10.450583572185565,0.3198932237097072
2633,10.770476795895272,10.450583572185565,0.3198932237097072
2634,10.770476795895272,10.450583572185565,0.3198932237097072
2635,10.770476795895272,10.450583572185565,0.3198932237097072
2636,10.770476795895272,10.450583572185565,0.3198932237097072
2637,10.770476795895272,10.450583572185565,0.3198932237097072
2638,10.770476795895272,10.450583572185565,0.3198932237097072
2639,10.770476795895272,10.450583572185565,0.3198932237097072
2640,10.770476795895272,10.450583572185565,0.3198932237097072
2641,10.770476795895272,10.450583572185565,0.3198932237097072
2642,10.770476795895272,10.450583572185565,0.3198932237097072
2643,10.770476795895272,10.450583572185565,0.3198932237097072
2644,10.770476795895272,10.450583572185565,0.3198932237097072
2645,10.770476795895272,10.450583572185565,0.3198932237097072
2646,10.770476795895272,10.450583572185565,0.3198932237097072
2647,10.770476795895272,10.450583572185565,0.3198932237097072
2648,10.770476795895272,10.450583572185565,0.3198932237097072
2649,10.770476795895272,10.450583572185565,0.3198932237097072
2650,10.770476795895272,10.450583572185565,0.3198932237097072
2651,10.770476795895272,10.450583572185565,0.3198932237097072
2652,10.770476795895272,10.450583572185565,0.3198932237097072
2653,10.770476795895272,10.450583572185565,0.3198932237097072
2654,10.770476795895272,10.450583572185565,0.3198932237097072
2655,10.770476795895272,10.450583572185565,0.3198932237097072
2656,10.770476795895272,10.450583572185565,0.3198932237097072
2657,10.770476795895272,10.450583572185565,0.3198932237097072
2658,10.770476795895272,10.450583572185565,0.3198932237097072
2659,10.770476795895272,10.450583572185565,0.3198932237097072
2660,10.770476795895272,10.450583572185565,0.3198932237097072
2661,10.770476795895272,10.450583572185565,0.3198932237097072
2662,10.770476795895272,10.450583572185565,0.3198932237097072
2663,10.770476795895272,10.450583572185565,0.3198932237097072
2664,10.770476795895272,10.450583572185565,0.3198932237097072
2665,10.770476795895272,10.450583572185565,0.3198932237097072
2666,10.770476795895272,10.450583572185565,0.3198932237097072
2667,10.770476795895272,10.450583572185565,0.3198932237097072
2668,10.770476795895272,10.450583572185565,0.3198932237097072
2669,10.770476795895272,10.450583572185565,0.3198932237097072
2670,10.770476795895272,10.450583572185565,0.3198932237097072
2671,10.770476795895272,10.450583572185565,0.3198932237097072
2672,10.770476795895272,10.450583572185565,0.3198932237097072
2673,10.770476795895272,10.450583572185565,0.3198932237097072
2674,10.770476795895272,10.450583572185565,0.3198932237097072
2675,10.770476795895272,10.450583572185565,0.3198932237097072
2676,10.770476795895272,10.450583572185565,0.3198932237097072
2677,10.770476795895272,10.450583572185565,0.3198932237097072
2678,10.770476795895272,10.450583572185565,0.3198932237097072
2679,10.770476795895272,10.450583572185565,0.3198932237097072
2680,10.770476795895272,10.450583572185565,0.3198932237097072
2681,10.770476795895272,10.450583572185565,0.3198932237097072
2682,10.770476795895272,10.450583572185565,0.3198932237097072
2683,10.770476795895272,10.450583572185565,0.3198932237097072
2684,10.770476795895272,10.450583572185565,0.3198932237097072
2685,10.770476795895272,10.450583572185565,0.3198932237097072
2686,10.770476795895272,10.450583572185565,0.3198932237097072
2687,10.770476795895272,10.450583572185565,0.3198932237097072
2688,10.770476795895272,10.450583572185565,0.3198932237097072
2689,10.770476795895272,10.450583572185565,0.3198932237097072
2690,10.770476795895272,10.450583572185565,0.3198932237097072
2691,10.770476795895272,10.450583572185565,0.3198932237097072
2692,10.770476795895272,10.450583572185565,0.3198932237097072
2693,10.770476795895272,10.450583572185565,0.3198932237097072
2694,10.770476795895272,10.450583572185565,0.3198932237097072
2695,10.770476795895272,10.450583572185565,0.3198932237097072
2696,10.770476795895272,10.450583572185565,0.3198932237097072
2697,10.770476795895272,10.450583572185565,0.3198932237097072
2698,10.770476795895272,10.450583572185565,0.3198932237097072
2699,10.770476795895272,10.450583572185565,0.3198932237097072
2700,10.770476795895272,10.450583572185565,0.3198932237097072
2701,10.770476795895272,10.450583572185565,0.3198932237097072
2702,10.770476795895272,10.450583572185565,0.3198932237097072
2703,10.770476795895272,10.450583572185565,0.3198932237097072
2704,10.770476795895272,10.450583572185565,0.3198932237097072
2705,10.770476795895272,10.450583572185565,0.3198932237097072
2706,10.770476795895272,10.450583572185565,0.3198932237097072
2707,10.770476795895272,10.450583572185565,0.3198932237097072
2708,10.770476795895272,10.450583572185565,0.3198932237097072
2709,10.770476795895272,10.450583572185565,0.3198932237097072
2710,10.770476795895272,10.450583572185565,0.3198932237097072
2711,10.770476795895272,10.450583572185565,0.3198932237097072
2712,10.770476795895272,10.450583572185565,0.3198932237097072
2713,10.770476795895272,10.450583572185565,0.3198932237097072
2714,10.770476795895272,10.450583572185565,0.3198932237097072
2715,10.770476795895272,10.450583572185565,0.3198932237097072
2716,10.770476795895272,10.450583572185565,0.3198932237097072
2717,10.770476795895272,10.450583572185565,0.3198932237097072
2718,10.770476795895272,10.450583572185565,0.3198932237097072
2719,10.770476795895272,10.450583572185565,0.3198932237097072
2720,10.770476795895272,10.450583572185565,0.3198932237097072
2721,10.770476795895272,10.450583572185565,0.3198932237097072
2722,10.770476795895272,10.450583572185565,0.3198932237097072
2723,10.770476795895272,10.450583572185565,0.3198932237097072
2724,10.770476795895272,10.450583572185565,0.3198932237097072
2725,10.770476795895272,10.450583572185565,0.3198932237097072
2726,10.770476795895272,10.450583572185565,0.3198932237097072
2727,10.770476795895272,10.450583572185565,0.3198932237097072
2728,10.770476795895272,10.450583572185565,0.3198932237097072
2729,10.770476795895272,10.450583572185565,0.3198932237097072
2730,10.770476795895272,10.450583572185565,0.3198932237097072
2731,10.770476795895272,10.450583572185565,0.3198932237097072
2732,10.770476795895272,10.450583572185565,0.3198932237097072
2733,10.770476795895272,10.450583572185565,0.3198932237097072
2734,10.770476795895272,10.450583572185565,0.3198932237097072
2735,10.770476795895272,10.450583572185565,0.3198932237097072
2736,10.770476795895272,10.450583572185565,0.3198932237097072
2737,10.770476795895272,10.450583572185565,0.3198932237097072
2738,10.770476795895272,10.450583572185565,0.3198932237097072
2739,10.770476795895272,10.450583572185565,0.3198932237097072
2740,10.770476795895272,10.450583572185565,0.3198932237097072
2741,10.770476795895272,10.450583572185565,0.3198932237097072
2742,10.770476795895272,10.450583572185565,0.3198932237097072
2743,10.770476795895272,10.450583572185565,0.3198932237097072
2744,10.770476795895272,10.450583572185565,0.3198932237097072
2745,10.770476795895272,10.450583572185565,0.3198932237097072
2746,10.770476795895272,10.450583572185565,0.3198932237097072
2747,10.770476795895272,10.450583572185565,0.3198932237097072
2748,10.770476795895272,10.450583572185565,0.3198932237097072
2749,10.770476795895272,10.450583572185565,0.3198932237097072
2750,10.770476795895272,10.450583572185565,0.3198932237097072
2751,10.770476795895272,10.450583572185565,0.3198932237097072
2752,10.770476795895272,10.450583572185565,0.3198932237097072
2753,10.770476795895272,10.450583572185565,0.3198932237097072
2754,10.770476795895272,10.450583572185565,0.3198932237097072
2755,10.770476795895272,10.450583572185565,0.3198932237097072
2756,10.770476795895272,10.450583572185565,0.3198932237097072
2757,10.770476795895272,10.450583572185565,0.3198932237097072
2758,10.770476795895272,10.450583572185565,0.3198932237097072
2759,10.770476795895272,10.450583572185565,0.3198932237097072
2760,10.770476795895272,10.450583572185565,0.3198932237097072
2761,10.770476795895272,10.450583572185565,0.3198932237097072
2762,10.770476795895272,10.450583572185565,0.3198932237097072
2763,10.770476795895272,10.450583572185565,0.3198932237097072
2764,10.770476795895272,10.450583572185565,0.3198932237097072
2765,10.770476795895272,10.450583572185565,0.3198932237097072
2766,10.770476795895272,10.450583572185565,0.3198932237097072
2767,10.770476795895272,10.450583572185565,0.3198932237097072
2768,10.770476795895272,10.450583572185565,0.3198932237097072
2769,10.770476795895272,10.450583572185565,0.3198932237097072
2770,10.770476795895272,10.450583572185565,0.3198932237097072
2771,10.770476795895272,10.450583572185565,0.3198932237097072
2772,10.770476795895272,10.450583572185565,0.3198932237097072
2773,10.770476795895272,10.450583572185565,0.3198932237097072
2774,10.770476795895272,10.450583572185565,0.3198932237097072
2775,10.770476795895272,10.450583572185565,0.3198932237097072
2776,10.770476795895272,10.450583572185565,0.3198932237097072
2777,10.770476795895272,10.450583572185565,0.3198932237097072
2778,10.770476795895272,10.450583572185565,0.3198932237097072
2779,10.770476795895272,10.450583572185565,0.3198932237097072
2780,10.770476795895272,10.450583572185565,0.3198932237097072
2781,10.770476795895272,10.450583572185565,0.3198932237097072
2782,10.770476795895272,10.450583572185565,0.3198932237097072
2783,10.770476795895272,10.450583572185565,0.3198932237097072
2784,10.770476795895272,10.450583572185565,0.3198932237097072
2785,10.770476795895272,10.450583572185565,0.3198932237097072
2786,10.770476795895272,10.450583572185565,0.3198932237097072
2787,10.770476795895272,10.450583572185565,0.3198932237097072
2788,10.770476795895272,10.450583572185565,0.3198932237097072
2789,10.770476795895272,10.450583572185565,0.3198932237097072
2790,10.770476795895272,10.450583572185565,0.3198932237097072
2791,10.770476795895272,10.450583572185565,0.3198932237097072
2792,10.770476795895272,10.450583572185565,0.3198932237097072
2793,10.770476795895272,10.450583572185565,0.3198932237097072
2794,10.770476795895272,10.450583572185565,0.3198932237097072
2795,10.770476795895272,10.450583572185565,0.3198932237097072
2796,10.770476795895272,10.450583572185565,0.3198932237097072
2797,10.770476795895272,10.450583572185565,0.3198932237097072
2798,10.770476795895272,10.450583572185565,0.3198932237097072
2799,10.770476795895272,10.450583572185565,0.3198932237097072
2800,10.770476795895272,10.450583572185565,0.3198932237097072
2801,10.770476795895272,10.450583572185565,0.3198932237097072
2802,10.770476795895272,10.450583572185565,0.3198932237097072
2803,10.770476795895272,10.450583572185565,0.3198932237097072
2804,10.770476795895272,10.450583572185565,0.3198932237097072
2805,10.770476795895272,10.450583572185565,0.3198932237097072
2806,10.770476795895272,10.450583572185565,0.3198932237097072
2807,10.770476795895272,10.450583572185565,0.3198932237097072
2808,10.770476795895272,10.450583572185565,0.3198932237097072
2809,10.770476795895272,10.450583572185565,0.3198932237097072
2810,10.770476795895272,10.450583572185565,0.3198932237097072
2811,10.770476795895272,10.450583572185565,0.3198932237097072
2812,10.770476795895272,10.450583572185565,0.3198932237097072
2813,10.770476795895272,10.450583572185565,0.3198932237097072
2814,10.770476795895272,10.450583572185565,0.3198932237097072
2815,10.770476795895272,10.450583572185565,0.3198932237097072
2816,10.770476795895272,10.450583572185565,0.3198932237097072
2817,10.770476795895272,10.450583572185565,0.3198932237097072
2818,10.770476795895272,10.450583572185565,0.3198932237097072
2819,10.770476795895272,10.450583572185565,0.3198932237097072
2820,10.770476795895272,10.450583572185565,0.3198932237097072
2821,10.770476795895272,10.450583572185565,0.3198932237097072
2822,10.770476795895272,10.450583572185565,0.3198932237097072
2823,10.770476795895272,10.450583572185565,0.3198932237097072
2824,10.770476795895272,10.450583572185565,0.3198932237097072
2825,10.770476795895272,10.450583572185565,0.3198932237097072
2826,10.770476795895272,10.450583572185565,0.3198932237097072
2827,10.770476795895272,10.450583572185565,0.3198932237097072
2828,10.770476795895272,10.450583572185565,0.3198932237097072
2829,10.770476795895272,10.450583572185565,0.3198932237097072
2830,10.770476795895272,10.450583572185565,0.3198932237097072
2831,10.770476795895272,10.450583572185565,0.3198932237097072
2832,10.770476795895272,10.450583572185565,0.3198932237097072
2833,10.770476795895272,10.450583572185565,0.3198932237097072
2834,10.770476795895272,10.450583572185565,0.3198932237097072
2835,10.770476795895272,10.450583572185565,0.3198932237097072
2836,10.770476795895272,10.450583572185565,0.3198932237097072
2837,10.770476795895272,10.450583572185565,0.3198932237097072
2838,10.770476795895272,10.450583572185565,0.3198932237097072
2839,10.770476795895272,10.450583572185565,0.3198932237097072
2840,10.770476795895272,10.450583572185565,0.3198932237097072
2841,10.770476795895272,10.450583572185565,0.3198932237097072
2842,10.770476795895272,10.450583572185565,0.3198932237097072
2843,10.770476795895272,10.450583572185565,0.3198932237097072
2844,10.770476795895272,10.450583572185565,0.3198932237097072
2845,10.770476795895272,10.450583572185565,0.3198932237097072
2846,10.770476795895272,10.450583572185565,0.3198932237097072
2847,10.770476795895272,10.450583572185565,0.3198932237097072
2848,10.770476795895272,10.450583572185565,0.3198932237097072
2849,10.770476795895272,10.450583572185565,0.3198932237097072
2850,10.770476795895272,10.450583572185565,0.3198932237097072
2851,10.770476795895272,10.450583572185565,0.3198932237097072
2852,10.770476795895272,10.450583572185565,0.3198932237097072
2853,10.770476795895272,10.450583572185565,0.3198932237097072
2854,10.770476795895272,10.450583572185565,0.3198932237097072
2855,10.770476795895272,10.450583572185565,0.3198932237097072
2856,10.770476795895272,10.450583572185565,0.3198932237097072
2857,10.770476795895272,10.450583572185565,0.3198932237097072
2858,10.770476795895272,10.450583572185565,0.3198932237097072
2859,10.770476795895272,10.450583572185565,0.3198932237097072
2860,10.770476795895272,10.450583572185565,0.3198932237097072
2861,10.770476795895272,10.450583572185565,0.3198932237097072
2862,10.770476795895272,10.450583572185565,0.3198932237097072
2863,10.770476795895272,10.450583572185565,0.3198932237097072
2864,10.770476795895272,10.450583572185565,0.3198932237097072
2865,10.770476795895272,10.450583572185565,0.3198932237097072
2866,10.770476795895272,10.450583572185565,0.3198932237097072
2867,10.770476795895272,10.450583572185565,0.3198932237097072
2868,10.770476795895272,10.450583572185565,0.3198932237097072
2869,10.770476795895272,10.450583572185565,0.3198932237097072
2870,10.770476795895272,10.450583572185565,0.3198932237097072
2871,10.770476795895272,10.450583572185565,0.3198932237097072
2872,10.770476795895272,10.450583572185565,0.3198932237097072
2873,10.770476795895272,10.450583572185565,0.3198932237097072
2874,10.770476795895272,10.450583572185565,0.3198932237097072
2875,10.770476795895272,10.450583572185565,0.3198932237097072
2876,10.770476795895272,10.450583572185565,0.3198932237097072
2877,10.770476795895272,10.450583572185565,0.3198932237097072
2878,10.770476795895272,10.450583572185565,0.3198932237097072
2879,10.770476795895272,10.450583572185565,0.3198932237097072
2880,10.770476795895272,10.450583572185565,0.3198932237097072
2881,10.770476795895272,10.450583572185565,0.3198932237097072
2882,10.770476795895272,10.450583572185565,0.3198932237097072
2883,10.770476795895272,10.450583572185565,0.3198932237097072
2884,10.770476795895272,10.450583572185565,0.3198932237097072
2885,10.770476795895272,10.450583572185565,0.3198932237097072
2886,10.770476795895272,10.450583572185565,0.3198932237097072
2887,10.770476795895272,10.450583572185565,0.3198932237097072
2888,10.770476795895272,10.450583572185565,0.3198932237097072
2889,10.770476795895272,10.450583572185565,0.3198932237097072
2890,10.770476795895272,10.450583572185565,0.3198932237097072
2891,10.770476795895272,10.450583572185565,0.3198932237097072
2892,10.770476795895272,10.450583572185565,0.3198932237097072
2893,10.770476795895272,10.450583572185565,0.3198932237097072
2894,10.770476795895272,10.450583572185565,0.3198932237097072
2895,10.770476795895272,10.450583572185565,0.3198932237097072
2896,10.770476795895272,10.450583572185565,0.3198932237097072
2897,10.770476795895272,10.450583572185565,0.3198932237097072
2898,10.770476795895272,10.450583572185565,0.3198932237097072
2899,10.770476795895272,10.450583572185565,0.3198932237097072
2900,10.770476795895272,10.450583572185565,0.3198932237097072
2901,10.770476795895272,10.450583572185565,0.3198932237097072
2902,10.770476795895272,10.450583572185565,0.3198932237097072
2903,10.770476795895272,10.450583572185565,0.3198932237097072
2904,10.770476795895272,10.450583572185565,0.3198932237097072
2905,10.770476795895272,10.450583572185565,0.3198932237097072
2906,10.770476795895272,10.450583572185565,0.3198932237097072
2907,10.770476795895272,10.450583572185565,0.3198932237097072
2908,10.770476795895272,10.450583572185565,0.3198932237097072
2909,10.770476795895272,10.450583572185565,0.3198932237097072
2910,10.770476795895272,10.450583572185565,0.3198932237097072
2911,10.770476795895272,10.450583572185565,0.3198932237097072
2912,10.770476795895272,10.450583572185565,0.3198932237097072
2913,10.770476795895272,10.450583572185565,0.3198932237097072
2914,10.770476795895272,10.450583572185565,0.3198932237097072
2915,10.770476795895272,10.450583572185565,0.3198932237097072
2916,10.770476795895272,10.450583572185565,0.3198932237097072
2917,10.770476795895272,10.450583572185565,0.3198932237097072
2918,10.770476795895272,10.450583572185565,0.3198932237097072
2919,10.770476795895272,10.450583572185565,0.3198932237097072
2920,10.770476795895272,10.450583572185565,0.3198932237097072
2921,10.770476795895272,10.450583572185565,0.3198932237097072
2922,10.770476795895272,10.450583572185565,0.3198932237097072
2923,10.770476795895272,10.450583572185565,0.3198932237097072
2924,10.770476795895272,10.450583572185565,0.3198932237097072
2925,10.770476795895272,10.450583572185565,0.3198932237097072
2926,10.770476795895272,10.450583572185565,0.3198932237097072
2927,10.770476795895272,10.450583572185565,0.3198932237097072
2928,10.770476795895272,10.450583572185565,0.3198932237097072
2929,10.770476795895272,10.450583572185565,0.3198932237097072
2930,10.770476795895272,10.450583572185565,0.3198932237097072
2931,10.770476795895272,10.450583572185565,0.3198932237097072
2932,10.770476795895272,10.450583572185565,0.3198932237097072
2933,10.770476795895272,10.450583572185565,0.3198932237097072
2934,10.770476795895272,10.450583572185565,0.3198932237097072
2935,10.770476795895272,10.450583572185565,0.3198932237097072
2936,10.770476795895272,10.450583572185565,0.3198932237097072
2937,10.770476795895272,10.450583572185565,0.3198932237097072
2938,10.770476795895272,10.450583572185565,0.3198932237097072
2939,10.770476795895272,10.450583572185565,0.3198932237097072
2940,10.770476795895272,10.450583572185565,0.3198932237097072
2941,10.770476795895272,10.450583572185565,0.3198932237097072
2942,10.770476795895272,10.450583572185565,0.3198932237097072
2943,10.770476795895272,10.450583572185565,0.3198932237097072
2944,10.770476795895272,10.450583572185565,0.3198932237097072
2945,10.770476795895272,10.450583572185565,0.3198932237097072
2946,10.770476795895272,10.450583572185565,0.3198932237097072
2947,10.770476795895272,10.450583572185565,0.3198932237097072
2948,10.770476795895272,10.450583572185565,0.3198932237097072
2949,10.770476795895272,10.450583572185565,0.3198932237097072
2950,10.770476795895272,10.450583572185565,0.3198932237097072
2951,10.770476795895272,10.450583572185565,0.3198932237097072
2952,10.770476795895272,10.450583572185565,0.3198932237097072
2953,10.770476795895272,10.450583572185565,0.3198932237097072
2954,10.770476795895272,10.450583572185565,0.3198932237097072
2955,10.770476795895272,10.450583572185565,0.3198932237097072
2956,10.770476795895272,10.450583572185565,0.3198932237097072
2957,10.770476795895272,10.450583572185565,0.3198932237097072
2958,10.770476795895272,10.450583572185565,0.3198932237097072
2959,10.770476795895272,10.450583572185565,0.3198932237097072
2960,10.770476795895272,10.450583572185565,0.3198932237097072
2961,10.770476795895272,10.450583572185565,0.3198932237097072
2962,10.770476795895272,10.450583572185565,0.3198932237097072
2963,10.770476795895272,10.450583572185565,0.3198932237097072
2964,10.770476795895272,10.450583572185565,0.3198932237097072
2965,10.770476795895272,10.450583572185565,0.3198932237097072
2966,10.770476795895272,10.450583572185565,0.3198932237097072
2967,10.770476795895272,10.450583572185565,0.3198932237097072
2968,10.770476795895272,10.450583572185565,0.3198932237097072
2969,10.770476795895272,10.450583572185565,0.3198932237097072
2970,10.770476795895272,10.450583572185565,0.3198932237097072
2971,10.770476795895272,10.450583572185565,0.3198932237097072
2972,10.770476795895272,10.450583572185565,0.3198932237097072
2973,10.770476795895272,10.450583572185565,0.3198932237097072
2974,10.770476795895272,10.450583572185565,0.3198932237097072
2975,10.770476795895272,10.450583572185565,0.3198932237097072
2976,10.770476795895272,10.450583572185565,0.3198932237097072
2977,10.770476795895272,10.450583572185565,0.3198932237097072
2978,10.770476795895272,10.450583572185565,0.3198932237097072
2979,10.770476795895272,10.450583572185565,0.3198932237097072
2980,10.770476795895272,10.450583572185565,0.3198932237097072
2981,10.770476795895272,10.450583572185565,0.3198932237097072
2982,10.770476795895272,10.450583572185565,0.3198932237097072
2983,10.770476795895272,10.450583572185565,0.3198932237097072
2984,10.770476795895272,10.450583572185565,0.3198932237097072
2985,10.770476795895272,10.450583572185565,0.3198932237097072
2986,10.770476795895272,10.450583572185565,0.3198932237097072
2987,10.770476795895272,10.450583572185565,0.3198932237097072
2988,10.770476795895272,10.450583572185565,0.3198932237097072
2989,10.770476795895272,10.450583572185565,0.3198932237097072
2990,10.770476795895272,10.450583572185565,0.3198932237097072
2991,10.770476795895272,10.450583572185565,0.3198932237097072
2992,10.770476795895272,10.450583572185565,0.3198932237097072
2993,10.770476795895272,10.450583572185565,0.3198932237097072
2994,10.770476795895272,10.450583572185565,0.3198932237097072
2995,10.770476795895272,10.450583572185565,0.3198932237097072
2996,10.770476795895272,10.450583572185565,0.3198932237097072
2997,10.770476795895272,10.450583572185565,0.3198932237097072
2998,10.770476795895272,10.450583572185565,0.3198932237097072
2999,10.770476795895272,10.450583572185565,0.3198932237097072
3000,10.770476795895272,10.450583572185565,0.3198932237097072
3001,10.770476795895272,10.450583572185565,0.3198932237097072
3002,10.770476795895272,10.450583572185565,0.3198932237097072
3003,10.770476795895272,10.450583572185565,0.3198932237097072
3004,10.770476795895272,10.450583572185565,0.3198932237097072
3005,10.770476795895272,10.450583572185565,0.3198932237097072
3006,10.770476795895272,10.450583572185565,0.3198932237097072
3007,10.770476795895272,10.450583572185565,0.3198932237097072
3008,10.770476795895272,10.450583572185565,0.3198932237097072
3009,10.770476795895272,10.450583572185565,0.3198932237097072
3010,10.770476795895272,10.450583572185565,0.3198932237097072
3011,10.770476795895272,10.450583572185565,0.3198932237097072
3012,10.770476795895272,10.450583572185565,0.3198932237097072
3013,10.770476795895272,10.450583572185565,0.3198932237097072
3014,10.770476795895272,10.450583572185565,0.3198932237097072
3015,10.770476795895272,10.450583572185565,0.3198932237097072
3016,10.770476795895272,10.450583572185565,0.3198932237097072
3017,10.770476795895272,10.450583572185565,0.3198932237097072
3018,10.770476795895272,10.450583572185565,0.3198932237097072
3019,10.770476795895272,10.450583572185565,0.3198932237097072
3020,10.770476795895272,10.450583572185565,0.3198932237097072
3021,10.770476795895272,10.450583572185565,0.3198932237097072
3022,10.770476795895272,10.450583572185565,0.3198932237097072
3023,10.770476795895272,10.450583572185565,0.3198932237097072
3024,10.770476795895272,10.450583572185565,0.3198932237097072
3025,10.770476795895272,10.450583572185565,0.3198932237097072
3026,10.770476795895272,10.450583572185565,0.3198932237097072
3027,10.770476795895272,10.450583572185565,0.3198932237097072
3028,10.770476795895272,10.450583572185565,0.3198932237097072
3029,10.770476795895272,10.450583572185565,0.3198932237097072
3030,10.770476795895272,10.450583572185565,0.3198932237097072
3031,10.770476795895272,10.450583572185565,0.3198932237097072
3032,10.770476795895272,10.450583572185565,0.3198932237097072
3033,10.770476795895272,10.450583572185565,0.3198932237097072
3034,10.770476795895272,10.450583572185565,0.3198932237097072
3035,10.770476795895272,10.450583572185565,0.3198932237097072
3036,10.770476795895272,10.450583572185565,0.3198932237097072
3037,10.770476795895272,10.450583572185565,0.3198932237097072
3038,10.770476795895272,10.450583572185565,0.3198932237097072
3039,10.770476795895272,10.450583572185565,0.3198932237097072
3040,10.770476795895272,10.450583572185565,0.3198932237097072
3041,10.770476795895272,10.450583572185565,0.3198932237097072
3042,10.770476795895272,10.450583572185565,0.3198932237097072
3043,10.770476795895272,10.450583572185565,0.3198932237097072
3044,10.770476795895272,10.450583572185565,0.3198932237097072
3045,10.770476795895272,10.450583572185565,0.3198932237097072
3046,10.770476795895272,10.450583572185565,0.3198932237097072
3047,10.770476795895272,10.450583572185565,0.3198932237097072
3048,10.770476795895272,10.450583572185565,0.3198932237097072
3049,10.770476795895272,10.450583572185565,0.3198932237097072
3050,10.770476795895272,10.450583572185565,0.3198932237097072
3051,10.770476795895272,10.450583572185565,0.3198932237097072
3052,10.770476795895272,10.450583572185565,0.3198932237097072
3053,10.770476795895272,10.450583572185565,0.3198932237097072
3054,10.770476795895272,10.450583572185565,0.3198932237097072
3055,10.770476795895272,10.450583572185565,0.3198932237097072
3056,10.770476795895272,10.450583572185565,0.3198932237097072
3057,10.770476795895272,10.450583572185565,0.3198932237097072
3058,10.770476795895272,10.450583572185565,0.3198932237097072
3059,10.770476795895272,10.450583572185565,0.3198932237097072
3060,10.770476795895272,10.450583572185565,0.3198932237097072
3061,10.770476795895272,10.450583572185565,0.3198932237097072
3062,10.770476795895272,10.450583572185565,0.3198932237097072
3063,10.770476795895272,10.450583572185565,0.3198932237097072
3064,10.770476795895272,10.450583572185565,0.3198932237097072
3065,10.770476795895272,10.450583572185565,0.3198932237097072
3066,10.770476795895272,10.450583572185565,0.3198932237097072
3067,10.770476795895272,10.450583572185565,0.3198932237097072
3068,10.770476795895272,10.450583572185565,0.3198932237097072
3069,10.770476795895272,10.450583572185565,0.3198932237097072
3070,10.770476795895272,10.450583572185565,0.3198932237097072
3071,10.770476795895272,10.450583572185565,0.3198932237097072
3072,10.770476795895272,10.450583572185565,0.3198932237097072
3073,10.770476795895272,10.450583572185565,0.3198932237097072
3074,10.770476795895272,10.450583572185565,0.3198932237097072
3075,10.770476795895272,10.450583572185565,0.3198932237097072
3076,10.770476795895272,10.450583572185565,0.3198932237097072
3077,10.770476795895272,10.450583572185565,0.3198932237097072
3078,10.770476795895272,10.450583572185565,0.3198932237097072
3079,10.770476795895272,10.450583572185565,0.3198932237097072
3080,10.770476795895272,10.450583572185565,0.3198932237097072
3081,10.770476795895272,10.450583572185565,0.3198932237097072
3082,10.770476795895272,10.450583572185565,0.3198932237097072
3083,10.770476795895272,10.450583572185565,0.3198932237097072
3084,10.770476795895272,10.450583572185565,0.3198932237097072
3085,10.770476795895272,10.450583572185565,0.3198932237097072
3086,10.770476795895272,10.450583572185565,0.3198932237097072
3087,10.770476795895272,10.450583572185565,0.3198932237097072
3088,10.770476795895272,10.450583572185565,0.3198932237097072
3089,10.770476795895272,10.450583572185565,0.3198932237097072
3090,10.770476795895272,10.450583572185565,0.3198932237097072
3091,10.770476795895272,10.450583572185565,0.3198932237097072
3092,10.770476795895272,10.450583572185565,0.3198932237097072
3093,10.770476795895272,10.450583572185565,0.3198932237097072
3094,10.770476795895272,10.450583572185565,0.3198932237097072
3095,10.770476795895272,10.450583572185565,0.3198932237097072
3096,10.770476795895272,10.450583572185565,0.3198932237097072
3097,10.770476795895272,10.450583572185565,0.3198932237097072
3098,10.770476795895272,10.450583572185565,0.3198932237097072
3099,10.770476795895272,10.450583572185565,0.3198932237097072
3100,10.770476795895272,10.450583572185565,0.3198932237097072
3101,10.770476795895272,10.450583572185565,0.3198932237097072
3102,10.770476795895272,10.450583572185565,0.3198932237097072
3103,10.770476795895272,10.450583572185565,0.3198932237097072
3104,10.770476795895272,10.450583572185565,0.3198932237097072
3105,10.770476795895272,10.450583572185565,0.3198932237097072
3106,10.770476795895272,10.450583572185565,0.3198932237097072
3107,10.770476795895272,10.450583572185565,0.3198932237097072
3108,10.770476795895272,10.450583572185565,0.3198932237097072
3109,10.770476795895272,10.450583572185565,0.3198932237097072
3110,10.770476795895272,10.450583572185565,0.3198932237097072
3111,10.770476795895272,10.450583572185565,0.3198932237097072
3112,10.770476795895272,10.450583572185565,0.3198932237097072
3113,10.770476795895272,10.450583572185565,0.3198932237097072
3114,10.770476795895272,10.450583572185565,0.3198932237097072
3115,10.770476795895272,10.450583572185565,0.3198932237097072
3116,10.770476795895272,10.450583572185565,0.3198932237097072
3117,10.770476795895272,10.450583572185565,0.3198932237097072
3118,10.770476795895272,10.450583572185565,0.3198932237097072
3119,10.770476795895272,10.450583572185565,0.3198932237097072
3120,10.770476795895272,10.450583572185565,0.3198932237097072
3121,10.770476795895272,10.450583572185565,0.3198932237097072
3122,10.770476795895272,10.450583572185565,0.3198932237097072
3123,10.770476795895272,10.450583572185565,0.3198932237097072
3124,10.770476795895272,10.450583572185565,0.3198932237097072
3125,10.770476795895272,10.450583572185565,0.3198932237097072
3126,10.770476795895272,10.450583572185565,0.3198932237097072
3127,10.770476795895272,10.450583572185565,0.3198932237097072
3128,10.770476795895272,10.450583572185565,0.3198932237097072
3129,10.770476795895272,10.450583572185565,0.3198932237097072
3130,10.770476795895272,10.450583572185565,0.3198932237097072
3131,10.770476795895272,10.450583572185565,0.3198932237097072
3132,10.770476795895272,10.450583572185565,0.3198932237097072
3133,10.770476795895272,10.450583572185565,0.3198932237097072
3134,10.770476795895272,10.450583572185565,0.3198932237097072
3135,10.770476795895272,10.450583572185565,0.3198932237097072
3136,10.770476795895272,10.450583572185565,0.3198932237097072
3137,10.770476795895272,10.450583572185565,0.3198932237097072
3138,10.770476795895272,10.450583572185565,0.3198932237097072
3139,10.770476795895272,10.450583572185565,0.3198932237097072
3140,10.770476795895272,10.450583572185565,0.3198932237097072
3141,10.770476795895272,10.450583572185565,0.3198932237097072
3142,10.770476795895272,10.450583572185565,0.3198932237097072
3143,10.770476795895272,10.450583572185565,0.3198932237097072
3144,10.770476795895272,10.450583572185565,0.3198932237097072
3145,10.770476795895272,10.450583572185565,0.3198932237097072
3146,10.770476795895272,10.450583572185565,0.3198932237097072
3147,10.770476795895272,10.450583572185565,0.3198932237097072
3148,10.770476795895272,10.450583572185565,0.3198932237097072
3149,10.770476795895272,10.450583572185565,0.3198932237097072
3150,10.770476795895272,10.450583572185565,0.3198932237097072
3151,10.770476795895272,10.450583572185565,0.3198932237097072
3152,10.770476795895272,10.450583572185565,0.3198932237097072
3153,10.770476795895272,10.450583572185565,0.3198932237097072
3154,10.770476795895272,10.450583572185565,0.3198932237097072
3155,10.770476795895272,10.450583572185565,0.3198932237097072
3156,10.770476795895272,10.450583572185565,0.3198932237097072
3157,10.770476795895272,10.450583572185565,0.3198932237097072
3158,10.770476795895272,10.450583572185565,0.3198932237097072
3159,10.770476795895272,10.450583572185565,0.3198932237097072
3160,10.770476795895272,10.450583572185565,0.3198932237097072
3161,10.770476795895272,10.450583572185565,0.3198932237097072
3162,10.770476795895272,10.450583572185565,0.3198932237097072
3163,10.770476795895272,10.450583572185565,0.3198932237097072
3164,10.770476795895272,10.450583572185565,0.3198932237097072
3165,10.770476795895272,10.450583572185565,0.3198932237097072
3166,10.770476795895272,10.450583572185565,0.3198932237097072
3167,10.770476795895272,10.450583572185565,0.3198932237097072
3168,10.770476795895272,10.450583572185565,0.3198932237097072
3169,10.770476795895272,10.450583572185565,0.3198932237097072
3170,10.770476795895272,10.450583572185565,0.3198932237097072
3171,10.770476795895272,10.450583572185565,0.3198932237097072
3172,10.770476795895272,10.450583572185565,0.3198932237097072
3173,10.770476795895272,10.450583572185565,0.3198932237097072
3174,10.770476795895272,10.450583572185565,0.3198932237097072
3175,10.770476795895272,10.450583572185565,0.3198932237097072
3176,10.770476795895272,10.450583572185565,0.3198932237097072
3177,10.770476795895272,10.450583572185565,0.3198932237097072
3178,10.770476795895272,10.450583572185565,0.3198932237097072
3179,10.770476795895272,10.450583572185565,0.3198932237097072
3180,10.770476795895272,10.450583572185565,0.3198932237097072
3181,10.770476795895272,10.450583572185565,0.3198932237097072
3182,10.770476795895272,10.450583572185565,0.3198932237097072
3183,10.770476795895272,10.450583572185565,0.3198932237097072
3184,10.770476795895272,10.450583572185565,0.3198932237097072
3185,10.770476795895272,10.450583572185565,0.3198932237097072
3186,10.770476795895272,10.450583572185565,0.3198932237097072
3187,10.770476795895272,10.450583572185565,0.3198932237097072
3188,10.770476795895272,10.450583572185565,0.3198932237097072
3189,10.770476795895272,10.450583572185565,0.3198932237097072
3190,10.770476795895272,10.450583572185565,0.3198932237097072
3191,10.770476795895272,10.450583572185565,0.3198932237097072
3192,10.770476795895272,10.450583572185565,0.3198932237097072
3193,10.770476795895272,10.450583572185565,0.3198932237097072
3194,10.770476795895272,10.450583572185565,0.3198932237097072
3195,10.770476795895272,10.450583572185565,0.3198932237097072
3196,10.770476795895272,10.450583572185565,0.3198932237097072
3197,10.770476795895272,10.450583572185565,0.3198932237097072
3198,10.770476795895272,10.450583572185565,0.3198932237097072
3199,10.770476795895272,10.450583572185565,0.3198932237097072
3200,10.770476795895272,10.450583572185565,0.3198932237097072
3201,10.770476795895272,10.450583572185565,0.3198932237097072
3202,10.770476795895272,10.450583572185565,0.3198932237097072
3203,10.770476795895272,10.450583572185565,0.3198932237097072
3204,10.770476795895272,10.450583572185565,0.3198932237097072
3205,10.770476795895272,10.450583572185565,0.3198932237097072
3206,10.770476795895272,10.450583572185565,0.3198932237097072
3207,10.770476795895272,10.450583572185565,0.3198932237097072
3208,10.770476795895272,10.450583572185565,0.3198932237097072
3209,10.770476795895272,10.450583572185565,0.3198932237097072
3210,10.770476795895272,10.450583572185565,0.3198932237097072
3211,10.770476795895272,10.450583572185565,0.3198932237097072
3212,10.770476795895272,10.450583572185565,0.3198932237097072
3213,10.770476795895272,10.450583572185565,0.3198932237097072
3214,10.770476795895272,10.450583572185565,0.3198932237097072
3215,10.770476795895272,10.450583572185565,0.3198932237097072
3216,10.770476795895272,10.450583572185565,0.3198932237097072
3217,10.770476795895272,10.450583572185565,0.3198932237097072
3218,10.770476795895272,10.450583572185565,0.3198932237097072
3219,10.770476795895272,10.450583572185565,0.3198932237097072
3220,10.770476795895272,10.450583572185565,0.3198932237097072
3221,10.770476795895272,10.450583572185565,0.3198932237097072
3222,10.770476795895272,10.450583572185565,0.3198932237097072
3223,10.770476795895272,10.450583572185565,0.3198932237097072
3224,10.770476795895272,10.450583572185565,0.3198932237097072
3225,10.770476795895272,10.450583572185565,0.3198932237097072
3226,10.770476795895272,10.450583572185565,0.3198932237097072
3227,10.770476795895272,10.450583572185565,0.3198932237097072
3228,10.770476795895272,10.450583572185565,0.3198932237097072
3229,10.770476795895272,10.450583572185565,0.3198932237097072
3230,10.770476795895272,10.450583572185565,0.3198932237097072
3231,10.770476795895272,10.450583572185565,0.3198932237097072
3232,10.770476795895272,10.450583572185565,0.3198932237097072
3233,10.770476795895272,10.450583572185565,0.3198932237097072
3234,10.770476795895272,10.450583572185565,0.3198932237097072
3235,10.770476795895272,10.450583572185565,0.3198932237097072
3236,10.770476795895272,10.450583572185565,0.3198932237097072
3237,10.770476795895272,10.450583572185565,0.3198932237097072
3238,10.770476795895272,10.450583572185565,0.3198932237097072
3239,10.770476795895272,10.450583572185565,0.3198932237097072
3240,10.770476795895272,10.450583572185565,0.3198932237097072
3241,10.770476795895272,10.450583572185565,0.3198932237097072
3242,10.770476795895272,10.450583572185565,0.3198932237097072
3243,10.770476795895272,10.450583572185565,0.3198932237097072
3244,10.770476795895272,10.450583572185565,0.3198932237097072
3245,10.770476795895272,10.450583572185565,0.3198932237097072
3246,10.770476795895272,10.450583572185565,0.3198932237097072
3247,10.770476795895272,10.450583572185565,0.3198932237097072
3248,10.770476795895272,10.450583572185565,0.3198932237097072
3249,10.770476795895272,10.450583572185565,0.3198932237097072
3250,10.770476795895272,10.450583572185565,0.3198932237097072
3251,10.770476795895272,10.450583572185565,0.3198932237097072
3252,10.770476795895272,10.450583572185565,0.3198932237097072
3253,10.770476795895272,10.450583572185565,0.3198932237097072
3254,10.770476795895272,10.450583572185565,0.3198932237097072
3255,10.770476795895272,10.450583572185565,0.3198932237097072
3256,10.770476795895272,10.450583572185565,0.3198932237097072
3257,10.770476795895272,10.450583572185565,0.3198932237097072
3258,10.770476795895272,10.450583572185565,0.3198932237097072
3259,10.770476795895272,10.450583572185565,0.3198932237097072
3260,10.770476795895272,10.450583572185565,0.3198932237097072
3261,10.770476795895272,10.450583572185565,0.3198932237097072
3262,10.770476795895272,10.450583572185565,0.3198932237097072
3263,10.770476795895272,10.450583572185565,0.3198932237097072
3264,10.770476795895272,10.450583572185565,0.3198932237097072
3265,10.770476795895272,10.450583572185565,0.3198932237097072
3266,10.770476795895272,10.450583572185565,0.3198932237097072
3267,10.770476795895272,10.450583572185565,0.3198932237097072
3268,10.770476795895272,10.450583572185565,0.3198932237097072
3269,10.770476795895272,10.450583572185565,0.3198932237097072
3270,10.770476795895272,10.450583572185565,0.3198932237097072
3271,10.770476795895272,10.450583572185565,0.3198932237097072
3272,10.770476795895272,10.450583572185565,0.3198932237097072
3273,10.770476795895272,10.450583572185565,0.3198932237097072
3274,10.770476795895272,10.450583572185565,0.3198932237097072
3275,10.770476795895272,10.450583572185565,0.3198932237097072
3276,10.770476795895272,10.450583572185565,0.3198932237097072
3277,10.770476795895272,10.450583572185565,0.3198932237097072
3278,10.770476795895272,10.450583572185565,0.3198932237097072
3279,10.770476795895272,10.450583572185565,0.3198932237097072
3280,10.770476795895272,10.450583572185565,0.3198932237097072
3281,10.770476795895272,10.450583572185565,0.3198932237097072
3282,10.770476795895272,10.450583572185565,0.3198932237097072
3283,10.770476795895272,10.450583572185565,0.3198932237097072
3284,10.770476795895272,10.450583572185565,0.3198932237097072
3285,10.770476795895272,10.450583572185565,0.3198932237097072
3286,10.770476795895272,10.450583572185565,0.3198932237097072
3287,10.770476795895272,10.450583572185565,0.3198932237097072
3288,10.770476795895272,10.450583572185565,0.3198932237097072
3289,10.770476795895272,10.450583572185565,0.3198932237097072
3290,10.770476795895272,10.450583572185565,0.3198932237097072
3291,10.770476795895272,10.450583572185565,0.3198932237097072
3292,10.770476795895272,10.450583572185565,0.3198932237097072
3293,10.770476795895272,10.450583572185565,0.3198932237097072
3294,10.770476795895272,10.450583572185565,0.3198932237097072
3295,10.770476795895272,10.450583572185565,0.3198932237097072
3296,10.770476795895272,10.450583572185565,0.3198932237097072
3297,10.770476795895272,10.450583572185565,0.3198932237097072
3298,10.770476795895272,10.450583572185565,0.3198932237097072
3299,10.770476795895272,10.450583572185565,0.3198932237097072
3300,10.770476795895272,10.450583572185565,0.3198932237097072
3301,10.770476795895272,10.450583572185565,0.3198932237097072
3302,10.770476795895272,10.450583572185565,0.3198932237097072
3303,10.770476795895272,10.450583572185565,0.3198932237097072
3304,10.770476795895272,10.450583572185565,0.3198932237097072
3305,10.770476795895272,10.450583572185565,0.3198932237097072
3306,10.770476795895272,10.450583572185565,0.3198932237097072
3307,10.770476795895272,10.450583572185565,0.3198932237097072
3308,10.770476795895272,10.450583572185565,0.3198932237097072
3309,10.770476795895272,10.450583572185565,0.3198932237097072
3310,10.770476795895272,10.450583572185565,0.3198932237097072
3311,10.770476795895272,10.450583572185565,0.3198932237097072
3312,10.770476795895272,10.450583572185565,0.3198932237097072
3313,10.770476795895272,10.450583572185565,0.3198932237097072
3314,10.770476795895272,10.450583572185565,0.3198932237097072
3315,10.770476795895272,10.450583572185565,0.3198932237097072
3316,10.770476795895272,10.450583572185565,0.3198932237097072
3317,10.770476795895272,10.450583572185565,0.3198932237097072
3318,10.770476795895272,10.450583572185565,0.3198932237097072
3319,10.770476795895272,10.450583572185565,0.3198932237097072
3320,10.770476795895272,10.450583572185565,0.3198932237097072
3321,10.770476795895272,10.450583572185565,0.3198932237097072
3322,10.770476795895272,10.450583572185565,0.3198932237097072
3323,10.770476795895272,10.450583572185565,0.3198932237097072
3324,10.770476795895272,10.450583572185565,0.3198932237097072
3325,10.770476795895272,10.450583572185565,0.3198932237097072
3326,10.770476795895272,10.450583572185565,0.3198932237097072
3327,10.770476795895272,10.450583572185565,0.3198932237097072
3328,10.770476795895272,10.450583572185565,0.3198932237097072
3329,10.770476795895272,10.450583572185565,0.3198932237097072
3330,10.770476795895272,10.450583572185565,0.3198932237097072
3331,10.770476795895272,10.450583572185565,0.3198932237097072
3332,10.770476795895272,10.450583572185565,0.3198932237097072
3333,10.770476795895272,10.450583572185565,0.3198932237097072
3334,10.770476795895272,10.450583572185565,0.3198932237097072
3335,10.770476795895272,10.450583572185565,0.3198932237097072
3336,10.770476795895272,10.450583572185565,0.3198932237097072
3337,10.770476795895272,10.450583572185565,0.3198932237097072
3338,10.770476795895272,10.450583572185565,0.3198932237097072
3339,10.770476795895272,10.450583572185565,0.3198932237097072
3340,10.770476795895272,10.450583572185565,0.3198932237097072
3341,10.770476795895272,10.450583572185565,0.3198932237097072
3342,10.770476795895272,10.450583572185565,0.3198932237097072
3343,10.770476795895272,10.450583572185565,0.3198932237097072
3344,10.770476795895272,10.450583572185565,0.3198932237097072
3345,10.770476795895272,10.450583572185565,0.3198932237097072
3346,10.770476795895272,10.450583572185565,0.3198932237097072
3347,10.770476795895272,10.450583572185565,0.3198932237097072
3348,10.770476795895272,10.450583572185565,0.3198932237097072
3349,10.770476795895272,10.450583572185565,0.3198932237097072
3350,10.770476795895272,10.450583572185565,0.3198932237097072
3351,10.770476795895272,10.450583572185565,0.3198932237097072
3352,10.770476795895272,10.450583572185565,0.3198932237097072
3353,10.770476795895272,10.450583572185565,0.3198932237097072
3354,10.770476795895272,10.450583572185565,0.3198932237097072
3355,10.770476795895272,10.450583572185565,0.3198932237097072
3356,10.770476795895272,10.450583572185565,0.3198932237097072
3357,10.770476795895272,10.450583572185565,0.3198932237097072
3358,10.770476795895272,10.450583572185565,0.3198932237097072
3359,10.770476795895272,10.450583572185565,0.3198932237097072
3360,10.770476795895272,10.450583572185565,0.3198932237097072
3361,10.770476795895272,10.450583572185565,0.3198932237097072
3362,10.770476795895272,10.450583572185565,0.3198932237097072
3363,10.770476795895272,10.450583572185565,0.3198932237097072
3364,10.770476795895272,10.450583572185565,0.3198932237097072
3365,10.770476795895272,10.450583572185565,0.3198932237097072
3366,10.770476795895272,10.450583572185565,0.3198932237097072
3367,10.770476795895272,10.450583572185565,0.3198932237097072
3368,10.770476795895272,10.450583572185565,0.3198932237097072
3369,10.770476795895272,10.450583572185565,0.3198932237097072
3370,10.770476795895272,10.450583572185565,0.3198932237097072
3371,10.770476795895272,10.450583572185565,0.3198932237097072
3372,10.770476795895272,10.450583572185565,0.3198932237097072
3373,10.770476795895272,10.450583572185565,0.3198932237097072
3374,10.770476795895272,10.450583572185565,0.3198932237097072
3375,10.770476795895272,10.450583572185565,0.3198932237097072
3376,10.770476795895272,10.450583572185565,0.3198932237097072
3377,10.770476795895272,10.450583572185565,0.3198932237097072
3378,10.770476795895272,10.450583572185565,0.3198932237097072
3379,10.770476795895272,10.450583572185565,0.3198932237097072
3380,10.770476795895272,10.450583572185565,0.3198932237097072
3381,10.770476795895272,10.450583572185565,0.3198932237097072
3382,10.770476795895272,10.450583572185565,0.3198932237097072
3383,10.770476795895272,10.450583572185565,0.3198932237097072
3384,10.770476795895272,10.450583572185565,0.3198932237097072
3385,10.770476795895272,10.450583572185565,0.3198932237097072
3386,10.770476795895272,10.450583572185565,0.3198932237097072
3387,10.770476795895272,10.450583572185565,0.3198932237097072
3388,10.770476795895272,10.450583572185565,0.3198932237097072
3389,10.770476795895272,10.450583572185565,0.3198932237097072
3390,10.770476795895272,10.450583572185565,0.3198932237097072
3391,10.770476795895272,10.450583572185565,0.3198932237097072
3392,10.770476795895272,10.450583572185565,0.3198932237097072
3393,10.770476795895272,10.450583572185565,0.3198932237097072
3394,10.770476795895272,10.450583572185565,0.3198932237097072
3395,10.770476795895272,10.450583572185565,0.3198932237097072
3396,10.770476795895272,10.450583572185565,0.3198932237097072
3397,10.770476795895272,10.450583572185565,0.3198932237097072
3398,10.770476795895272,10.450583572185565,0.3198932237097072
3399,10.770476795895272,10.450583572185565,0.3198932237097072
3400,10.770476795895272,10.450583572185565,0.3198932237097072
3401,10.770476795895272,10.450583572185565,0.3198932237097072
3402,10.770476795895272,10.450583572185565,0.3198932237097072
3403,10.770476795895272,10.450583572185565,0.3198932237097072
3404,10.770476795895272,10.450583572185565,0.3198932237097072
3405,10.770476795895272,10.450583572185565,0.3198932237097072
3406,10.770476795895272,10.450583572185565,0.3198932237097072
3407,10.770476795895272,10.450583572185565,0.3198932237097072
3408,10.770476795895272,10.450583572185565,0.3198932237097072
3409,10.770476795895272,10.450583572185565,0.3198932237097072
3410,10.770476795895272,10.450583572185565,0.3198932237097072
3411,10.770476795895272,10.450583572185565,0.3198932237097072
3412,10.770476795895272,10.450583572185565,0.3198932237097072
3413,10.770476795895272,10.450583572185565,0.3198932237097072
3414,10.770476795895272,10.450583572185565,0.3198932237097072
3415,10.770476795895272,10.450583572185565,0.3198932237097072
3416,10.770476795895272,10.450583572185565,0.3198932237097072
3417,10.770476795895272,10.450583572185565,0.3198932237097072
3418,10.770476795895272,10.450583572185565,0.3198932237097072
3419,10.770476795895272,10.450583572185565,0.3198932237097072
3420,10.770476795895272,10.450583572185565,0.3198932237097072
3421,10.770476795895272,10.450583572185565,0.3198932237097072
3422,10.770476795895272,10.450583572185565,0.3198932237097072
3423,10.770476795895272,10.450583572185565,0.3198932237097072
3424,10.770476795895272,10.450583572185565,0.3198932237097072
3425,10.770476795895272,10.450583572185565,0.3198932237097072
3426,10.770476795895272,10.450583572185565,0.3198932237097072
3427,10.770476795895272,10.450583572185565,0.3198932237097072
3428,10.770476795895272,10.450583572185565,0.3198932237097072
3429,10.770476795895272,10.450583572185565,0.3198932237097072
3430,10.770476795895272,10.450583572185565,0.3198932237097072
3431,10.770476795895272,10.450583572185565,0.3198932237097072
3432,10.770476795895272,10.450583572185565,0.3198932237097072
3433,10.770476795895272,10.450583572185565,0.3198932237097072
3434,10.770476795895272,10.450583572185565,0.3198932237097072
3435,10.770476795895272,10.450583572185565,0.3198932237097072
3436,10.770476795895272,10.450583572185565,0.3198932237097072
3437,10.770476795895272,10.450583572185565,0.3198932237097072
3438,10.770476795895272,10.450583572185565,0.3198932237097072
3439,10.770476795895272,10.450583572185565,0.3198932237097072
3440,10.770476795895272,10.450583572185565,0.3198932237097072
3441,10.770476795895272,10.450583572185565,0.3198932237097072
3442,10.770476795895272,10.450583572185565,0.3198932237097072
3443,10.770476795895272,10.450583572185565,0.3198932237097072
3444,10.770476795895272,10.450583572185565,0.3198932237097072
3445,10.770476795895272,10.450583572185565,0.3198932237097072
3446,10.770476795895272,10.450583572185565,0.3198932237097072
3447,10.770476795895272,10.450583572185565,0.3198932237097072
3448,10.770476795895272,10.450583572185565,0.3198932237097072
3449,10.770476795895272,10.450583572185565,0.3198932237097072
3450,10.770476795895272,10.450583572185565,0.3198932237097072
3451,10.770476795895272,10.450583572185565,0.3198932237097072
3452,10.770476795895272,10.450583572185565,0.3198932237097072
3453,10.770476795895272,10.450583572185565,0.3198932237097072
3454,10.770476795895272,10.450583572185565,0.3198932237097072
3455,10.770476795895272,10.450583572185565,0.3198932237097072
3456,10.770476795895272,10.450583572185565,0.3198932237097072
3457,10.770476795895272,10.450583572185565,0.3198932237097072
3458,10.770476795895272,10.450583572185565,0.3198932237097072
3459,10.770476795895272,10.450583572185565,0.3198932237097072
3460,10.770476795895272,10.450583572185565,0.3198932237097072
3461,10.770476795895272,10.450583572185565,0.3198932237097072
3462,10.770476795895272,10.450583572185565,0.3198932237097072
3463,10.770476795895272,10.450583572185565,0.3198932237097072
3464,10.770476795895272,10.450583572185565,0.3198932237097072
3465,10.770476795895272,10.450583572185565,0.3198932237097072
3466,10.770476795895272,10.450583572185565,0.3198932237097072
3467,10.770476795895272,10.450583572185565,0.3198932237097072
3468,10.770476795895272,10.450583572185565,0.3198932237097072
3469,10.770476795895272,10.450583572185565,0.3198932237097072
3470,10.770476795895272,10.450583572185565,0.3198932237097072
3471,10.770476795895272,10.450583572185565,0.3198932237097072
3472,10.770476795895272,10.450583572185565,0.3198932237097072
3473,10.770476795895272,10.450583572185565,0.3198932237097072
3474,10.770476795895272,10.450583572185565,0.3198932237097072
3475,10.770476795895272,10.450583572185565,0.3198932237097072
3476,10.770476795895272,10.450583572185565,0.3198932237097072
3477,10.770476795895272,10.450583572185565,0.3198932237097072
3478,10.770476795895272,10.450583572185565,0.3198932237097072
3479,10.770476795895272,10.450583572185565,0.3198932237097072
3480,10.770476795895272,10.450583572185565,0.3198932237097072
3481,10.770476795895272,10.450583572185565,0.3198932237097072
3482,10.770476795895272,10.450583572185565,0.3198932237097072
3483,10.770476795895272,10.450583572185565,0.3198932237097072
3484,10.770476795895272,10.450583572185565,0.3198932237097072
3485,10.770476795895272,10.450583572185565,0.3198932237097072
3486,10.770476795895272,10.450583572185565,0.3198932237097072
3487,10.770476795895272,10.450583572185565,0.3198932237097072
3488,10.770476795895272,10.450583572185565,0.3198932237097072
3489,10.770476795895272,10.450583572185565,0.3198932237097072
3490,10.770476795895272,10.450583572185565,0.3198932237097072
3491,10.770476795895272,10.450583572185565,0.3198932237097072
3492,10.770476795895272,10.450583572185565,0.3198932237097072
3493,10.770476795895272,10.450583572185565,0.3198932237097072
3494,10.770476795895272,10.450583572185565,0.3198932237097072
3495,10.770476795895272,10.450583572185565,0.3198932237097072
3496,10.770476795895272,10.450583572185565,0.3198932237097072
3497,10.770476795895272,10.450583572185565,0.3198932237097072
3498,10.770476795895272,10.450583572185565,0.3198932237097072
3499,10.770476795895272,10.450583572185565,0.3198932237097072
3500,10.770476795895272,10.450583572185565,0.3198932237097072
3501,10.770476795895272,10.450583572185565,0.3198932237097072
3502,10.770476795895272,10.450583572185565,0.3198932237097072
3503,10.770476795895272,10.450583572185565,0.3198932237097072
3504,10.770476795895272,10.450583572185565,0.3198932237097072
3505,10.770476795895272,10.450583572185565,0.3198932237097072
3506,10.770476795895272,10.450583572185565,0.3198932237097072
3507,10.770476795895272,10.450583572185565,0.3198932237097072
3508,10.770476795895272,10.450583572185565,0.3198932237097072
3509,10.770476795895272,10.450583572185565,0.3198932237097072
3510,10.770476795895272,10.450583572185565,0.3198932237097072
3511,10.770476795895272,10.450583572185565,0.3198932237097072
3512,10.770476795895272,10.450583572185565,0.3198932237097072
3513,10.770476795895272,10.450583572185565,0.3198932237097072
3514,10.770476795895272,10.450583572185565,0.3198932237097072
3515,10.770476795895272,10.450583572185565,0.3198932237097072
3516,10.770476795895272,10.450583572185565,0.3198932237097072
3517,10.770476795895272,10.450583572185565,0.3198932237097072
3518,10.770476795895272,10.450583572185565,0.3198932237097072
3519,10.770476795895272,10.450583572185565,0.3198932237097072
3520,10.770476795895272,10.450583572185565,0.3198932237097072
3521,10.770476795895272,10.450583572185565,0.3198932237097072
3522,10.770476795895272,10.450583572185565,0.3198932237097072
3523,10.770476795895272,10.450583572185565,0.3198932237097072
3524,10.770476795895272,10.450583572185565,0.3198932237097072
3525,10.770476795895272,10.450583572185565,0.3198932237097072
3526,10.770476795895272,10.450583572185565,0.3198932237097072
3527,10.770476795895272,10.450583572185565,0.3198932237097072
3528,10.770476795895272,10.450583572185565,0.3198932237097072
3529,10.770476795895272,10.450583572185565,0.3198932237097072
3530,10.770476795895272,10.450583572185565,0.3198932237097072
3531,10.770476795895272,10.450583572185565,0.3198932237097072
3532,10.770476795895272,10.450583572185565,0.3198932237097072
3533,10.770476795895272,10.450583572185565,0.3198932237097072
3534,10.770476795895272,10.450583572185565,0.3198932237097072
3535,10.770476795895272,10.450583572185565,0.3198932237097072
3536,10.770476795895272,10.450583572185565,0.3198932237097072
3537,10.770476795895272,10.450583572185565,0.3198932237097072
3538,10.770476795895272,10.450583572185565,0.3198932237097072
3539,10.770476795895272,10.450583572185565,0.3198932237097072
3540,10.770476795895272,10.450583572185565,0.3198932237097072
3541,10.770476795895272,10.450583572185565,0.3198932237097072
3542,10.770476795895272,10.450583572185565,0.3198932237097072
3543,10.770476795895272,10.450583572185565,0.3198932237097072
3544,10.770476795895272,10.450583572185565,0.3198932237097072
3545,10.770476795895272,10.450583572185565,0.3198932237097072
3546,10.770476795895272,10.450583572185565,0.3198932237097072
3547,10.770476795895272,10.450583572185565,0.3198932237097072
3548,10.770476795895272,10.450583572185565,0.3198932237097072
3549,10.770476795895272,10.450583572185565,0.3198932237097072
3550,10.770476795895272,10.450583572185565,0.3198932237097072
3551,10.770476795895272,10.450583572185565,0.3198932237097072
3552,10.770476795895272,10.450583572185565,0.3198932237097072
3553,10.770476795895272,10.450583572185565,0.3198932237097072
3554,10.770476795895272,10.450583572185565,0.3198932237097072
3555,10.770476795895272,10.450583572185565,0.3198932237097072
3556,10.770476795895272,10.450583572185565,0.3198932237097072
3557,10.770476795895272,10.450583572185565,0.3198932237097072
3558,10.770476795895272,10.450583572185565,0.3198932237097072
3559,10.770476795895272,10.450583572185565,0.3198932237097072
3560,10.770476795895272,10.450583572185565,0.3198932237097072
3561,10.770476795895272,10.450583572185565,0.3198932237097072
3562,10.770476795895272,10.450583572185565,0.3198932237097072
3563,10.770476795895272,10.450583572185565,0.3198932237097072
3564,10.770476795895272,10.450583572185565,0.3198932237097072
3565,10.770476795895272,10.450583572185565,0.3198932237097072
3566,10.770476795895272,10.450583572185565,0.3198932237097072
3567,10.770476795895272,10.450583572185565,0.3198932237097072
3568,10.770476795895272,10.450583572185565,0.3198932237097072
3569,10.770476795895272,10.450583572185565,0.3198932237097072
3570,10.770476795895272,10.450583572185565,0.3198932237097072
3571,10.770476795895272,10.450583572185565,0.3198932237097072
3572,10.770476795895272,10.450583572185565,0.3198932237097072
3573,10.770476795895272,10.450583572185565,0.3198932237097072
3574,10.770476795895272,10.450583572185565,0.3198932237097072
3575,10.770476795895272,10.450583572185565,0.3198932237097072
3576,10.770476795895272,10.450583572185565,0.3198932237097072
3577,10.770476795895272,10.450583572185565,0.3198932237097072
3578,10.770476795895272,10.450583572185565,0.3198932237097072
3579,10.770476795895272,10.450583572185565,0.3198932237097072
3580,10.770476795895272,10.450583572185565,0.3198932237097072
3581,10.770476795895272,10.450583572185565,0.3198932237097072
3582,10.770476795895272,10.450583572185565,0.3198932237097072
3583,10.770476795895272,10.450583572185565,0.3198932237097072
3584,10.770476795895272,10.450583572185565,0.3198932237097072
3585,10.770476795895272,10.450583572185565,0.3198932237097072
3586,10.770476795895272,10.450583572185565,0.3198932237097072
3587,10.770476795895272,10.450583572185565,0.3198932237097072
3588,10.770476795895272,10.450583572185565,0.3198932237097072
3589,10.770476795895272,10.450583572185565,0.3198932237097072
3590,10.770476795895272,10.450583572185565,0.3198932237097072
3591,10.770476795895272,10.450583572185565,0.3198932237097072
3592,10.770476795895272,10.450583572185565,0.3198932237097072
3593,10.770476795895272,10.450583572185565,0.3198932237097072
3594,10.770476795895272,10.450583572185565,0.3198932237097072
3595,10.770476795895272,10.450583572185565,0.3198932237097072
3596,10.770476795895272,10.450583572185565,0.3198932237097072
3597,10.770476795895272,10.450583572185565,0.3198932237097072
3598,10.770476795895272,10.450583572185565,0.3198932237097072
3599,10.770476795895272,10.450583572185565,0.3198932237097072
3600,10.770476795895272,10.450583572185565,0.3198932237097072
3601,10.770476795895272,10.450583572185565,0.3198932237097072
3602,10.770476795895272,10.450583572185565,0.3198932237097072
3603,10.770476795895272,10.450583572185565,0.3198932237097072
3604,10.770476795895272,10.450583572185565,0.3198932237097072
3605,10.770476795895272,10.450583572185565,0.3198932237097072
3606,10.770476795895272,10.450583572185565,0.3198932237097072
3607,10.770476795895272,10.450583572185565,0.3198932237097072
3608,10.770476795895272,10.450583572185565,0.3198932237097072
3609,10.770476795895272,10.450583572185565,0.3198932237097072
3610,10.770476795895272,10.450583572185565,0.3198932237097072
3611,10.770476795895272,10.450583572185565,0.3198932237097072
3612,10.770476795895272,10.450583572185565,0.3198932237097072
3613,10.770476795895272,10.450583572185565,0.3198932237097072
3614,10.770476795895272,10.450583572185565,0.3198932237097072
3615,10.770476795895272,10.450583572185565,0.3198932237097072
3616,10.770476795895272,10.450583572185565,0.3198932237097072
3617,10.770476795895272,10.450583572185565,0.3198932237097072
3618,10.770476795895272,10.450583572185565,0.3198932237097072
3619,10.770476795895272,10.450583572185565,0.3198932237097072
3620,10.770476795895272,10.450583572185565,0.3198932237097072
3621,10.770476795895272,10.450583572185565,0.3198932237097072
3622,10.770476795895272,10.450583572185565,0.3198932237097072
3623,10.770476795895272,10.450583572185565,0.3198932237097072
3624,10.770476795895272,10.450583572185565,0.3198932237097072
3625,10.770476795895272,10.450583572185565,0.3198932237097072
3626,10.770476795895272,10.450583572185565,0.3198932237097072
3627,10.770476795895272,10.450583572185565,0.3198932237097072
3628,10.770476795895272,10.450583572185565,0.3198932237097072
3629,10.770476795895272,10.450583572185565,0.3198932237097072
3630,10.770476795895272,10.450583572185565,0.3198932237097072
3631,10.770476795895272,10.450583572185565,0.3198932237097072
3632,10.770476795895272,10.450583572185565,0.3198932237097072
3633,10.770476795895272,10.450583572185565,0.3198932237097072
3634,10.770476795895272,10.450583572185565,0.3198932237097072
3635,10.770476795895272,10.450583572185565,0.3198932237097072
3636,10.770476795895272,10.450583572185565,0.3198932237097072
3637,10.770476795895272,10.450583572185565,0.3198932237097072
3638,10.770476795895272,10.450583572185565,0.3198932237097072
3639,10.770476795895272,10.450583572185565,0.3198932237097072
3640,10.770476795895272,10.450583572185565,0.3198932237097072
3641,10.770476795895272,10.450583572185565,0.3198932237097072
3642,10.770476795895272,10.450583572185565,0.3198932237097072
3643,10.770476795895272,10.450583572185565,0.3198932237097072
3644,10.770476795895272,10.450583572185565,0.3198932237097072
3645,10.770476795895272,10.450583572185565,0.3198932237097072
3646,10.770476795895272,10.450583572185565,0.3198932237097072
3647,10.770476795895272,10.450583572185565,0.3198932237097072
3648,10.770476795895272,10.450583572185565,0.3198932237097072
3649,10.770476795895272,10.450583572185565,0.3198932237097072
3650,10.770476795895272,10.450583572185565,0.3198932237097072
3651,10.770476795895272,10.450583572185565,0.3198932237097072
3652,10.770476795895272,10.450583572185565,0.3198932237097072
3653,10.770476795895272,10.450583572185565,0.3198932237097072
3654,10.770476795895272,10.450583572185565,0.3198932237097072
3655,10.770476795895272,10.450583572185565,0.3198932237097072
3656,10.770476795895272,10.450583572185565,0.3198932237097072
3657,10.770476795895272,10.450583572185565,0.3198932237097072
3658,10.770476795895272,10.450583572185565,0.3198932237097072
3659,10.770476795895272,10.450583572185565,0.3198932237097072
3660,10.770476795895272,10.450583572185565,0.3198932237097072
3661,10.770476795895272,10.450583572185565,0.3198932237097072
3662,10.770476795895272,10.450583572185565,0.3198932237097072
3663,10.770476795895272,10.450583572185565,0.3198932237097072
3664,10.770476795895272,10.450583572185565,0.3198932237097072
3665,10.770476795895272,10.450583572185565,0.3198932237097072
3666,10.770476795895272,10.450583572185565,0.3198932237097072
3667,10.770476795895272,10.450583572185565,0.3198932237097072
3668,10.770476795895272,10.450583572185565,0.3198932237097072
3669,10.770476795895272,10.450583572185565,0.3198932237097072
3670,10.770476795895272,10.450583572185565,0.3198932237097072
3671,10.770476795895272,10.450583572185565,0.3198932237097072
3672,10.770476795895272,10.450583572185565,0.3198932237097072
3673,10.770476795895272,10.450583572185565,0.3198932237097072
3674,10.770476795895272,10.450583572185565,0.3198932237097072
3675,10.770476795895272,10.450583572185565,0.3198932237097072
3676,10.770476795895272,10.450583572185565,0.3198932237097072
3677,10.770476795895272,10.450583572185565,0.3198932237097072
3678,10.770476795895272,10.450583572185565,0.3198932237097072
3679,10.770476795895272,10.450583572185565,0.3198932237097072
3680,10.770476795895272,10.450583572185565,0.3198932237097072
3681,10.770476795895272,10.450583572185565,0.3198932237097072
3682,10.770476795895272,10.450583572185565,0.3198932237097072
3683,10.770476795895272,10.450583572185565,0.3198932237097072
3684,10.770476795895272,10.450583572185565,0.3198932237097072
3685,10.770476795895272,10.450583572185565,0.3198932237097072
3686,10.770476795895272,10.450583572185565,0.3198932237097072
3687,10.770476795895272,10.450583572185565,0.3198932237097072
3688,10.770476795895272,10.450583572185565,0.3198932237097072
3689,10.770476795895272,10.450583572185565,0.3198932237097072
3690,10.770476795895272,10.450583572185565,0.3198932237097072
3691,10.770476795895272,10.450583572185565,0.3198932237097072
3692,10.770476795895272,10.450583572185565,0.3198932237097072
3693,10.770476795895272,10.450583572185565,0.3198932237097072
3694,10.770476795895272,10.450583572185565,0.3198932237097072
3695,10.770476795895272,10.450583572185565,0.3198932237097072
3696,10.770476795895272,10.450583572185565,0.3198932237097072
3697,10.770476795895272,10.450583572185565,0.3198932237097072
3698,10.770476795895272,10.450583572185565,0.3198932237097072
3699,10.770476795895272,10.450583572185565,0.3198932237097072
3700,10.770476795895272,10.450583572185565,0.3198932237097072
3701,10.770476795895272,10.450583572185565,0.3198932237097072
3702,10.770476795895272,10.450583572185565,0.3198932237097072
3703,10.770476795895272,10.450583572185565,0.3198932237097072
3704,10.770476795895272,10.450583572185565,0.3198932237097072
3705,10.770476795895272,10.450583572185565,0.3198932237097072
3706,10.770476795895272,10.450583572185565,0.3198932237097072
3707,10.770476795895272,10.450583572185565,0.3198932237097072
3708,10.770476795895272,10.450583572185565,0.3198932237097072
3709,10.770476795895272,10.450583572185565,0.3198932237097072
3710,10.770476795895272,10.450583572185565,0.3198932237097072
3711,10.770476795895272,10.450583572185565,0.3198932237097072
3712,10.770476795895272,10.450583572185565,0.3198932237097072
3713,10.770476795895272,10.450583572185565,0.3198932237097072
3714,10.770476795895272,10.450583572185565,0.3198932237097072
3715,10.770476795895272,10.450583572185565,0.3198932237097072
3716,10.770476795895272,10.450583572185565,0.3198932237097072
3717,10.770476795895272,10.450583572185565,0.3198932237097072
3718,10.770476795895272,10.450583572185565,0.3198932237097072
3719,10.770476795895272,10.450583572185565,0.3198932237097072
3720,10.770476795895272,10.450583572185565,0.3198932237097072
3721,10.770476795895272,10.450583572185565,0.3198932237097072
3722,10.770476795895272,10.450583572185565,0.3198932237097072
3723,10.770476795895272,10.450583572185565,0.3198932237097072
3724,10.770476795895272,10.450583572185565,0.3198932237097072
3725,10.770476795895272,10.450583572185565,0.3198932237097072
3726,10.770476795895272,10.450583572185565,0.3198932237097072
3727,10.770476795895272,10.450583572185565,0.3198932237097072
3728,10.770476795895272,10.450583572185565,0.3198932237097072
3729,10.770476795895272,10.450583572185565,0.3198932237097072
3730,10.770476795895272,10.450583572185565,0.3198932237097072
3731,10.770476795895272,10.450583572185565,0.3198932237097072
3732,10.770476795895272,10.450583572185565,0.3198932237097072
3733,10.770476795895272,10.450583572185565,0.3198932237097072
3734,10.770476795895272,10.450583572185565,0.3198932237097072
3735,10.770476795895272,10.450583572185565,0.3198932237097072
3736,10.770476795895272,10.450583572185565,0.3198932237097072
3737,10.770476795895272,10.450583572185565,0.3198932237097072
3738,10.770476795895272,10.450583572185565,0.3198932237097072
3739,10.770476795895272,10.450583572185565,0.3198932237097072
3740,10.770476795895272,10.450583572185565,0.3198932237097072
3741,10.770476795895272,10.450583572185565,0.3198932237097072
3742,10.770476795895272,10.450583572185565,0.3198932237097072
3743,10.770476795895272,10.450583572185565,0.3198932237097072
3744,10.770476795895272,10.450583572185565,0.3198932237097072
3745,10.770476795895272,10.450583572185565,0.3198932237097072
3746,10.770476795895272,10.450583572185565,0.3198932237097072
3747,10.770476795895272,10.450583572185565,0.3198932237097072
3748,10.770476795895272,10.450583572185565,0.3198932237097072
3749,10.770476795895272,10.450583572185565,0.3198932237097072
3750,10.770476795895272,10.450583572185565,0.3198932237097072
3751,10.770476795895272,10.450583572185565,0.3198932237097072
3752,10.770476795895272,10.450583572185565,0.3198932237097072
3753,10.770476795895272,10.450583572185565,0.3198932237097072
3754,10.770476795895272,10.450583572185565,0.3198932237097072
3755,10.770476795895272,10.450583572185565,0.3198932237097072
3756,10.770476795895272,10.450583572185565,0.3198932237097072
3757,10.770476795895272,10.450583572185565,0.3198932237097072
3758,10.770476795895272,10.450583572185565,0.3198932237097072
3759,10.770476795895272,10.450583572185565,0.3198932237097072
3760,10.770476795895272,10.450583572185565,0.3198932237097072
3761,10.770476795895272,10.450583572185565,0.3198932237097072
3762,10.770476795895272,10.450583572185565,0.3198932237097072
3763,10.770476795895272,10.450583572185565,0.3198932237097072
3764,10.770476795895272,10.450583572185565,0.3198932237097072
3765,10.770476795895272,10.450583572185565,0.3198932237097072
3766,10.770476795895272,10.450583572185565,0.3198932237097072
3767,10.770476795895272,10.450583572185565,0.3198932237097072
3768,10.770476795895272,10.450583572185565,0.3198932237097072
3769,10.770476795895272,10.450583572185565,0.3198932237097072
3770,10.770476795895272,10.450583572185565,0.3198932237097072
3771,10.770476795895272,10.450583572185565,0.3198932237097072
3772,10.770476795895272,10.450583572185565,0.3198932237097072
3773,10.770476795895272,10.450583572185565,0.3198932237097072
3774,10.770476795895272,10.450583572185565,0.3198932237097072
3775,10.770476795895272,10.450583572185565,0.3198932237097072
3776,10.770476795895272,10.450583572185565,0.3198932237097072
3777,10.770476795895272,10.450583572185565,0.3198932237097072
3778,10.770476795895272,10.450583572185565,0.3198932237097072
3779,10.770476795895272,10.450583572185565,0.3198932237097072
3780,10.770476795895272,10.450583572185565,0.3198932237097072
3781,10.770476795895272,10.450583572185565,0.3198932237097072
3782,10.770476795895272,10.450583572185565,0.3198932237097072
3783,10.770476795895272,10.450583572185565,0.3198932237097072
3784,10.770476795895272,10.450583572185565,0.3198932237097072
3785,10.770476795895272,10.450583572185565,0.3198932237097072
3786,10.770476795895272,10.450583572185565,0.3198932237097072
3787,10.770476795895272,10.450583572185565,0.3198932237097072
3788,10.770476795895272,10.450583572185565,0.3198932237097072
3789,10.770476795895272,10.450583572185565,0.3198932237097072
3790,10.770476795895272,10.450583572185565,0.3198932237097072
3791,10.770476795895272,10.450583572185565,0.3198932237097072
3792,10.770476795895272,10.450583572185565,0.3198932237097072
3793,10.770476795895272,10.450583572185565,0.3198932237097072
3794,10.770476795895272,10.450583572185565,0.3198932237097072
3795,10.770476795895272,10.450583572185565,0.3198932237097072
3796,10.770476795895272,10.450583572185565,0.3198932237097072
3797,10.770476795895272,10.450583572185565,0.3198932237097072
3798,10.770476795895272,10.450583572185565,0.3198932237097072
3799,10.770476795895272,10.450583572185565,0.3198932237097072
3800,10.770476795895272,10.450583572185565,0.3198932237097072
3801,10.770476795895272,10.450583572185565,0.3198932237097072
3802,10.770476795895272,10.450583572185565,0.3198932237097072
3803,10.770476795895272,10.450583572185565,0.3198932237097072
3804,10.770476795895272,10.450583572185565,0.3198932237097072
3805,10.770476795895272,10.450583572185565,0.3198932237097072
3806,10.770476795895272,10.450583572185565,0.3198932237097072
3807,10.770476795895272,10.450583572185565,0.3198932237097072
3808,10.770476795895272,10.450583572185565,0.3198932237097072
3809,10.770476795895272,10.450583572185565,0.3198932237097072
3810,10.770476795895272,10.450583572185565,0.3198932237097072
3811,10.770476795895272,10.450583572185565,0.3198932237097072
3812,10.770476795895272,10.450583572185565,0.3198932237097072
3813,10.770476795895272,10.450583572185565,0.3198932237097072
3814,10.770476795895272,10.450583572185565,0.3198932237097072
3815,10.770476795895272,10.450583572185565,0.3198932237097072
3816,10.770476795895272,10.450583572185565,0.3198932237097072
3817,10.770476795895272,10.450583572185565,0.3198932237097072
3818,10.770476795895272,10.450583572185565,0.3198932237097072
3819,10.770476795895272,10.450583572185565,0.3198932237097072
3820,10.770476795895272,10.450583572185565,0.3198932237097072
3821,10.770476795895272,10.450583572185565,0.3198932237097072
3822,10.770476795895272,10.450583572185565,0.3198932237097072
3823,10.770476795895272,10.450583572185565,0.3198932237097072
3824,10.770476795895272,10.450583572185565,0.3198932237097072
3825,10.770476795895272,10.450583572185565,0.3198932237097072
3826,10.770476795895272,10.450583572185565,0.3198932237097072
3827,10.770476795895272,10.450583572185565,0.3198932237097072
3828,10.770476795895272,10.450583572185565,0.3198932237097072
3829,10.770476795895272,10.450583572185565,0.3198932237097072
3830,10.770476795895272,10.450583572185565,0.3198932237097072
3831,10.770476795895272,10.450583572185565,0.3198932237097072
3832,10.770476795895272,10.450583572185565,0.3198932237097072
3833,10.770476795895272,10.450583572185565,0.3198932237097072
3834,10.770476795895272,10.450583572185565,0.3198932237097072
3835,10.770476795895272,10.450583572185565,0.3198932237097072
3836,10.770476795895272,10.450583572185565,0.3198932237097072
3837,10.770476795895272,10.450583572185565,0.3198932237097072
3838,10.770476795895272,10.450583572185565,0.3198932237097072
3839,10.770476795895272,10.450583572185565,0.3198932237097072
3840,10.770476795895272,10.450583572185565,0.3198932237097072
3841,10.770476795895272,10.450583572185565,0.3198932237097072
3842,10.770476795895272,10.450583572185565,0.3198932237097072
3843,10.770476795895272,10.450583572185565,0.3198932237097072
3844,10.770476795895272,10.450583572185565,0.3198932237097072
3845,10.770476795895272,10.450583572185565,0.3198932237097072
3846,10.770476795895272,10.450583572185565,0.3198932237097072
3847,10.770476795895272,10.450583572185565,0.3198932237097072
3848,10.770476795895272,10.450583572185565,0.3198932237097072
3849,10.770476795895272,10.450583572185565,0.3198932237097072
3850,10.770476795895272,10.450583572185565,0.3198932237097072
3851,10.770476795895272,10.450583572185565,0.3198932237097072
3852,10.770476795895272,10.450583572185565,0.3198932237097072
3853,10.770476795895272,10.450583572185565,0.3198932237097072
3854,10.770476795895272,10.450583572185565,0.3198932237097072
3855,10.770476795895272,10.450583572185565,0.3198932237097072
3856,10.770476795895272,10.450583572185565,0.3198932237097072
3857,10.770476795895272,10.450583572185565,0.3198932237097072
3858,10.770476795895272,10.450583572185565,0.3198932237097072
3859,10.770476795895272,10.450583572185565,0.3198932237097072
3860,10.770476795895272,10.450583572185565,0.3198932237097072
3861,10.770476795895272,10.450583572185565,0.3198932237097072
3862,10.770476795895272,10.450583572185565,0.3198932237097072
3863,10.770476795895272,10.450583572185565,0.3198932237097072
3864,10.770476795895272,10.450583572185565,0.3198932237097072
3865,10.770476795895272,10.450583572185565,0.3198932237097072
3866,10.770476795895272,10.450583572185565,0.3198932237097072
3867,10.770476795895272,10.450583572185565,0.3198932237097072
3868,10.770476795895272,10.450583572185565,0.3198932237097072
3869,10.770476795895272,10.450583572185565,0.3198932237097072
3870,10.770476795895272,10.450583572185565,0.3198932237097072
3871,10.770476795895272,10.450583572185565,0.3198932237097072
3872,10.770476795895272,10.450583572185565,0.3198932237097072
3873,10.770476795895272,10.450583572185565,0.3198932237097072
3874,10.770476795895272,10.450583572185565,0.3198932237097072
3875,10.770476795895272,10.450583572185565,0.3198932237097072
3876,10.770476795895272,10.450583572185565,0.3198932237097072
3877,10.770476795895272,10.450583572185565,0.3198932237097072
3878,10.770476795895272,10.450583572185565,0.3198932237097072
3879,10.770476795895272,10.450583572185565,0.3198932237097072
3880,10.770476795895272,10.450583572185565,0.3198932237097072
3881,10.770476795895272,10.450583572185565,0.3198932237097072
3882,10.770476795895272,10.450583572185565,0.3198932237097072
3883,10.770476795895272,10.450583572185565,0.3198932237097072
3884,10.770476795895272,10.450583572185565,0.3198932237097072
3885,10.770476795895272,10.450583572185565,0.3198932237097072
3886,10.770476795895272,10.450583572185565,0.3198932237097072
3887,10.770476795895272,10.450583572185565,0.3198932237097072
3888,10.770476795895272,10.450583572185565,0.3198932237097072
3889,10.770476795895272,10.450583572185565,0.3198932237097072
3890,10.770476795895272,10.450583572185565,0.3198932237097072
3891,10.770476795895272,10.450583572185565,0.3198932237097072
3892,10.770476795895272,10.450583572185565,0.3198932237097072
3893,10.770476795895272,10.450583572185565,0.3198932237097072
3894,10.770476795895272,10.450583572185565,0.3198932237097072
3895,10.770476795895272,10.450583572185565,0.3198932237097072
3896,10.770476795895272,10.450583572185565,0.3198932237097072
3897,10.770476795895272,10.450583572185565,0.3198932237097072
3898,10.770476795895272,10.450583572185565,0.3198932237097072
3899,10.770476795895272,10.450583572185565,0.3198932237097072
3900,10.770476795895272,10.450583572185565,0.3198932237097072
3901,10.770476795895272,10.450583572185565,0.3198932237097072
3902,10.770476795895272,10.450583572185565,0.3198932237097072
3903,10.770476795895272,10.450583572185565,0.3198932237097072
3904,10.770476795895272,10.450583572185565,0.3198932237097072
3905,10.770476795895272,10.450583572185565,0.3198932237097072
3906,10.770476795895272,10.450583572185565,0.3198932237097072
3907,10.770476795895272,10.450583572185565,0.3198932237097072
3908,10.770476795895272,10.450583572185565,0.3198932237097072
3909,10.770476795895272,10.450583572185565,0.3198932237097072
3910,10.770476795895272,10.450583572185565,0.3198932237097072
3911,10.770476795895272,10.450583572185565,0.3198932237097072
3912,10.770476795895272,10.450583572185565,0.3198932237097072
3913,10.770476795895272,10.450583572185565,0.3198932237097072
3914,10.770476795895272,10.450583572185565,0.3198932237097072
3915,10.770476795895272,10.450583572185565,0.3198932237097072
3916,10.770476795895272,10.450583572185565,0.3198932237097072
3917,10.770476795895272,10.450583572185565,0.3198932237097072
3918,10.770476795895272,10.450583572185565,0.3198932237097072
3919,10.770476795895272,10.450583572185565,0.3198932237097072
3920,10.770476795895272,10.450583572185565,0.3198932237097072
3921,10.770476795895272,10.450583572185565,0.3198932237097072
3922,10.770476795895272,10.450583572185565,0.3198932237097072
3923,10.770476795895272,10.450583572185565,0.3198932237097072
3924,10.770476795895272,10.450583572185565,0.3198932237097072
3925,10.770476795895272,10.450583572185565,0.3198932237097072
3926,10.770476795895272,10.450583572185565,0.3198932237097072
3927,10.770476795895272,10.450583572185565,0.3198932237097072
3928,10.770476795895272,10.450583572185565,0.3198932237097072
3929,10.770476795895272,10.450583572185565,0.3198932237097072
3930,10.770476795895272,10.450583572185565,0.3198932237097072
3931,10.770476795895272,10.450583572185565,0.3198932237097072
3932,10.770476795895272,10.450583572185565,0.3198932237097072
3933,10.770476795895272,10.450583572185565,0.3198932237097072
3934,10.770476795895272,10.450583572185565,0.3198932237097072
3935,10.770476795895272,10.450583572185565,0.3198932237097072
3936,10.770476795895272,10.450583572185565,0.3198932237097072
3937,10.770476795895272,10.450583572185565,0.3198932237097072
3938,10.770476795895272,10.450583572185565,0.3198932237097072
3939,10.770476795895272,10.450583572185565,0.3198932237097072
3940,10.770476795895272,10.450583572185565,0.3198932237097072
3941,10.770476795895272,10.450583572185565,0.3198932237097072
3942,10.770476795895272,10.450583572185565,0.3198932237097072
3943,10.770476795895272,10.450583572185565,0.3198932237097072
3944,10.770476795895272,10.450583572185565,0.3198932237097072
3945,10.770476795895272,10.450583572185565,0.3198932237097072
3946,10.770476795895272,10.450583572185565,0.3198932237097072
3947,10.770476795895272,10.450583572185565,0.3198932237097072
3948,10.770476795895272,10.450583572185565,0.3198932237097072
3949,10.770476795895272,10.450583572185565,0.3198932237097072
3950,10.770476795895272,10.450583572185565,0.3198932237097072
3951,10.770476795895272,10.450583572185565,0.3198932237097072
3952,10.770476795895272,10.450583572185565,0.3198932237097072
3953,10.770476795895272,10.450583572185565,0.3198932237097072
3954,10.770476795895272,10.450583572185565,0.3198932237097072
3955,10.770476795895272,10.450583572185565,0.3198932237097072
3956,10.770476795895272,10.450583572185565,0.3198932237097072
3957,10.770476795895272,10.450583572185565,0.3198932237097072
3958,10.770476795895272,10.450583572185565,0.3198932237097072
3959,10.770476795895272,10.450583572185565,0.3198932237097072
3960,10.770476795895272,10.450583572185565,0.3198932237097072
3961,10.770476795895272,10.450583572185565,0.3198932237097072
3962,10.770476795895272,10.450583572185565,0.3198932237097072
3963,10.770476795895272,10.450583572185565,0.3198932237097072
3964,10.770476795895272,10.450583572185565,0.3198932237097072
3965,10.770476795895272,10.450583572185565,0.3198932237097072
3966,10.770476795895272,10.450583572185565,0.3198932237097072
3967,10.770476795895272,10.450583572185565,0.3198932237097072
3968,10.770476795895272,10.450583572185565,0.3198932237097072
3969,10.770476795895272,10.450583572185565,0.3198932237097072
3970,10.770476795895272,10.450583572185565,0.3198932237097072
3971,10.770476795895272,10.450583572185565,0.3198932237097072
3972,10.770476795895272,10.450583572185565,0.3198932237097072
3973,10.770476795895272,10.450583572185565,0.3198932237097072
3974,10.770476795895272,10.450583572185565,0.3198932237097072
3975,10.770476795895272,10.450583572185565,0.3198932237097072
3976,10.770476795895272,10.450583572185565,0.3198932237097072
3977,10.770476795895272,10.450583572185565,0.3198932237097072
3978,10.770476795895272,10.450583572185565,0.3198932237097072
3979,10.770476795895272,10.450583572185565,0.3198932237097072
3980,10.770476795895272,10.450583572185565,0.3198932237097072
3981,10.770476795895272,10.450583572185565,0.3198932237097072
3982,10.770476795895272,10.450583572185565,0.3198932237097072
3983,10.770476795895272,10.450583572185565,0.3198932237097072
3984,10.770476795895272,10.450583572185565,0.3198932237097072
3985,10.770476795895272,10.450583572185565,0.3198932237097072
3986,10.770476795895272,10.450583572185565,0.3198932237097072
3987,10.770476795895272,10.450583572185565,0.3198932237097072
3988,10.770476795895272,10.450583572185565,0.3198932237097072
3989,10.770476795895272,10.450583572185565,0.3198932237097072
3990,10.770476795895272,10.450583572185565,0.3198932237097072
3991,10.770476795895272,10.450583572185565,0.3198932237097072
3992,10.770476795895272,10.450583572185565,0.3198932237097072
3993,10.770476795895272,10.450583572185565,0.3198932237097072
3994,10.770476795895272,10.450583572185565,0.3198932237097072
3995,10.770476795895272,10.450583572185565,0.3198932237097072
3996,10.770476795895272,10.450583572185565,0.3198932237097072
3997,10.770476795895272,10.450583572185565,0.3198932237097072
3998,10.770476795895272,10.450583572185565,0.3198932237097072
3999,10.770476795895272,10.450583572185565,0.3198932237097072
4000,10.770476795895272,10.450583572185565,0.3198932237097072
4001,10.770476795895272,10.450583572185565,0.3198932237097072
4002,10.770476795895272,10.450583572185565,0.3198932237097072
4003,10.770476795895272,10.450583572185565,0.3198932237097072
4004,10.770476795895272,10.450583572185565,0.3198932237097072
4005,10.770476795895272,10.450583572185565,0.3198932237097072
4006,10.770476795895272,10.450583572185565,0.3198932237097072
4007,10.770476795895272,10.450583572185565,0.3198932237097072
4008,10.770476795895272,10.450583572185565,0.3198932237097072
4009,10.770476795895272,10.450583572185565,0.3198932237097072
4010,10.770476795895272,10.450583572185565,0.3198932237097072
4011,10.770476795895272,10.450583572185565,0.3198932237097072
4012,10.770476795895272,10.450583572185565,0.3198932237097072
4013,10.770476795895272,10.450583572185565,0.3198932237097072
4014,10.770476795895272,10.450583572185565,0.3198932237097072
4015,10.770476795895272,10.450583572185565,0.3198932237097072
4016,10.770476795895272,10.450583572185565,0.3198932237097072
4017,10.770476795895272,10.450583572185565,0.3198932237097072
4018,10.770476795895272,10.450583572185565,0.3198932237097072
4019,10.770476795895272,10.450583572185565,0.3198932237097072
4020,10.770476795895272,10.450583572185565,0.3198932237097072
4021,10.770476795895272,10.450583572185565,0.3198932237097072
4022,10.770476795895272,10.450583572185565,0.3198932237097072
4023,10.770476795895272,10.450583572185565,0.3198932237097072
4024,10.770476795895272,10.450583572185565,0.3198932237097072
4025,10.770476795895272,10.450583572185565,0.3198932237097072
4026,10.770476795895272,10.450583572185565,0.3198932237097072
4027,10.770476795895272,10.450583572185565,0.3198932237097072
4028,10.770476795895272,10.450583572185565,0.3198932237097072
4029,10.770476795895272,10.450583572185565,0.3198932237097072
4030,10.770476795895272,10.450583572185565,0.3198932237097072
4031,10.770476795895272,10.450583572185565,0.3198932237097072
4032,10.770476795895272,10.450583572185565,0.3198932237097072
4033,10.770476795895272,10.450583572185565,0.3198932237097072
4034,10.770476795895272,10.450583572185565,0.3198932237097072
4035,10.770476795895272,10.450583572185565,0.3198932237097072
4036,10.770476795895272,10.450583572185565,0.3198932237097072
4037,10.770476795895272,10.450583572185565,0.3198932237097072
4038,10.770476795895272,10.450583572185565,0.3198932237097072
4039,10.770476795895272,10.450583572185565,0.3198932237097072
4040,10.770476795895272,10.450583572185565,0.3198932237097072
4041,10.770476795895272,10.450583572185565,0.3198932237097072
4042,10.770476795895272,10.450583572185565,0.3198932237097072
4043,10.770476795895272,10.450583572185565,0.3198932237097072
4044,10.770476795895272,10.450583572185565,0.3198932237097072
4045,10.770476795895272,10.450583572185565,0.3198932237097072
4046,10.770476795895272,10.450583572185565,0.3198932237097072
4047,10.770476795895272,10.450583572185565,0.3198932237097072
4048,10.770476795895272,10.450583572185565,0.3198932237097072
4049,10.770476795895272,10.450583572185565,0.3198932237097072
4050,10.770476795895272,10.450583572185565,0.3198932237097072
4051,10.770476795895272,10.450583572185565,0.3198932237097072
4052,10.770476795895272,10.450583572185565,0.3198932237097072
4053,10.770476795895272,10.450583572185565,0.3198932237097072
4054,10.770476795895272,10.450583572185565,0.3198932237097072
4055,10.770476795895272,10.450583572185565,0.3198932237097072
4056,10.770476795895272,10.450583572185565,0.3198932237097072
4057,10.770476795895272,10.450583572185565,0.3198932237097072
4058,10.770476795895272,10.450583572185565,0.3198932237097072
4059,10.770476795895272,10.450583572185565,0.3198932237097072
4060,10.770476795895272,10.450583572185565,0.3198932237097072
4061,10.770476795895272,10.450583572185565,0.3198932237097072
4062,10.770476795895272,10.450583572185565,0.3198932237097072
4063,10.770476795895272,10.450583572185565,0.3198932237097072
4064,10.770476795895272,10.450583572185565,0.3198932237097072
4065,10.770476795895272,10.450583572185565,0.3198932237097072
4066,10.770476795895272,10.450583572185565,0.3198932237097072
4067,10.770476795895272,10.450583572185565,0.3198932237097072
4068,10.770476795895272,10.450583572185565,0.3198932237097072
4069,10.770476795895272,10.450583572185565,0.3198932237097072
4070,10.770476795895272,10.450583572185565,0.3198932237097072
4071,10.770476795895272,10.450583572185565,0.3198932237097072
4072,10.770476795895272,10.450583572185565,0.3198932237097072
4073,10.770476795895272,10.450583572185565,0.3198932237097072
4074,10.770476795895272,10.450583572185565,0.3198932237097072
4075,10.770476795895272,10.450583572185565,0.3198932237097072
4076,10.770476795895272,10.450583572185565,0.3198932237097072
4077,10.770476795895272,10.450583572185565,0.3198932237097072
4078,10.770476795895272,10.450583572185565,0.3198932237097072
4079,10.770476795895272,10.450583572185565,0.3198932237097072
4080,10.770476795895272,10.450583572185565,0.3198932237097072
4081,10.770476795895272,10.450583572185565,0.3198932237097072
4082,10.770476795895272,10.450583572185565,0.3198932237097072
4083,10.770476795895272,10.450583572185565,0.3198932237097072
4084,10.770476795895272,10.450583572185565,0.3198932237097072
4085,10.770476795895272,10.450583572185565,0.3198932237097072
4086,10.770476795895272,10.450583572185565,0.3198932237097072
4087,10.770476795895272,10.450583572185565,0.3198932237097072
4088,10.770476795895272,10.450583572185565,0.3198932237097072
4089,10.770476795895272,10.450583572185565,0.3198932237097072
4090,10.770476795895272,10.450583572185565,0.3198932237097072
4091,10.770476795895272,10.450583572185565,0.3198932237097072
4092,10.770476795895272,10.450583572185565,0.3198932237097072
4093,10.770476795895272,10.450583572185565,0.3198932237097072
4094,10.770476795895272,10.450583572185565,0.3198932237097072
4095,10.770476795895272,10.450583572185565,0.3198932237097072
4096,10.770476795895272,10.450583572185565,0.3198932237097072
4097,10.770476795895272,10.450583572185565,0.3198932237097072
4098,10.770476795895272,10.450583572185565,0.3198932237097072
4099,10.770476795895272,10.450583572185565,0.3198932237097072
4100,10.770476795895272,10.450583572185565,0.3198932237097072
4101,10.770476795895272,10.450583572185565,0.3198932237097072
4102,10.770476795895272,10.450583572185565,0.3198932237097072
4103,10.770476795895272,10.450583572185565,0.3198932237097072
4104,10.770476795895272,10.450583572185565,0.3198932237097072
4105,10.770476795895272,10.450583572185565,0.3198932237097072
4106,10.770476795895272,10.450583572185565,0.3198932237097072
4107,10.770476795895272,10.450583572185565,0.3198932237097072
4108,10.770476795895272,10.450583572185565,0.3198932237097072
4109,10.770476795895272,10.450583572185565,0.3198932237097072
4110,10.770476795895272,10.450583572185565,0.3198932237097072
4111,10.770476795895272,10.450583572185565,0.3198932237097072
4112,10.770476795895272,10.450583572185565,0.3198932237097072
4113,10.770476795895272,10.450583572185565,0.3198932237097072
4114,10.770476795895272,10.450583572185565,0.3198932237097072
4115,10.770476795895272,10.450583572185565,0.3198932237097072
4116,10.770476795895272,10.450583572185565,0.3198932237097072
4117,10.770476795895272,10.450583572185565,0.3198932237097072
4118,10.770476795895272,10.450583572185565,0.3198932237097072
4119,10.770476795895272,10.450583572185565,0.3198932237097072
4120,10.770476795895272,10.450583572185565,0.3198932237097072
4121,10.770476795895272,10.450583572185565,0.3198932237097072
4122,10.770476795895272,10.450583572185565,0.3198932237097072
4123,10.770476795895272,10.450583572185565,0.3198932237097072
4124,10.770476795895272,10.450583572185565,0.3198932237097072
4125,10.770476795895272,10.450583572185565,0.3198932237097072
4126,10.770476795895272,10.450583572185565,0.3198932237097072
4127,10.770476795895272,10.450583572185565,0.3198932237097072
4128,10.770476795895272,10.450583572185565,0.3198932237097072
4129,10.770476795895272,10.450583572185565,0.3198932237097072
4130,10.770476795895272,10.450583572185565,0.3198932237097072
4131,10.770476795895272,10.450583572185565,0.3198932237097072
4132,10.770476795895272,10.450583572185565,0.3198932237097072
4133,10.770476795895272,10.450583572185565,0.3198932237097072
4134,10.770476795895272,10.450583572185565,0.3198932237097072
4135,10.770476795895272,10.450583572185565,0.3198932237097072
4136,10.770476795895272,10.450583572185565,0.3198932237097072
4137,10.770476795895272,10.450583572185565,0.3198932237097072
4138,10.770476795895272,10.450583572185565,0.3198932237097072
4139,10.770476795895272,10.450583572185565,0.3198932237097072
4140,10.770476795895272,10.450583572185565,0.3198932237097072
4141,10.770476795895272,10.450583572185565,0.3198932237097072
4142,10.770476795895272,10.450583572185565,0.3198932237097072
4143,10.770476795895272,10.450583572185565,0.3198932237097072
4144,10.770476795895272,10.450583572185565,0.3198932237097072
4145,10.770476795895272,10.450583572185565,0.3198932237097072
4146,10.770476795895272,10.450583572185565,0.3198932237097072
4147,10.770476795895272,10.450583572185565,0.3198932237097072
4148,10.770476795895272,10.450583572185565,0.3198932237097072
4149,10.770476795895272,10.450583572185565,0.3198932237097072
4150,10.770476795895272,10.450583572185565,0.3198932237097072
4151,10.770476795895272,10.450583572185565,0.3198932237097072
4152,10.770476795895272,10.450583572185565,0.3198932237097072
4153,10.770476795895272,10.450583572185565,0.3198932237097072
4154,10.770476795895272,10.450583572185565,0.3198932237097072
4155,10.770476795895272,10.450583572185565,0.3198932237097072
4156,10.770476795895272,10.450583572185565,0.3198932237097072
4157,10.770476795895272,10.450583572185565,0.3198932237097072
4158,10.770476795895272,10.450583572185565,0.3198932237097072
4159,10.770476795895272,10.450583572185565,0.3198932237097072
4160,10.770476795895272,10.450583572185565,0.3198932237097072
4161,10.770476795895272,10.450583572185565,0.3198932237097072
4162,10.770476795895272,10.450583572185565,0.3198932237097072
4163,10.770476795895272,10.450583572185565,0.3198932237097072
4164,10.770476795895272,10.450583572185565,0.3198932237097072
4165,10.770476795895272,10.450583572185565,0.3198932237097072
4166,10.770476795895272,10.450583572185565,0.3198932237097072
4167,10.770476795895272,10.450583572185565,0.3198932237097072
4168,10.770476795895272,10.450583572185565,0.3198932237097072
4169,10.770476795895272,10.450583572185565,0.3198932237097072
4170,10.770476795895272,10.450583572185565,0.3198932237097072
4171,10.770476795895272,10.450583572185565,0.3198932237097072
4172,10.770476795895272,10.450583572185565,0.3198932237097072
4173,10.770476795895272,10.450583572185565,0.3198932237097072
4174,10.770476795895272,10.450583572185565,0.3198932237097072
4175,10.770476795895272,10.450583572185565,0.3198932237097072
4176,10.770476795895272,10.450583572185565,0.3198932237097072
4177,10.770476795895272,10.450583572185565,0.3198932237097072
4178,10.770476795895272,10.450583572185565,0.3198932237097072
4179,10.770476795895272,10.450583572185565,0.3198932237097072
4180,10.770476795895272,10.450583572185565,0.3198932237097072
4181,10.770476795895272,10.450583572185565,0.3198932237097072
4182,10.770476795895272,10.450583572185565,0.3198932237097072
4183,10.770476795895272,10.450583572185565,0.3198932237097072
4184,10.770476795895272,10.450583572185565,0.3198932237097072
4185,10.770476795895272,10.450583572185565,0.3198932237097072
4186,10.770476795895272,10.450583572185565,0.3198932237097072
4187,10.770476795895272,10.450583572185565,0.3198932237097072
4188,10.770476795895272,10.450583572185565,0.3198932237097072
4189,10.770476795895272,10.450583572185565,0.3198932237097072
4190,10.770476795895272,10.450583572185565,0.3198932237097072
4191,10.770476795895272,10.450583572185565,0.3198932237097072
4192,10.770476795895272,10.450583572185565,0.3198932237097072
4193,10.770476795895272,10.450583572185565,0.3198932237097072
4194,10.770476795895272,10.450583572185565,0.3198932237097072
4195,10.770476795895272,10.450583572185565,0.3198932237097072
4196,10.770476795895272,10.450583572185565,0.3198932237097072
4197,10.770476795895272,10.450583572185565,0.3198932237097072
4198,10.770476795895272,10.450583572185565,0.3198932237097072
4199,10.770476795895272,10.450583572185565,0.3198932237097072
4200,10.770476795895272,10.450583572185565,0.3198932237097072
4201,10.770476795895272,10.450583572185565,0.3198932237097072
4202,10.770476795895272,10.450583572185565,0.3198932237097072
4203,10.770476795895272,10.450583572185565,0.3198932237097072
4204,10.770476795895272,10.450583572185565,0.3198932237097072
4205,10.770476795895272,10.450583572185565,0.3198932237097072
4206,10.770476795895272,10.450583572185565,0.3198932237097072
4207,10.770476795895272,10.450583572185565,0.3198932237097072
4208,10.770476795895272,10.450583572185565,0.3198932237097072
4209,10.770476795895272,10.450583572185565,0.3198932237097072
4210,10.770476795895272,10.450583572185565,0.3198932237097072
4211,10.770476795895272,10.450583572185565,0.3198932237097072
4212,10.770476795895272,10.450583572185565,0.3198932237097072
4213,10.770476795895272,10.450583572185565,0.3198932237097072
4214,10.770476795895272,10.450583572185565,0.3198932237097072
4215,10.770476795895272,10.450583572185565,0.3198932237097072
4216,10.770476795895272,10.450583572185565,0.3198932237097072
4217,10.770476795895272,10.450583572185565,0.3198932237097072
4218,10.770476795895272,10.450583572185565,0.3198932237097072
4219,10.770476795895272,10.450583572185565,0.3198932237097072
4220,10.770476795895272,10.450583572185565,0.3198932237097072
4221,10.770476795895272,10.450583572185565,0.3198932237097072
4222,10.770476795895272,10.450583572185565,0.3198932237097072
4223,10.770476795895272,10.450583572185565,0.3198932237097072
4224,10.770476795895272,10.450583572185565,0.3198932237097072
4225,10.770476795895272,10.450583572185565,0.3198932237097072
4226,10.770476795895272,10.450583572185565,0.3198932237097072
4227,10.770476795895272,10.450583572185565,0.3198932237097072
4228,10.770476795895272,10.450583572185565,0.3198932237097072
4229,10.770476795895272,10.450583572185565,0.3198932237097072
4230,10.770476795895272,10.450583572185565,0.3198932237097072
4231,10.770476795895272,10.450583572185565,0.3198932237097072
4232,10.770476795895272,10.450583572185565,0.3198932237097072
4233,10.770476795895272,10.450583572185565,0.3198932237097072
4234,10.770476795895272,10.450583572185565,0.3198932237097072
4235,10.770476795895272,10.450583572185565,0.3198932237097072
4236,10.770476795895272,10.450583572185565,0.3198932237097072
4237,10.770476795895272,10.450583572185565,0.3198932237097072
4238,10.770476795895272,10.450583572185565,0.3198932237097072
4239,10.770476795895272,10.450583572185565,0.3198932237097072
4240,10.770476795895272,10.450583572185565,0.3198932237097072
4241,10.770476795895272,10.450583572185565,0.3198932237097072
4242,10.770476795895272,10.450583572185565,0.3198932237097072
4243,10.770476795895272,10.450583572185565,0.3198932237097072
4244,10.770476795895272,10.450583572185565,0.3198932237097072
4245,10.770476795895272,10.450583572185565,0.3198932237097072
4246,10.770476795895272,10.450583572185565,0.3198932237097072
4247,10.770476795895272,10.450583572185565,0.3198932237097072
4248,10.770476795895272,10.450583572185565,0.3198932237097072
4249,10.770476795895272,10.450583572185565,0.3198932237097072
4250,10.770476795895272,10.450583572185565,0.3198932237097072
4251,10.770476795895272,10.450583572185565,0.3198932237097072
4252,10.770476795895272,10.450583572185565,0.3198932237097072
4253,10.770476795895272,10.450583572185565,0.3198932237097072
4254,10.770476795895272,10.450583572185565,0.3198932237097072
4255,10.770476795895272,10.450583572185565,0.3198932237097072
4256,10.770476795895272,10.450583572185565,0.3198932237097072
4257,10.770476795895272,10.450583572185565,0.3198932237097072
4258,10.770476795895272,10.450583572185565,0.3198932237097072
4259,10.770476795895272,10.450583572185565,0.3198932237097072
4260,10.770476795895272,10.450583572185565,0.3198932237097072
4261,10.770476795895272,10.450583572185565,0.3198932237097072
4262,10.770476795895272,10.450583572185565,0.3198932237097072
4263,10.770476795895272,10.450583572185565,0.3198932237097072
4264,10.770476795895272,10.450583572185565,0.3198932237097072
4265,10.770476795895272,10.450583572185565,0.3198932237097072
4266,10.770476795895272,10.450583572185565,0.3198932237097072
4267,10.770476795895272,10.450583572185565,0.3198932237097072
4268,10.770476795895272,10.450583572185565,0.3198932237097072
4269,10.770476795895272,10.450583572185565,0.3198932237097072
4270,10.770476795895272,10.450583572185565,0.3198932237097072
4271,10.770476795895272,10.450583572185565,0.3198932237097072
4272,10.770476795895272,10.450583572185565,0.3198932237097072
4273,10.770476795895272,10.450583572185565,0.3198932237097072
4274,10.770476795895272,10.450583572185565,0.3198932237097072
4275,10.770476795895272,10.450583572185565,0.3198932237097072
4276,10.770476795895272,10.450583572185565,0.3198932237097072
4277,10.770476795895272,10.450583572185565,0.3198932237097072
4278,10.770476795895272,10.450583572185565,0.3198932237097072
4279,10.770476795895272,10.450583572185565,0.3198932237097072
4280,10.770476795895272,10.450583572185565,0.3198932237097072
4281,10.770476795895272,10.450583572185565,0.3198932237097072
4282,10.770476795895272,10.450583572185565,0.3198932237097072
4283,10.770476795895272,10.450583572185565,0.3198932237097072
4284,10.770476795895272,10.450583572185565,0.3198932237097072
4285,10.770476795895272,10.450583572185565,0.3198932237097072
4286,10.770476795895272,10.450583572185565,0.3198932237097072
4287,10.770476795895272,10.450583572185565,0.3198932237097072
4288,10.770476795895272,10.450583572185565,0.3198932237097072
4289,10.770476795895272,10.450583572185565,0.3198932237097072
4290,10.770476795895272,10.450583572185565,0.3198932237097072
4291,10.770476795895272,10.450583572185565,0.3198932237097072
4292,10.770476795895272,10.450583572185565,0.3198932237097072
4293,10.770476795895272,10.450583572185565,0.3198932237097072
4294,10.770476795895272,10.450583572185565,0.3198932237097072
4295,10.770476795895272,10.450583572185565,0.3198932237097072
4296,10.770476795895272,10.450583572185565,0.3198932237097072
4297,10.770476795895272,10.450583572185565,0.3198932237097072
4298,10.770476795895272,10.450583572185565,0.3198932237097072
4299,10.770476795895272,10.450583572185565,0.3198932237097072
4300,10.770476795895272,10.450583572185565,0.3198932237097072
4301,10.770476795895272,10.450583572185565,0.3198932237097072
4302,10.770476795895272,10.450583572185565,0.3198932237097072
4303,10.770476795895272,10.450583572185565,0.3198932237097072
4304,10.770476795895272,10.450583572185565,0.3198932237097072
4305,10.770476795895272,10.450583572185565,0.3198932237097072
4306,10.770476795895272,10.450583572185565,0.3198932237097072
4307,10.770476795895272,10.450583572185565,0.3198932237097072
4308,10.770476795895272,10.450583572185565,0.3198932237097072
4309,10.770476795895272,10.450583572185565,0.3198932237097072
4310,10.770476795895272,10.450583572185565,0.3198932237097072
4311,10.770476795895272,10.450583572185565,0.3198932237097072
4312,10.770476795895272,10.450583572185565,0.3198932237097072
4313,10.770476795895272,10.450583572185565,0.3198932237097072
4314,10.770476795895272,10.450583572185565,0.3198932237097072
4315,10.770476795895272,10.450583572185565,0.3198932237097072
4316,10.770476795895272,10.450583572185565,0.3198932237097072
4317,10.770476795895272,10.450583572185565,0.3198932237097072
4318,10.770476795895272,10.450583572185565,0.3198932237097072
4319,10.770476795895272,10.450583572185565,0.3198932237097072
4320,10.770476795895272,10.450583572185565,0.3198932237097072
4321,10.770476795895272,10.450583572185565,0.3198932237097072
4322,10.770476795895272,10.450583572185565,0.3198932237097072
4323,10.770476795895272,10.450583572185565,0.3198932237097072
4324,10.770476795895272,10.450583572185565,0.3198932237097072
4325,10.770476795895272,10.450583572185565,0.3198932237097072
4326,10.770476795895272,10.450583572185565,0.3198932237097072
4327,10.770476795895272,10.450583572185565,0.3198932237097072
4328,10.770476795895272,10.450583572185565,0.3198932237097072
4329,10.770476795895272,10.450583572185565,0.3198932237097072
4330,10.770476795895272,10.450583572185565,0.3198932237097072
4331,10.770476795895272,10.450583572185565,0.3198932237097072
4332,10.770476795895272,10.450583572185565,0.3198932237097072
4333,10.770476795895272,10.450583572185565,0.3198932237097072
4334,10.770476795895272,10.450583572185565,0.3198932237097072
4335,10.770476795895272,10.450583572185565,0.3198932237097072
4336,10.770476795895272,10.450583572185565,0.3198932237097072
4337,10.770476795895272,10.450583572185565,0.3198932237097072
4338,10.770476795895272,10.450583572185565,0.3198932237097072
4339,10.770476795895272,10.450583572185565,0.3198932237097072
4340,10.770476795895272,10.450583572185565,0.3198932237097072
4341,10.770476795895272,10.450583572185565,0.3198932237097072
4342,10.770476795895272,10.450583572185565,0.3198932237097072
4343,10.770476795895272,10.450583572185565,0.3198932237097072
4344,10.770476795895272,10.450583572185565,0.3198932237097072
4345,10.770476795895272,10.450583572185565,0.3198932237097072
4346,10.770476795895272,10.450583572185565,0.3198932237097072
4347,10.770476795895272,10.450583572185565,0.3198932237097072
4348,10.770476795895272,10.450583572185565,0.3198932237097072
4349,10.770476795895272,10.450583572185565,0.3198932237097072
4350,10.770476795895272,10.450583572185565,0.3198932237097072
4351,10.770476795895272,10.450583572185565,0.3198932237097072
4352,10.770476795895272,10.450583572185565,0.3198932237097072
4353,10.770476795895272,10.450583572185565,0.3198932237097072
4354,10.770476795895272,10.450583572185565,0.3198932237097072
4355,10.770476795895272,10.450583572185565,0.3198932237097072
4356,10.770476795895272,10.450583572185565,0.3198932237097072
4357,10.770476795895272,10.450583572185565,0.3198932237097072
4358,10.770476795895272,10.450583572185565,0.3198932237097072
4359,10.770476795895272,10.450583572185565,0.3198932237097072
4360,10.770476795895272,10.450583572185565,0.3198932237097072
4361,10.770476795895272,10.450583572185565,0.3198932237097072
4362,10.770476795895272,10.450583572185565,0.3198932237097072
4363,10.770476795895272,10.450583572185565,0.3198932237097072
4364,10.770476795895272,10.450583572185565,0.3198932237097072
4365,10.770476795895272,10.450583572185565,0.3198932237097072
4366,10.770476795895272,10.450583572185565,0.3198932237097072
4367,10.770476795895272,10.450583572185565,0.3198932237097072
4368,10.770476795895272,10.450583572185565,0.3198932237097072
4369,10.770476795895272,10.450583572185565,0.3198932237097072
4370,10.770476795895272,10.450583572185565,0.3198932237097072
4371,10.770476795895272,10.450583572185565,0.3198932237097072
4372,10.770476795895272,10.450583572185565,0.3198932237097072
4373,10.770476795895272,10.450583572185565,0.3198932237097072
4374,10.770476795895272,10.450583572185565,0.3198932237097072
4375,10.770476795895272,10.450583572185565,0.3198932237097072
4376,10.770476795895272,10.450583572185565,0.3198932237097072
4377,10.770476795895272,10.450583572185565,0.3198932237097072
4378,10.770476795895272,10.450583572185565,0.3198932237097072
4379,10.770476795895272,10.450583572185565,0.3198932237097072
4380,10.770476795895272,10.450583572185565,0.3198932237097072
4381,10.770476795895272,10.450583572185565,0.3198932237097072
4382,10.770476795895272,10.450583572185565,0.3198932237097072
4383,10.770476795895272,10.450583572185565,0.3198932237097072
4384,10.770476795895272,10.450583572185565,0.3198932237097072
4385,10.770476795895272,10.450583572185565,0.3198932237097072
4386,10.770476795895272,10.450583572185565,0.3198932237097072
4387,10.770476795895272,10.450583572185565,0.3198932237097072
4388,10.770476795895272,10.450583572185565,0.3198932237097072
4389,10.770476795895272,10.450583572185565,0.3198932237097072
4390,10.770476795895272,10.450583572185565,0.3198932237097072
4391,10.770476795895272,10.450583572185565,0.3198932237097072
4392,10.770476795895272,10.450583572185565,0.3198932237097072
4393,10.770476795895272,10.450583572185565,0.3198932237097072
4394,10.770476795895272,10.450583572185565,0.3198932237097072
4395,10.770476795895272,10.450583572185565,0.3198932237097072
4396,10.770476795895272,10.450583572185565,0.3198932237097072
4397,10.770476795895272,10.450583572185565,0.3198932237097072
4398,10.770476795895272,10.450583572185565,0.3198932237097072
4399,10.770476795895272,10.450583572185565,0.3198932237097072
4400,10.770476795895272,10.450583572185565,0.3198932237097072
4401,10.770476795895272,10.450583572185565,0.3198932237097072
4402,10.770476795895272,10.450583572185565,0.3198932237097072
4403,10.770476795895272,10.450583572185565,0.3198932237097072
4404,10.770476795895272,10.450583572185565,0.3198932237097072
4405,10.770476795895272,10.450583572185565,0.3198932237097072
4406,10.770476795895272,10.450583572185565,0.3198932237097072
4407,10.770476795895272,10.450583572185565,0.3198932237097072
4408,10.770476795895272,10.450583572185565,0.3198932237097072
4409,10.770476795895272,10.450583572185565,0.3198932237097072
4410,10.770476795895272,10.450583572185565,0.3198932237097072
4411,10.770476795895272,10.450583572185565,0.3198932237097072
4412,10.770476795895272,10.450583572185565,0.3198932237097072
4413,10.770476795895272,10.450583572185565,0.3198932237097072
4414,10.770476795895272,10.450583572185565,0.3198932237097072
4415,10.770476795895272,10.450583572185565,0.3198932237097072
4416,10.770476795895272,10.450583572185565,0.3198932237097072
4417,10.770476795895272,10.450583572185565,0.3198932237097072
4418,10.770476795895272,10.450583572185565,0.3198932237097072
4419,10.770476795895272,10.450583572185565,0.3198932237097072
4420,10.770476795895272,10.450583572185565,0.3198932237097072
4421,10.770476795895272,10.450583572185565,0.3198932237097072
4422,10.770476795895272,10.450583572185565,0.3198932237097072
4423,10.770476795895272,10.450583572185565,0.3198932237097072
4424,10.770476795895272,10.450583572185565,0.3198932237097072
4425,10.770476795895272,10.450583572185565,0.3198932237097072
4426,10.770476795895272,10.450583572185565,0.3198932237097072
4427,10.770476795895272,10.450583572185565,0.3198932237097072
4428,10.770476795895272,10.450583572185565,0.3198932237097072
4429,10.770476795895272,10.450583572185565,0.3198932237097072
4430,10.770476795895272,10.450583572185565,0.3198932237097072
4431,10.770476795895272,10.450583572185565,0.3198932237097072
4432,10.770476795895272,10.450583572185565,0.3198932237097072
4433,10.770476795895272,10.450583572185565,0.3198932237097072
4434,10.770476795895272,10.450583572185565,0.3198932237097072
4435,10.770476795895272,10.450583572185565,0.3198932237097072
4436,10.770476795895272,10.450583572185565,0.3198932237097072
4437,10.770476795895272,10.450583572185565,0.3198932237097072
4438,10.770476795895272,10.450583572185565,0.3198932237097072
4439,10.770476795895272,10.450583572185565,0.3198932237097072
4440,10.770476795895272,10.450583572185565,0.3198932237097072
4441,10.770476795895272,10.450583572185565,0.3198932237097072
4442,10.770476795895272,10.450583572185565,0.3198932237097072
4443,10.770476795895272,10.450583572185565,0.3198932237097072
4444,10.770476795895272,10.450583572185565,0.3198932237097072
4445,10.770476795895272,10.450583572185565,0.3198932237097072
4446,10.770476795895272,10.450583572185565,0.3198932237097072
4447,10.770476795895272,10.450583572185565,0.3198932237097072
4448,10.770476795895272,10.450583572185565,0.3198932237097072
4449,10.770476795895272,10.450583572185565,0.3198932237097072
4450,10.770476795895272,10.450583572185565,0.3198932237097072
4451,10.770476795895272,10.450583572185565,0.3198932237097072
4452,10.770476795895272,10.450583572185565,0.3198932237097072
4453,10.770476795895272,10.450583572185565,0.3198932237097072
4454,10.770476795895272,10.450583572185565,0.3198932237097072
4455,10.770476795895272,10.450583572185565,0.3198932237097072
4456,10.770476795895272,10.450583572185565,0.3198932237097072
4457,10.770476795895272,10.450583572185565,0.3198932237097072
4458,10.770476795895272,10.450583572185565,0.3198932237097072
4459,10.770476795895272,10.450583572185565,0.3198932237097072
4460,10.770476795895272,10.450583572185565,0.3198932237097072
4461,10.770476795895272,10.450583572185565,0.3198932237097072
4462,10.770476795895272,10.450583572185565,0.3198932237097072
4463,10.770476795895272,10.450583572185565,0.3198932237097072
4464,10.770476795895272,10.450583572185565,0.3198932237097072
4465,10.770476795895272,10.450583572185565,0.3198932237097072
4466,10.770476795895272,10.450583572185565,0.3198932237097072
4467,10.770476795895272,10.450583572185565,0.3198932237097072
4468,10.770476795895272,10.450583572185565,0.3198932237097072
4469,10.770476795895272,10.450583572185565,0.3198932237097072
4470,10.770476795895272,10.450583572185565,0.3198932237097072
4471,10.770476795895272,10.450583572185565,0.3198932237097072
4472,10.770476795895272,10.450583572185565,0.3198932237097072
4473,10.770476795895272,10.450583572185565,0.3198932237097072
4474,10.770476795895272,10.450583572185565,0.3198932237097072
4475,10.770476795895272,10.450583572185565,0.3198932237097072
4476,10.770476795895272,10.450583572185565,0.3198932237097072
4477,10.770476795895272,10.450583572185565,0.3198932237097072
4478,10.770476795895272,10.450583572185565,0.3198932237097072
4479,10.770476795895272,10.450583572185565,0.3198932237097072
4480,10.770476795895272,10.450583572185565,0.3198932237097072
4481,10.770476795895272,10.450583572185565,0.3198932237097072
4482,10.770476795895272,10.450583572185565,0.3198932237097072
4483,10.770476795895272,10.450583572185565,0.3198932237097072
4484,10.770476795895272,10.450583572185565,0.3198932237097072
4485,10.770476795895272,10.450583572185565,0.3198932237097072
4486,10.770476795895272,10.450583572185565,0.3198932237097072
4487,10.770476795895272,10.450583572185565,0.3198932237097072
4488,10.770476795895272,10.450583572185565,0.3198932237097072
4489,10.770476795895272,10.450583572185565,0.3198932237097072
4490,10.770476795895272,10.450583572185565,0.3198932237097072
4491,10.770476795895272,10.450583572185565,0.3198932237097072
4492,10.770476795895272,10.450583572185565,0.3198932237097072
4493,10.770476795895272,10.450583572185565,0.3198932237097072
4494,10.770476795895272,10.450583572185565,0.3198932237097072
4495,10.770476795895272,10.450583572185565,0.3198932237097072
4496,10.770476795895272,10.450583572185565,0.3198932237097072
4497,10.770476795895272,10.450583572185565,0.3198932237097072
4498,10.770476795895272,10.450583572185565,0.3198932237097072
4499,10.770476795895272,10.450583572185565,0.3198932237097072
4500,10.770476795895272,10.450583572185565,0.3198932237097072
4501,10.770476795895272,10.450583572185565,0.3198932237097072
4502,10.770476795895272,10.450583572185565,0.3198932237097072
4503,10.770476795895272,10.450583572185565,0.3198932237097072
4504,10.770476795895272,10.450583572185565,0.3198932237097072
4505,10.770476795895272,10.450583572185565,0.3198932237097072
4506,10.770476795895272,10.450583572185565,0.3198932237097072
4507,10.770476795895272,10.450583572185565,0.3198932237097072
4508,10.770476795895272,10.450583572185565,0.3198932237097072
4509,10.770476795895272,10.450583572185565,0.3198932237097072
4510,10.770476795895272,10.450583572185565,0.3198932237097072
4511,10.770476795895272,10.450583572185565,0.3198932237097072
4512,10.770476795895272,10.450583572185565,0.3198932237097072
4513,10.770476795895272,10.450583572185565,0.3198932237097072
4514,10.770476795895272,10.450583572185565,0.3198932237097072
4515,10.770476795895272,10.450583572185565,0.3198932237097072
4516,10.770476795895272,10.450583572185565,0.3198932237097072
4517,10.770476795895272,10.450583572185565,0.3198932237097072
4518,10.770476795895272,10.450583572185565,0.3198932237097072
4519,10.770476795895272,10.450583572185565,0.3198932237097072
4520,10.770476795895272,10.450583572185565,0.3198932237097072
4521,10.770476795895272,10.450583572185565,0.3198932237097072
4522,10.770476795895272,10.450583572185565,0.3198932237097072
4523,10.770476795895272,10.450583572185565,0.3198932237097072
4524,10.770476795895272,10.450583572185565,0.3198932237097072
4525,10.770476795895272,10.450583572185565,0.3198932237097072
4526,10.770476795895272,10.450583572185565,0.3198932237097072
4527,10.770476795895272,10.450583572185565,0.3198932237097072
4528,10.770476795895272,10.450583572185565,0.3198932237097072
4529,10.770476795895272,10.450583572185565,0.3198932237097072
4530,10.770476795895272,10.450583572185565,0.3198932237097072
4531,10.770476795895272,10.450583572185565,0.3198932237097072
4532,10.770476795895272,10.450583572185565,0.3198932237097072
4533,10.770476795895272,10.450583572185565,0.3198932237097072
4534,10.770476795895272,10.450583572185565,0.3198932237097072
4535,10.770476795895272,10.450583572185565,0.3198932237097072
4536,10.770476795895272,10.450583572185565,0.3198932237097072
4537,10.770476795895272,10.450583572185565,0.3198932237097072
4538,10.770476795895272,10.450583572185565,0.3198932237097072
4539,10.770476795895272,10.450583572185565,0.3198932237097072
4540,10.770476795895272,10.450583572185565,0.3198932237097072
4541,10.770476795895272,10.450583572185565,0.3198932237097072
4542,10.770476795895272,10.450583572185565,0.3198932237097072
4543,10.770476795895272,10.450583572185565,0.3198932237097072
4544,10.770476795895272,10.450583572185565,0.3198932237097072
4545,10.770476795895272,10.450583572185565,0.3198932237097072
4546,10.770476795895272,10.450583572185565,0.3198932237097072
4547,10.770476795895272,10.450583572185565,0.3198932237097072
4548,10.770476795895272,10.450583572185565,0.3198932237097072
4549,10.770476795895272,10.450583572185565,0.3198932237097072
4550,10.770476795895272,10.450583572185565,0.3198932237097072
4551,10.770476795895272,10.450583572185565,0.3198932237097072
4552,10.770476795895272,10.450583572185565,0.3198932237097072
4553,10.770476795895272,10.450583572185565,0.3198932237097072
4554,10.770476795895272,10.450583572185565,0.3198932237097072
4555,10.770476795895272,10.450583572185565,0.3198932237097072
4556,10.770476795895272,10.450583572185565,0.3198932237097072
4557,10.770476795895272,10.450583572185565,0.3198932237097072
4558,10.770476795895272,10.450583572185565,0.3198932237097072
4559,10.770476795895272,10.450583572185565,0.3198932237097072
4560,10.770476795895272,10.450583572185565,0.3198932237097072
4561,10.770476795895272,10.450583572185565,0.3198932237097072
4562,10.770476795895272,10.450583572185565,0.3198932237097072
4563,10.770476795895272,10.450583572185565,0.3198932237097072
4564,10.770476795895272,10.450583572185565,0.3198932237097072
4565,10.770476795895272,10.450583572185565,0.3198932237097072
4566,10.770476795895272,10.450583572185565,0.3198932237097072
4567,10.770476795895272,10.450583572185565,0.3198932237097072
4568,10.770476795895272,10.450583572185565,0.3198932237097072
4569,10.770476795895272,10.450583572185565,0.3198932237097072
4570,10.770476795895272,10.450583572185565,0.3198932237097072
4571,10.770476795895272,10.450583572185565,0.3198932237097072
4572,10.770476795895272,10.450583572185565,0.3198932237097072
4573,10.770476795895272,10.450583572185565,0.3198932237097072
4574,10.770476795895272,10.450583572185565,0.3198932237097072
4575,10.770476795895272,10.450583572185565,0.3198932237097072
4576,10.770476795895272,10.450583572185565,0.3198932237097072
4577,10.770476795895272,10.450583572185565,0.3198932237097072
4578,10.770476795895272,10.450583572185565,0.3198932237097072
4579,10.770476795895272,10.450583572185565,0.3198932237097072
4580,10.770476795895272,10.450583572185565,0.3198932237097072
4581,10.770476795895272,10.450583572185565,0.3198932237097072
4582,10.770476795895272,10.450583572185565,0.3198932237097072
4583,10.770476795895272,10.450583572185565,0.3198932237097072
4584,10.770476795895272,10.450583572185565,0.3198932237097072
4585,10.770476795895272,10.450583572185565,0.3198932237097072
4586,10.770476795895272,10.450583572185565,0.3198932237097072
4587,10.770476795895272,10.450583572185565,0.3198932237097072
4588,10.770476795895272,10.450583572185565,0.3198932237097072
4589,10.770476795895272,10.450583572185565,0.3198932237097072
4590,10.770476795895272,10.450583572185565,0.3198932237097072
4591,10.770476795895272,10.450583572185565,0.3198932237097072
4592,10.770476795895272,10.450583572185565,0.3198932237097072
4593,10.770476795895272,10.450583572185565,0.3198932237097072
4594,10.770476795895272,10.450583572185565,0.3198932237097072
4595,10.770476795895272,10.450583572185565,0.3198932237097072
4596,10.770476795895272,10.450583572185565,0.3198932237097072
4597,10.770476795895272,10.450583572185565,0.3198932237097072
4598,10.770476795895272,10.450583572185565,0.3198932237097072
4599,10.770476795895272,10.450583572185565,0.3198932237097072
4600,10.770476795895272,10.450583572185565,0.3198932237097072
4601,10.770476795895272,10.450583572185565,0.3198932237097072
4602,10.770476795895272,10.450583572185565,0.3198932237097072
4603,10.770476795895272,10.450583572185565,0.3198932237097072
4604,10.770476795895272,10.450583572185565,0.3198932237097072
4605,10.770476795895272,10.450583572185565,0.3198932237097072
4606,10.770476795895272,10.450583572185565,0.3198932237097072
4607,10.770476795895272,10.450583572185565,0.3198932237097072
4608,10.770476795895272,10.450583572185565,0.3198932237097072
4609,10.770476795895272,10.450583572185565,0.3198932237097072
4610,10.770476795895272,10.450583572185565,0.3198932237097072
4611,10.770476795895272,10.450583572185565,0.3198932237097072
4612,10.770476795895272,10.450583572185565,0.3198932237097072
4613,10.770476795895272,10.450583572185565,0.3198932237097072
4614,10.770476795895272,10.450583572185565,0.3198932237097072
4615,10.770476795895272,10.450583572185565,0.3198932237097072
4616,10.770476795895272,10.450583572185565,0.3198932237097072
4617,10.770476795895272,10.450583572185565,0.3198932237097072
4618,10.770476795895272,10.450583572185565,0.3198932237097072
4619,10.770476795895272,10.450583572185565,0.3198932237097072
4620,10.770476795895272,10.450583572185565,0.3198932237097072
4621,10.770476795895272,10.450583572185565,0.3198932237097072
4622,10.770476795895272,10.450583572185565,0.3198932237097072
4623,10.770476795895272,10.450583572185565,0.3198932237097072
4624,10.770476795895272,10.450583572185565,0.3198932237097072
4625,10.770476795895272,10.450583572185565,0.3198932237097072
4626,10.770476795895272,10.450583572185565,0.3198932237097072
4627,10.770476795895272,10.450583572185565,0.3198932237097072
4628,10.770476795895272,10.450583572185565,0.3198932237097072
4629,10.770476795895272,10.450583572185565,0.3198932237097072
4630,10.770476795895272,10.450583572185565,0.3198932237097072
4631,10.770476795895272,10.450583572185565,0.3198932237097072
4632,10.770476795895272,10.450583572185565,0.3198932237097072
4633,10.770476795895272,10.450583572185565,0.3198932237097072
4634,10.770476795895272,10.450583572185565,0.3198932237097072
4635,10.770476795895272,10.450583572185565,0.3198932237097072
4636,10.770476795895272,10.450583572185565,0.3198932237097072
4637,10.770476795895272,10.450583572185565,0.3198932237097072
4638,10.770476795895272,10.450583572185565,0.3198932237097072
4639,10.770476795895272,10.450583572185565,0.3198932237097072
4640,10.770476795895272,10.450583572185565,0.3198932237097072
4641,10.770476795895272,10.450583572185565,0.3198932237097072
4642,10.770476795895272,10.450583572185565,0.3198932237097072
4643,10.770476795895272,10.450583572185565,0.3198932237097072
4644,10.770476795895272,10.450583572185565,0.3198932237097072
4645,10.770476795895272,10.450583572185565,0.3198932237097072
4646,10.770476795895272,10.450583572185565,0.3198932237097072
4647,10.770476795895272,10.450583572185565,0.3198932237097072
4648,10.770476795895272,10.450583572185565,0.3198932237097072
4649,10.770476795895272,10.450583572185565,0.3198932237097072
4650,10.770476795895272,10.450583572185565,0.3198932237097072
4651,10.770476795895272,10.450583572185565,0.3198932237097072
4652,10.770476795895272,10.450583572185565,0.3198932237097072
4653,10.770476795895272,10.450583572185565,0.3198932237097072
4654,10.770476795895272,10.450583572185565,0.3198932237097072
4655,10.770476795895272,10.450583572185565,0.3198932237097072
4656,10.770476795895272,10.450583572185565,0.3198932237097072
4657,10.770476795895272,10.450583572185565,0.3198932237097072
4658,10.770476795895272,10.450583572185565,0.3198932237097072
4659,10.770476795895272,10.450583572185565,0.3198932237097072
4660,10.770476795895272,10.450583572185565,0.3198932237097072
4661,10.770476795895272,10.450583572185565,0.3198932237097072
4662,10.770476795895272,10.450583572185565,0.3198932237097072
4663,10.770476795895272,10.450583572185565,0.3198932237097072
4664,10.770476795895272,10.450583572185565,0.3198932237097072
4665,10.770476795895272,10.450583572185565,0.3198932237097072
4666,10.770476795895272,10.450583572185565,0.3198932237097072
4667,10.770476795895272,10.450583572185565,0.3198932237097072
4668,10.770476795895272,10.450583572185565,0.3198932237097072
4669,10.770476795895272,10.450583572185565,0.3198932237097072
4670,10.770476795895272,10.450583572185565,0.3198932237097072
4671,10.770476795895272,10.450583572185565,0.3198932237097072
4672,10.770476795895272,10.450583572185565,0.3198932237097072
4673,10.770476795895272,10.450583572185565,0.3198932237097072
4674,10.770476795895272,10.450583572185565,0.3198932237097072
4675,10.770476795895272,10.450583572185565,0.3198932237097072
4676,10.770476795895272,10.450583572185565,0.3198932237097072
4677,10.770476795895272,10.450583572185565,0.3198932237097072
4678,10.770476795895272,10.450583572185565,0.3198932237097072
4679,10.770476795895272,10.450583572185565,0.3198932237097072
4680,10.770476795895272,10.450583572185565,0.3198932237097072
4681,10.770476795895272,10.450583572185565,0.3198932237097072
4682,10.770476795895272,10.450583572185565,0.3198932237097072
4683,10.770476795895272,10.450583572185565,0.3198932237097072
4684,10.770476795895272,10.450583572185565,0.3198932237097072
4685,10.770476795895272,10.450583572185565,0.3198932237097072
4686,10.770476795895272,10.450583572185565,0.3198932237097072
4687,10.770476795895272,10.450583572185565,0.3198932237097072
4688,10.770476795895272,10.450583572185565,0.3198932237097072
4689,10.770476795895272,10.450583572185565,0.3198932237097072
4690,10.770476795895272,10.450583572185565,0.3198932237097072
4691,10.770476795895272,10.450583572185565,0.3198932237097072
4692,10.770476795895272,10.450583572185565,0.3198932237097072
4693,10.770476795895272,10.450583572185565,0.3198932237097072
4694,10.770476795895272,10.450583572185565,0.3198932237097072
4695,10.770476795895272,10.450583572185565,0.3198932237097072
4696,10.770476795895272,10.450583572185565,0.3198932237097072
4697,10.770476795895272,10.450583572185565,0.3198932237097072
4698,10.770476795895272,10.450583572185565,0.3198932237097072
4699,10.770476795895272,10.450583572185565,0.3198932237097072
4700,10.770476795895272,10.450583572185565,0.3198932237097072
4701,10.770476795895272,10.450583572185565,0.3198932237097072
4702,10.770476795895272,10.450583572185565,0.3198932237097072
4703,10.770476795895272,10.450583572185565,0.3198932237097072
4704,10.770476795895272,10.450583572185565,0.3198932237097072
4705,10.770476795895272,10.450583572185565,0.3198932237097072
4706,10.770476795895272,10.450583572185565,0.3198932237097072
4707,10.770476795895272,10.450583572185565,0.3198932237097072
4708,10.770476795895272,10.450583572185565,0.3198932237097072
4709,10.770476795895272,10.450583572185565,0.3198932237097072
4710,10.770476795895272,10.450583572185565,0.3198932237097072
4711,10.770476795895272,10.450583572185565,0.3198932237097072
4712,10.770476795895272,10.450583572185565,0.3198932237097072
4713,10.770476795895272,10.450583572185565,0.3198932237097072
4714,10.770476795895272,10.450583572185565,0.3198932237097072
4715,10.770476795895272,10.450583572185565,0.3198932237097072
4716,10.770476795895272,10.450583572185565,0.3198932237097072
4717,10.770476795895272,10.450583572185565,0.3198932237097072
4718,10.770476795895272,10.450583572185565,0.3198932237097072
4719,10.770476795895272,10.450583572185565,0.3198932237097072
4720,10.770476795895272,10.450583572185565,0.3198932237097072
4721,10.770476795895272,10.450583572185565,0.3198932237097072
4722,10.770476795895272,10.450583572185565,0.3198932237097072
4723,10.770476795895272,10.450583572185565,0.3198932237097072
4724,10.770476795895272,10.450583572185565,0.3198932237097072
4725,10.770476795895272,10.450583572185565,0.3198932237097072
4726,10.770476795895272,10.450583572185565,0.3198932237097072
4727,10.770476795895272,10.450583572185565,0.3198932237097072
4728,10.770476795895272,10.450583572185565,0.3198932237097072
4729,10.770476795895272,10.450583572185565,0.3198932237097072
4730,10.770476795895272,10.450583572185565,0.3198932237097072
4731,10.770476795895272,10.450583572185565,0.3198932237097072
4732,10.770476795895272,10.450583572185565,0.3198932237097072
4733,10.770476795895272,10.450583572185565,0.3198932237097072
4734,10.770476795895272,10.450583572185565,0.3198932237097072
4735,10.770476795895272,10.450583572185565,0.3198932237097072
4736,10.770476795895272,10.450583572185565,0.3198932237097072
4737,10.770476795895272,10.450583572185565,0.3198932237097072
4738,10.770476795895272,10.450583572185565,0.3198932237097072
4739,10.770476795895272,10.450583572185565,0.3198932237097072
4740,10.770476795895272,10.450583572185565,0.3198932237097072
4741,10.770476795895272,10.450583572185565,0.3198932237097072
4742,10.770476795895272,10.450583572185565,0.3198932237097072
4743,10.770476795895272,10.450583572185565,0.3198932237097072
4744,10.770476795895272,10.450583572185565,0.3198932237097072
4745,10.770476795895272,10.450583572185565,0.3198932237097072
4746,10.770476795895272,10.450583572185565,0.3198932237097072
4747,10.770476795895272,10.450583572185565,0.3198932237097072
4748,10.770476795895272,10.450583572185565,0.3198932237097072
4749,10.770476795895272,10.450583572185565,0.3198932237097072
4750,10.770476795895272,10.450583572185565,0.3198932237097072
4751,10.770476795895272,10.450583572185565,0.3198932237097072
4752,10.770476795895272,10.450583572185565,0.3198932237097072
4753,10.770476795895272,10.450583572185565,0.3198932237097072
4754,10.770476795895272,10.450583572185565,0.3198932237097072
4755,10.770476795895272,10.450583572185565,0.3198932237097072
4756,10.770476795895272,10.450583572185565,0.3198932237097072
4757,10.770476795895272,10.450583572185565,0.3198932237097072
4758,10.770476795895272,10.450583572185565,0.3198932237097072
4759,10.770476795895272,10.450583572185565,0.3198932237097072
4760,10.770476795895272,10.450583572185565,0.3198932237097072
4761,10.770476795895272,10.450583572185565,0.3198932237097072
4762,10.770476795895272,10.450583572185565,0.3198932237097072
4763,10.770476795895272,10.450583572185565,0.3198932237097072
4764,10.770476795895272,10.450583572185565,0.3198932237097072
4765,10.770476795895272,10.450583572185565,0.3198932237097072
4766,10.770476795895272,10.450583572185565,0.3198932237097072
4767,10.770476795895272,10.450583572185565,0.3198932237097072
4768,10.770476795895272,10.450583572185565,0.3198932237097072
4769,10.770476795895272,10.450583572185565,0.3198932237097072
4770,10.770476795895272,10.450583572185565,0.3198932237097072
4771,10.770476795895272,10.450583572185565,0.3198932237097072
4772,10.770476795895272,10.450583572185565,0.3198932237097072
4773,10.770476795895272,10.450583572185565,0.3198932237097072
4774,10.770476795895272,10.450583572185565,0.3198932237097072
4775,10.770476795895272,10.450583572185565,0.3198932237097072
4776,10.770476795895272,10.450583572185565,0.3198932237097072
4777,10.770476795895272,10.450583572185565,0.3198932237097072
4778,10.770476795895272,10.450583572185565,0.3198932237097072
4779,10.770476795895272,10.450583572185565,0.3198932237097072
4780,10.770476795895272,10.450583572185565,0.3198932237097072
4781,10.770476795895272,10.450583572185565,0.3198932237097072
4782,10.770476795895272,10.450583572185565,0.3198932237097072
4783,10.770476795895272,10.450583572185565,0.3198932237097072
4784,10.770476795895272,10.450583572185565,0.3198932237097072
4785,10.770476795895272,10.450583572185565,0.3198932237097072
4786,10.770476795895272,10.450583572185565,0.3198932237097072
4787,10.770476795895272,10.450583572185565,0.3198932237097072
4788,10.770476795895272,10.450583572185565,0.3198932237097072
4789,10.770476795895272,10.450583572185565,0.3198932237097072
4790,10.770476795895272,10.450583572185565,0.3198932237097072
4791,10.770476795895272,10.450583572185565,0.3198932237097072
4792,10.770476795895272,10.450583572185565,0.3198932237097072
4793,10.770476795895272,10.450583572185565,0.3198932237097072
4794,10.770476795895272,10.450583572185565,0.3198932237097072
4795,10.770476795895272,10.450583572185565,0.3198932237097072
4796,10.770476795895272,10.450583572185565,0.3198932237097072
4797,10.770476795895272,10.450583572185565,0.3198932237097072
4798,10.770476795895272,10.450583572185565,0.3198932237097072
4799,10.770476795895272,10.450583572185565,0.3198932237097072
4800,10.770476795895272,10.450583572185565,0.3198932237097072
4801,10.770476795895272,10.450583572185565,0.3198932237097072
4802,10.770476795895272,10.450583572185565,0.3198932237097072
4803,10.770476795895272,10.450583572185565,0.3198932237097072
4804,10.770476795895272,10.450583572185565,0.3198932237097072
4805,10.770476795895272,10.450583572185565,0.3198932237097072
4806,10.770476795895272,10.450583572185565,0.3198932237097072
4807,10.770476795895272,10.450583572185565,0.3198932237097072
4808,10.770476795895272,10.450583572185565,0.3198932237097072
4809,10.770476795895272,10.450583572185565,0.3198932237097072
4810,10.770476795895272,10.450583572185565,0.3198932237097072
4811,10.770476795895272,10.450583572185565,0.3198932237097072
4812,10.770476795895272,10.450583572185565,0.3198932237097072
4813,10.770476795895272,10.450583572185565,0.3198932237097072
4814,10.770476795895272,10.450583572185565,0.3198932237097072
4815,10.770476795895272,10.450583572185565,0.3198932237097072
4816,10.770476795895272,10.450583572185565,0.3198932237097072
4817,10.770476795895272,10.450583572185565,0.3198932237097072
4818,10.770476795895272,10.450583572185565,0.3198932237097072
4819,10.770476795895272,10.450583572185565,0.3198932237097072
4820,10.770476795895272,10.450583572185565,0.3198932237097072
4821,10.770476795895272,10.450583572185565,0.3198932237097072
4822,10.770476795895272,10.450583572185565,0.3198932237097072
4823,10.770476795895272,10.450583572185565,0.3198932237097072
4824,10.770476795895272,10.450583572185565,0.3198932237097072
4825,10.770476795895272,10.450583572185565,0.3198932237097072
4826,10.770476795895272,10.450583572185565,0.3198932237097072
4827,10.770476795895272,10.450583572185565,0.3198932237097072
4828,10.770476795895272,10.450583572185565,0.3198932237097072
4829,10.770476795895272,10.450583572185565,0.3198932237097072
4830,10.770476795895272,10.450583572185565,0.3198932237097072
4831,10.770476795895272,10.450583572185565,0.3198932237097072
4832,10.770476795895272,10.450583572185565,0.3198932237097072
4833,10.770476795895272,10.450583572185565,0.3198932237097072
4834,10.770476795895272,10.450583572185565,0.3198932237097072
4835,10.770476795895272,10.450583572185565,0.3198932237097072
4836,10.770476795895272,10.450583572185565,0.3198932237097072
4837,10.770476795895272,10.450583572185565,0.3198932237097072
4838,10.770476795895272,10.450583572185565,0.3198932237097072
4839,10.770476795895272,10.450583572185565,0.3198932237097072
4840,10.770476795895272,10.450583572185565,0.3198932237097072
4841,10.770476795895272,10.450583572185565,0.3198932237097072
4842,10.770476795895272,10.450583572185565,0.3198932237097072
4843,10.770476795895272,10.450583572185565,0.3198932237097072
4844,10.770476795895272,10.450583572185565,0.3198932237097072
4845,10.770476795895272,10.450583572185565,0.3198932237097072
4846,10.770476795895272,10.450583572185565,0.3198932237097072
4847,10.770476795895272,10.450583572185565,0.3198932237097072
4848,10.770476795895272,10.450583572185565,0.3198932237097072
4849,10.770476795895272,10.450583572185565,0.3198932237097072
4850,10.770476795895272,10.450583572185565,0.3198932237097072
4851,10.770476795895272,10.450583572185565,0.3198932237097072
4852,10.770476795895272,10.450583572185565,0.3198932237097072
4853,10.770476795895272,10.450583572185565,0.3198932237097072
4854,10.770476795895272,10.450583572185565,0.3198932237097072
4855,10.770476795895272,10.450583572185565,0.3198932237097072
4856,10.770476795895272,10.450583572185565,0.3198932237097072
4857,10.770476795895272,10.450583572185565,0.3198932237097072
4858,10.770476795895272,10.450583572185565,0.3198932237097072
4859,10.770476795895272,10.450583572185565,0.3198932237097072
4860,10.770476795895272,10.450583572185565,0.3198932237097072
4861,10.770476795895272,10.450583572185565,0.3198932237097072
4862,10.770476795895272,10.450583572185565,0.3198932237097072
4863,10.770476795895272,10.450583572185565,0.3198932237097072
4864,10.770476795895272,10.450583572185565,0.3198932237097072
4865,10.770476795895272,10.450583572185565,0.3198932237097072
4866,10.770476795895272,10.450583572185565,0.3198932237097072
4867,10.770476795895272,10.450583572185565,0.3198932237097072
4868,10.770476795895272,10.450583572185565,0.3198932237097072
4869,10.770476795895272,10.450583572185565,0.3198932237097072
4870,10.770476795895272,10.450583572185565,0.3198932237097072
4871,10.770476795895272,10.450583572185565,0.3198932237097072
4872,10.770476795895272,10.450583572185565,0.3198932237097072
4873,10.770476795895272,10.450583572185565,0.3198932237097072
4874,10.770476795895272,10.450583572185565,0.3198932237097072
4875,10.770476795895272,10.450583572185565,0.3198932237097072
4876,10.770476795895272,10.450583572185565,0.3198932237097072
4877,10.770476795895272,10.450583572185565,0.3198932237097072
4878,10.770476795895272,10.450583572185565,0.3198932237097072
4879,10.770476795895272,10.450583572185565,0.3198932237097072
4880,10.770476795895272,10.450583572185565,0.3198932237097072
4881,10.770476795895272,10.450583572185565,0.3198932237097072
4882,10.770476795895272,10.450583572185565,0.3198932237097072
4883,10.770476795895272,10.450583572185565,0.3198932237097072
4884,10.770476795895272,10.450583572185565,0.3198932237097072
4885,10.770476795895272,10.450583572185565,0.3198932237097072
4886,10.770476795895272,10.450583572185565,0.3198932237097072
4887,10.770476795895272,10.450583572185565,0.3198932237097072
4888,10.770476795895272,10.450583572185565,0.3198932237097072
4889,10.770476795895272,10.450583572185565,0.3198932237097072
4890,10.770476795895272,10.450583572185565,0.3198932237097072
4891,10.770476795895272,10.450583572185565,0.3198932237097072
4892,10.770476795895272,10.450583572185565,0.3198932237097072
4893,10.770476795895272,10.450583572185565,0.3198932237097072
4894,10.770476795895272,10.450583572185565,0.3198932237097072
4895,10.770476795895272,10.450583572185565,0.3198932237097072
4896,10.770476795895272,10.450583572185565,0.3198932237097072
4897,10.770476795895272,10.450583572185565,0.3198932237097072
4898,10.770476795895272,10.450583572185565,0.3198932237097072
4899,10.770476795895272,10.450583572185565,0.3198932237097072
4900,10.770476795895272,10.450583572185565,0.3198932237097072
4901,10.770476795895272,10.450583572185565,0.3198932237097072
4902,10.770476795895272,10.450583572185565,0.3198932237097072
4903,10.770476795895272,10.450583572185565,0.3198932237097072
4904,10.770476795895272,10.450583572185565,0.3198932237097072
4905,10.770476795895272,10.450583572185565,0.3198932237097072
4906,10.770476795895272,10.450583572185565,0.3198932237097072
4907,10.770476795895272,10.450583572185565,0.3198932237097072
4908,10.770476795895272,10.450583572185565,0.3198932237097072
4909,10.770476795895272,10.450583572185565,0.3198932237097072
4910,10.770476795895272,10.450583572185565,0.3198932237097072
4911,10.770476795895272,10.450583572185565,0.3198932237097072
4912,10.770476795895272,10.450583572185565,0.3198932237097072
4913,10.770476795895272,10.450583572185565,0.3198932237097072
4914,10.770476795895272,10.450583572185565,0.3198932237097072
4915,10.770476795895272,10.450583572185565,0.3198932237097072
4916,10.770476795895272,10.450583572185565,0.3198932237097072
4917,10.770476795895272,10.450583572185565,0.3198932237097072
4918,10.770476795895272,10.450583572185565,0.3198932237097072
4919,10.770476795895272,10.450583572185565,0.3198932237097072
4920,10.770476795895272,10.450583572185565,0.3198932237097072
4921,10.770476795895272,10.450583572185565,0.3198932237097072
4922,10.770476795895272,10.450583572185565,0.3198932237097072
4923,10.770476795895272,10.450583572185565,0.3198932237097072
4924,10.770476795895272,10.450583572185565,0.3198932237097072
4925,10.770476795895272,10.450583572185565,0.3198932237097072
4926,10.770476795895272,10.450583572185565,0.3198932237097072
4927,10.770476795895272,10.450583572185565,0.3198932237097072
4928,10.770476795895272,10.450583572185565,0.3198932237097072
4929,10.770476795895272,10.450583572185565,0.3198932237097072
4930,10.770476795895272,10.450583572185565,0.3198932237097072
4931,10.770476795895272,10.450583572185565,0.3198932237097072
4932,10.770476795895272,10.450583572185565,0.3198932237097072
4933,10.770476795895272,10.450583572185565,0.3198932237097072
4934,10.770476795895272,10.450583572185565,0.3198932237097072
4935,10.770476795895272,10.450583572185565,0.3198932237097072
4936,10.770476795895272,10.450583572185565,0.3198932237097072
4937,10.770476795895272,10.450583572185565,0.3198932237097072
4938,10.770476795895272,10.450583572185565,0.3198932237097072
4939,10.770476795895272,10.450583572185565,0.3198932237097072
4940,10.770476795895272,10.450583572185565,0.3198932237097072
4941,10.770476795895272,10.450583572185565,0.3198932237097072
4942,10.770476795895272,10.450583572185565,0.3198932237097072
4943,10.770476795895272,10.450583572185565,0.3198932237097072
4944,10.770476795895272,10.450583572185565,0.3198932237097072
4945,10.770476795895272,10.450583572185565,0.3198932237097072
4946,10.770476795895272,10.450583572185565,0.3198932237097072
4947,10.770476795895272,10.450583572185565,0.3198932237097072
4948,10.770476795895272,10.450583572185565,0.3198932237097072
4949,10.770476795895272,10.450583572185565,0.3198932237097072
4950,10.770476795895272,10.450583572185565,0.3198932237097072
4951,10.770476795895272,10.450583572185565,0.3198932237097072
4952,10.770476795895272,10.450583572185565,0.3198932237097072
4953,10.770476795895272,10.450583572185565,0.3198932237097072
4954,10.770476795895272,10.450583572185565,0.3198932237097072
4955,10.770476795895272,10.450583572185565,0.3198932237097072
4956,10.770476795895272,10.450583572185565,0.3198932237097072
4957,10.770476795895272,10.450583572185565,0.3198932237097072
4958,10.770476795895272,10.450583572185565,0.3198932237097072
4959,10.770476795895272,10.450583572185565,0.3198932237097072
4960,10.770476795895272,10.450583572185565,0.3198932237097072
4961,10.770476795895272,10.450583572185565,0.3198932237097072
4962,10.770476795895272,10.450583572185565,0.3198932237097072
4963,10.770476795895272,10.450583572185565,0.3198932237097072
4964,10.770476795895272,10.450583572185565,0.3198932237097072
4965,10.770476795895272,10.450583572185565,0.3198932237097072
4966,10.770476795895272,10.450583572185565,0.3198932237097072
4967,10.770476795895272,10.450583572185565,0.3198932237097072
4968,10.770476795895272,10.450583572185565,0.3198932237097072
4969,10.770476795895272,10.450583572185565,0.3198932237097072
4970,10.770476795895272,10.450583572185565,0.3198932237097072
4971,10.770476795895272,10.450583572185565,0.3198932237097072
4972,10.770476795895272,10.450583572185565,0.3198932237097072
4973,10.770476795895272,10.450583572185565,0.3198932237097072
4974,10.770476795895272,10.450583572185565,0.3198932237097072
4975,10.770476795895272,10.450583572185565,0.3198932237097072
4976,10.770476795895272,10.450583572185565,0.3198932237097072
4977,10.770476795895272,10.450583572185565,0.3198932237097072
4978,10.770476795895272,10.450583572185565,0.3198932237097072
4979,10.770476795895272,10.450583572185565,0.3198932237097072
4980,10.770476795895272,10.450583572185565,0.3198932237097072
4981,10.770476795895272,10.450583572185565,0.3198932237097072
4982,10.770476795895272,10.450583572185565,0.3198932237097072
4983,10.770476795895272,10.450583572185565,0.3198932237097072
4984,10.770476795895272,10.450583572185565,0.3198932237097072
4985,10.770476795895272,10.450583572185565,0.3198932237097072
4986,10.770476795895272,10.450583572185565,0.3198932237097072
4987,10.770476795895272,10.450583572185565,0.3198932237097072
4988,10.770476795895272,10.450583572185565,0.3198932237097072
4989,10.770476795895272,10.450583572185565,0.3198932237097072
4990,10.770476795895272,10.450583572185565,0.3198932237097072
4991,10.770476795895272,10.450583572185565,0.3198932237097072
4992,10.770476795895272,10.450583572185565,0.3198932237097072
4993,10.770476795895272,10.450583572185565,0.3198932237097072
4994,10.770476795895272,10.450583572185565,0.3198932237097072
4995,10.770476795895272,10.450583572185565,0.3198932237097072
4996,10.770476795895272,10.450583572185565,0.3198932237097072
4997,10.770476795895272,10.450583572185565,0.3198932237097072
4998,10.770476795895272,10.450583572185565,0.3198932237097072
4999,10.770476795895272,10.450583572185565,0.3198932237097072
5000,10.770476795895272,10.450583572185565,0.3198932237097072
5001,10.770476795895272,10.450583572185565,0.3198932237097072
5002,10.770476795895272,10.450583572185565,0.3198932237097072
5003,10.770476795895272,10.450583572185565,0.3198932237097072
5004,10.770476795895272,10.450583572185565,0.3198932237097072
5005,10.770476795895272,10.450583572185565,0.3198932237097072
5006,10.770476795895272,10.450583572185565,0.3198932237097072
5007,10.770476795895272,10.450583572185565,0.3198932237097072
5008,10.770476795895272,10.450583572185565,0.3198932237097072
5009,10.770476795895272,10.450583572185565,0.3198932237097072
5010,10.770476795895272,10.450583572185565,0.3198932237097072
5011,10.770476795895272,10.450583572185565,0.3198932237097072
5012,10.770476795895272,10.450583572185565,0.3198932237097072
5013,10.770476795895272,10.450583572185565,0.3198932237097072
5014,10.770476795895272,10.450583572185565,0.3198932237097072
5015,10.770476795895272,10.450583572185565,0.3198932237097072
5016,10.770476795895272,10.450583572185565,0.3198932237097072
5017,10.770476795895272,10.450583572185565,0.3198932237097072
5018,10.770476795895272,10.450583572185565,0.3198932237097072
5019,10.770476795895272,10.450583572185565,0.3198932237097072
5020,10.770476795895272,10.450583572185565,0.3198932237097072
5021,10.770476795895272,10.450583572185565,0.3198932237097072
5022,10.770476795895272,10.450583572185565,0.3198932237097072
5023,10.770476795895272,10.450583572185565,0.3198932237097072
5024,10.770476795895272,10.450583572185565,0.3198932237097072
5025,10.770476795895272,10.450583572185565,0.3198932237097072
5026,10.770476795895272,10.450583572185565,0.3198932237097072
5027,10.770476795895272,10.450583572185565,0.3198932237097072
5028,10.770476795895272,10.450583572185565,0.3198932237097072
5029,10.770476795895272,10.450583572185565,0.3198932237097072
5030,10.770476795895272,10.450583572185565,0.3198932237097072
5031,10.770476795895272,10.450583572185565,0.3198932237097072
5032,10.770476795895272,10.450583572185565,0.3198932237097072
5033,10.770476795895272,10.450583572185565,0.3198932237097072
5034,10.770476795895272,10.450583572185565,0.3198932237097072
5035,10.770476795895272,10.450583572185565,0.3198932237097072
5036,10.770476795895272,10.450583572185565,0.3198932237097072
5037,10.770476795895272,10.450583572185565,0.3198932237097072
5038,10.770476795895272,10.450583572185565,0.3198932237097072
5039,10.770476795895272,10.450583572185565,0.3198932237097072
5040,10.770476795895272,10.450583572185565,0.3198932237097072
5041,10.770476795895272,10.450583572185565,0.3198932237097072
5042,10.770476795895272,10.450583572185565,0.3198932237097072
5043,10.770476795895272,10.450583572185565,0.3198932237097072
5044,10.770476795895272,10.450583572185565,0.3198932237097072
5045,10.770476795895272,10.450583572185565,0.3198932237097072
5046,10.770476795895272,10.450583572185565,0.3198932237097072
5047,10.770476795895272,10.450583572185565,0.3198932237097072
5048,10.770476795895272,10.450583572185565,0.3198932237097072
5049,10.770476795895272,10.450583572185565,0.3198932237097072
5050,10.770476795895272,10.450583572185565,0.3198932237097072
5051,10.770476795895272,10.450583572185565,0.3198932237097072
5052,10.770476795895272,10.450583572185565,0.3198932237097072
5053,10.770476795895272,10.450583572185565,0.3198932237097072
5054,10.770476795895272,10.450583572185565,0.3198932237097072
5055,10.770476795895272,10.450583572185565,0.3198932237097072
5056,10.770476795895272,10.450583572185565,0.3198932237097072
5057,10.770476795895272,10.450583572185565,0.3198932237097072
5058,10.770476795895272,10.450583572185565,0.3198932237097072
5059,10.770476795895272,10.450583572185565,0.3198932237097072
5060,10.770476795895272,10.450583572185565,0.3198932237097072
5061,10.770476795895272,10.450583572185565,0.3198932237097072
5062,10.770476795895272,10.450583572185565,0.3198932237097072
5063,10.770476795895272,10.450583572185565,0.3198932237097072
5064,10.770476795895272,10.450583572185565,0.3198932237097072
5065,10.770476795895272,10.450583572185565,0.3198932237097072
5066,10.770476795895272,10.450583572185565,0.3198932237097072
5067,10.770476795895272,10.450583572185565,0.3198932237097072
5068,10.770476795895272,10.450583572185565,0.3198932237097072
5069,10.770476795895272,10.450583572185565,0.3198932237097072
5070,10.770476795895272,10.450583572185565,0.3198932237097072
5071,10.770476795895272,10.450583572185565,0.3198932237097072
5072,10.770476795895272,10.450583572185565,0.3198932237097072
5073,10.770476795895272,10.450583572185565,0.3198932237097072
5074,10.770476795895272,10.450583572185565,0.3198932237097072
5075,10.770476795895272,10.450583572185565,0.3198932237097072
5076,10.770476795895272,10.450583572185565,0.3198932237097072
5077,10.770476795895272,10.450583572185565,0.3198932237097072
5078,10.770476795895272,10.450583572185565,0.3198932237097072
5079,10.770476795895272,10.450583572185565,0.3198932237097072
5080,10.770476795895272,10.450583572185565,0.3198932237097072
5081,10.770476795895272,10.450583572185565,0.3198932237097072
5082,10.770476795895272,10.450583572185565,0.3198932237097072
5083,10.770476795895272,10.450583572185565,0.3198932237097072
5084,10.770476795895272,10.450583572185565,0.3198932237097072
5085,10.770476795895272,10.450583572185565,0.3198932237097072
5086,10.770476795895272,10.450583572185565,0.3198932237097072
5087,10.770476795895272,10.450583572185565,0.3198932237097072
5088,10.770476795895272,10.450583572185565,0.3198932237097072
5089,10.770476795895272,10.450583572185565,0.3198932237097072
5090,10.770476795895272,10.450583572185565,0.3198932237097072
5091,10.770476795895272,10.450583572185565,0.3198932237097072
5092,10.770476795895272,10.450583572185565,0.3198932237097072
5093,10.770476795895272,10.450583572185565,0.3198932237097072
5094,10.770476795895272,10.450583572185565,0.3198932237097072
5095,10.770476795895272,10.450583572185565,0.3198932237097072
5096,10.770476795895272,10.450583572185565,0.3198932237097072
5097,10.770476795895272,10.450583572185565,0.3198932237097072
5098,10.770476795895272,10.450583572185565,0.3198932237097072
5099,10.770476795895272,10.450583572185565,0.3198932237097072
5100,10.770476795895272,10.450583572185565,0.3198932237097072
5101,10.770476795895272,10.450583572185565,0.3198932237097072
5102,10.770476795895272,10.450583572185565,0.3198932237097072
5103,10.770476795895272,10.450583572185565,0.3198932237097072
5104,10.770476795895272,10.450583572185565,0.3198932237097072
5105,10.770476795895272,10.450583572185565,0.3198932237097072
5106,10.770476795895272,10.450583572185565,0.3198932237097072
5107,10.770476795895272,10.450583572185565,0.3198932237097072
5108,10.770476795895272,10.450583572185565,0.3198932237097072
5109,10.770476795895272,10.450583572185565,0.3198932237097072
5110,10.770476795895272,10.450583572185565,0.3198932237097072
5111,10.770476795895272,10.450583572185565,0.3198932237097072
5112,10.770476795895272,10.450583572185565,0.3198932237097072
5113,10.770476795895272,10.450583572185565,0.3198932237097072
5114,10.770476795895272,10.450583572185565,0.3198932237097072
5115,10.770476795895272,10.450583572185565,0.3198932237097072
5116,10.770476795895272,10.450583572185565,0.3198932237097072
5117,10.770476795895272,10.450583572185565,0.3198932237097072
5118,10.770476795895272,10.450583572185565,0.3198932237097072
5119,10.770476795895272,10.450583572185565,0.3198932237097072
5120,10.770476795895272,10.450583572185565,0.3198932237097072
5121,10.770476795895272,10.450583572185565,0.3198932237097072
5122,10.770476795895272,10.450583572185565,0.3198932237097072
5123,10.770476795895272,10.450583572185565,0.3198932237097072
5124,10.770476795895272,10.450583572185565,0.3198932237097072
5125,10.770476795895272,10.450583572185565,0.3198932237097072
5126,10.770476795895272,10.450583572185565,0.3198932237097072
5127,10.770476795895272,10.450583572185565,0.3198932237097072
5128,10.770476795895272,10.450583572185565,0.3198932237097072
5129,10.770476795895272,10.450583572185565,0.3198932237097072
5130,10.770476795895272,10.450583572185565,0.3198932237097072
5131,10.770476795895272,10.450583572185565,0.3198932237097072
5132,10.770476795895272,10.450583572185565,0.3198932237097072
5133,10.770476795895272,10.450583572185565,0.3198932237097072
5134,10.770476795895272,10.450583572185565,0.3198932237097072
5135,10.770476795895272,10.450583572185565,0.3198932237097072
5136,10.770476795895272,10.450583572185565,0.3198932237097072
5137,10.770476795895272,10.450583572185565,0.3198932237097072
5138,10.770476795895272,10.450583572185565,0.3198932237097072
5139,10.770476795895272,10.450583572185565,0.3198932237097072
5140,10.770476795895272,10.450583572185565,0.3198932237097072
5141,10.770476795895272,10.450583572185565,0.3198932237097072
5142,10.770476795895272,10.450583572185565,0.3198932237097072
5143,10.770476795895272,10.450583572185565,0.3198932237097072
5144,10.770476795895272,10.450583572185565,0.3198932237097072
5145,10.770476795895272,10.450583572185565,0.3198932237097072
5146,10.770476795895272,10.450583572185565,0.3198932237097072
5147,10.770476795895272,10.450583572185565,0.3198932237097072
5148,10.770476795895272,10.450583572185565,0.3198932237097072
5149,10.770476795895272,10.450583572185565,0.3198932237097072
5150,10.770476795895272,10.450583572185565,0.3198932237097072
5151,10.770476795895272,10.450583572185565,0.3198932237097072
5152,10.770476795895272,10.450583572185565,0.3198932237097072
5153,10.770476795895272,10.450583572185565,0.3198932237097072
5154,10.770476795895272,10.450583572185565,0.3198932237097072
5155,10.770476795895272,10.450583572185565,0.3198932237097072
5156,10.770476795895272,10.450583572185565,0.3198932237097072
5157,10.770476795895272,10.450583572185565,0.3198932237097072
5158,10.770476795895272,10.450583572185565,0.3198932237097072
5159,10.770476795895272,10.450583572185565,0.3198932237097072
5160,10.770476795895272,10.450583572185565,0.3198932237097072
5161,10.770476795895272,10.450583572185565,0.3198932237097072
5162,10.770476795895272,10.450583572185565,0.3198932237097072
5163,10.770476795895272,10.450583572185565,0.3198932237097072
5164,10.770476795895272,10.450583572185565,0.3198932237097072
5165,10.770476795895272,10.450583572185565,0.3198932237097072
5166,10.770476795895272,10.450583572185565,0.3198932237097072
5167,10.770476795895272,10.450583572185565,0.3198932237097072
5168,10.770476795895272,10.450583572185565,0.3198932237097072
5169,10.770476795895272,10.450583572185565,0.3198932237097072
5170,10.770476795895272,10.450583572185565,0.3198932237097072
5171,10.770476795895272,10.450583572185565,0.3198932237097072
5172,10.770476795895272,10.450583572185565,0.3198932237097072
5173,10.770476795895272,10.450583572185565,0.3198932237097072
5174,10.770476795895272,10.450583572185565,0.3198932237097072
5175,10.770476795895272,10.450583572185565,0.3198932237097072
5176,10.770476795895272,10.450583572185565,0.3198932237097072
5177,10.770476795895272,10.450583572185565,0.3198932237097072
5178,10.770476795895272,10.450583572185565,0.3198932237097072
5179,10.770476795895272,10.450583572185565,0.3198932237097072
5180,10.770476795895272,10.450583572185565,0.3198932237097072
5181,10.770476795895272,10.450583572185565,0.3198932237097072
5182,10.770476795895272,10.450583572185565,0.3198932237097072
5183,10.770476795895272,10.450583572185565,0.3198932237097072
5184,10.770476795895272,10.450583572185565,0.3198932237097072
5185,10.770476795895272,10.450583572185565,0.3198932237097072
5186,10.770476795895272,10.450583572185565,0.3198932237097072
5187,10.770476795895272,10.450583572185565,0.3198932237097072
5188,10.770476795895272,10.450583572185565,0.3198932237097072
5189,10.770476795895272,10.450583572185565,0.3198932237097072
5190,10.770476795895272,10.450583572185565,0.3198932237097072
5191,10.770476795895272,10.450583572185565,0.3198932237097072
5192,10.770476795895272,10.450583572185565,0.3198932237097072
5193,10.770476795895272,10.450583572185565,0.3198932237097072
5194,10.770476795895272,10.450583572185565,0.3198932237097072
5195,10.770476795895272,10.450583572185565,0.3198932237097072
5196,10.770476795895272,10.450583572185565,0.3198932237097072
5197,10.770476795895272,10.450583572185565,0.3198932237097072
5198,10.770476795895272,10.450583572185565,0.3198932237097072
5199,10.770476795895272,10.450583572185565,0.3198932237097072
5200,10.770476795895272,10.450583572185565,0.3198932237097072
5201,10.770476795895272,10.450583572185565,0.3198932237097072
5202,10.770476795895272,10.450583572185565,0.3198932237097072
5203,10.770476795895272,10.450583572185565,0.3198932237097072
5204,10.770476795895272,10.450583572185565,0.3198932237097072
5205,10.770476795895272,10.450583572185565,0.3198932237097072
5206,10.770476795895272,10.450583572185565,0.3198932237097072
5207,10.770476795895272,10.450583572185565,0.3198932237097072
5208,10.770476795895272,10.450583572185565,0.3198932237097072
5209,10.770476795895272,10.450583572185565,0.3198932237097072
5210,10.770476795895272,10.450583572185565,0.3198932237097072
5211,10.770476795895272,10.450583572185565,0.3198932237097072
5212,10.770476795895272,10.450583572185565,0.3198932237097072
5213,10.770476795895272,10.450583572185565,0.3198932237097072
5214,10.770476795895272,10.450583572185565,0.3198932237097072
5215,10.770476795895272,10.450583572185565,0.3198932237097072
5216,10.770476795895272,10.450583572185565,0.3198932237097072
5217,10.770476795895272,10.450583572185565,0.3198932237097072
5218,10.770476795895272,10.450583572185565,0.3198932237097072
5219,10.770476795895272,10.450583572185565,0.3198932237097072
5220,10.770476795895272,10.450583572185565,0.3198932237097072
5221,10.770476795895272,10.450583572185565,0.3198932237097072
5222,10.770476795895272,10.450583572185565,0.3198932237097072
5223,10.770476795895272,10.450583572185565,0.3198932237097072
5224,10.770476795895272,10.450583572185565,0.3198932237097072
5225,10.770476795895272,10.450583572185565,0.3198932237097072
5226,10.770476795895272,10.450583572185565,0.3198932237097072
5227,10.770476795895272,10.450583572185565,0.3198932237097072
5228,10.770476795895272,10.450583572185565,0.3198932237097072
5229,10.770476795895272,10.450583572185565,0.3198932237097072
5230,10.770476795895272,10.450583572185565,0.3198932237097072
5231,10.770476795895272,10.450583572185565,0.3198932237097072
5232,10.770476795895272,10.450583572185565,0.3198932237097072
5233,10.770476795895272,10.450583572185565,0.3198932237097072
5234,10.770476795895272,10.450583572185565,0.3198932237097072
5235,10.770476795895272,10.450583572185565,0.3198932237097072
5236,10.770476795895272,10.450583572185565,0.3198932237097072
5237,10.770476795895272,10.450583572185565,0.3198932237097072
5238,10.770476795895272,10.450583572185565,0.3198932237097072
5239,10.770476795895272,10.450583572185565,0.3198932237097072
5240,10.770476795895272,10.450583572185565,0.3198932237097072
5241,10.770476795895272,10.450583572185565,0.3198932237097072
5242,10.770476795895272,10.450583572185565,0.3198932237097072
5243,10.770476795895272,10.450583572185565,0.3198932237097072
5244,10.770476795895272,10.450583572185565,0.3198932237097072
5245,10.770476795895272,10.450583572185565,0.3198932237097072
5246,10.770476795895272,10.450583572185565,0.3198932237097072
5247,10.770476795895272,10.450583572185565,0.3198932237097072
5248,10.770476795895272,10.450583572185565,0.3198932237097072
5249,10.770476795895272,10.450583572185565,0.3198932237097072
5250,10.770476795895272,10.450583572185565,0.3198932237097072
5251,10.770476795895272,10.450583572185565,0.3198932237097072
5252,10.770476795895272,10.450583572185565,0.3198932237097072
5253,10.770476795895272,10.450583572185565,0.3198932237097072
5254,10.770476795895272,10.450583572185565,0.3198932237097072
5255,10.770476795895272,10.450583572185565,0.3198932237097072
5256,10.770476795895272,10.450583572185565,0.3198932237097072
5257,10.770476795895272,10.450583572185565,0.3198932237097072
5258,10.770476795895272,10.450583572185565,0.3198932237097072
5259,10.770476795895272,10.450583572185565,0.3198932237097072
5260,10.770476795895272,10.450583572185565,0.3198932237097072
5261,10.770476795895272,10.450583572185565,0.3198932237097072
5262,10.770476795895272,10.450583572185565,0.3198932237097072
5263,10.770476795895272,10.450583572185565,0.3198932237097072
5264,10.770476795895272,10.450583572185565,0.3198932237097072
5265,10.770476795895272,10.450583572185565,0.3198932237097072
5266,10.770476795895272,10.450583572185565,0.3198932237097072
5267,10.770476795895272,10.450583572185565,0.3198932237097072
5268,10.770476795895272,10.450583572185565,0.3198932237097072
5269,10.770476795895272,10.450583572185565,0.3198932237097072
5270,10.770476795895272,10.450583572185565,0.3198932237097072
5271,10.770476795895272,10.450583572185565,0.3198932237097072
5272,10.770476795895272,10.450583572185565,0.3198932237097072
5273,10.770476795895272,10.450583572185565,0.3198932237097072
5274,10.770476795895272,10.450583572185565,0.3198932237097072
5275,10.770476795895272,10.450583572185565,0.3198932237097072
5276,10.770476795895272,10.450583572185565,0.3198932237097072
5277,10.770476795895272,10.450583572185565,0.3198932237097072
5278,10.770476795895272,10.450583572185565,0.3198932237097072
5279,10.770476795895272,10.450583572185565,0.3198932237097072
5280,10.770476795895272,10.450583572185565,0.3198932237097072
5281,10.770476795895272,10.450583572185565,0.3198932237097072
5282,10.770476795895272,10.450583572185565,0.3198932237097072
5283,10.770476795895272,10.450583572185565,0.3198932237097072
5284,10.770476795895272,10.450583572185565,0.3198932237097072
5285,10.770476795895272,10.450583572185565,0.3198932237097072
5286,10.770476795895272,10.450583572185565,0.3198932237097072
5287,10.770476795895272,10.450583572185565,0.3198932237097072
5288,10.770476795895272,10.450583572185565,0.3198932237097072
5289,10.770476795895272,10.450583572185565,0.3198932237097072
5290,10.770476795895272,10.450583572185565,0.3198932237097072
5291,10.770476795895272,10.450583572185565,0.3198932237097072
5292,10.770476795895272,10.450583572185565,0.3198932237097072
5293,10.770476795895272,10.450583572185565,0.3198932237097072
5294,10.770476795895272,10.450583572185565,0.3198932237097072
5295,10.770476795895272,10.450583572185565,0.3198932237097072
5296,10.770476795895272,10.450583572185565,0.3198932237097072
5297,10.770476795895272,10.450583572185565,0.3198932237097072
5298,10.770476795895272,10.450583572185565,0.3198932237097072
5299,10.770476795895272,10.450583572185565,0.3198932237097072
5300,10.770476795895272,10.450583572185565,0.3198932237097072
5301,10.770476795895272,10.450583572185565,0.3198932237097072
5302,10.770476795895272,10.450583572185565,0.3198932237097072
5303,10.770476795895272,10.450583572185565,0.3198932237097072
5304,10.770476795895272,10.450583572185565,0.3198932237097072
5305,10.770476795895272,10.450583572185565,0.3198932237097072
5306,10.770476795895272,10.450583572185565,0.3198932237097072
5307,10.770476795895272,10.450583572185565,0.3198932237097072
5308,10.770476795895272,10.450583572185565,0.3198932237097072
5309,10.770476795895272,10.450583572185565,0.3198932237097072
5310,10.770476795895272,10.450583572185565,0.3198932237097072
5311,10.770476795895272,10.450583572185565,0.3198932237097072
5312,10.770476795895272,10.450583572185565,0.3198932237097072
5313,10.770476795895272,10.450583572185565,0.3198932237097072
5314,10.770476795895272,10.450583572185565,0.3198932237097072
5315,10.770476795895272,10.450583572185565,0.3198932237097072
5316,10.770476795895272,10.450583572185565,0.3198932237097072
5317,10.770476795895272,10.450583572185565,0.3198932237097072
5318,10.770476795895272,10.450583572185565,0.3198932237097072
5319,10.770476795895272,10.450583572185565,0.3198932237097072
5320,10.770476795895272,10.450583572185565,0.3198932237097072
5321,10.770476795895272,10.450583572185565,0.3198932237097072
5322,10.770476795895272,10.450583572185565,0.3198932237097072
5323,10.770476795895272,10.450583572185565,0.3198932237097072
5324,10.770476795895272,10.450583572185565,0.3198932237097072
5325,10.770476795895272,10.450583572185565,0.3198932237097072
5326,10.770476795895272,10.450583572185565,0.3198932237097072
5327,10.770476795895272,10.450583572185565,0.3198932237097072
5328,10.770476795895272,10.450583572185565,0.3198932237097072
5329,10.770476795895272,10.450583572185565,0.3198932237097072
5330,10.770476795895272,10.450583572185565,0.3198932237097072
5331,10.770476795895272,10.450583572185565,0.3198932237097072
5332,10.770476795895272,10.450583572185565,0.3198932237097072
5333,10.770476795895272,10.450583572185565,0.3198932237097072
5334,10.770476795895272,10.450583572185565,0.3198932237097072
5335,10.770476795895272,10.450583572185565,0.3198932237097072
5336,10.770476795895272,10.450583572185565,0.3198932237097072
5337,10.770476795895272,10.450583572185565,0.3198932237097072
5338,10.770476795895272,10.450583572185565,0.3198932237097072
5339,10.770476795895272,10.450583572185565,0.3198932237097072
5340,10.770476795895272,10.450583572185565,0.3198932237097072
5341,10.770476795895272,10.450583572185565,0.3198932237097072
5342,10.770476795895272,10.450583572185565,0.3198932237097072
5343,10.770476795895272,10.450583572185565,0.3198932237097072
5344,10.770476795895272,10.450583572185565,0.3198932237097072
5345,10.770476795895272,10.450583572185565,0.3198932237097072
5346,10.770476795895272,10.450583572185565,0.3198932237097072
5347,10.770476795895272,10.450583572185565,0.3198932237097072
5348,10.770476795895272,10.450583572185565,0.3198932237097072
5349,10.770476795895272,10.450583572185565,0.3198932237097072
5350,10.770476795895272,10.450583572185565,0.3198932237097072
5351,10.770476795895272,10.450583572185565,0.3198932237097072
5352,10.770476795895272,10.450583572185565,0.3198932237097072
5353,10.770476795895272,10.450583572185565,0.3198932237097072
5354,10.770476795895272,10.450583572185565,0.3198932237097072
5355,10.770476795895272,10.450583572185565,0.3198932237097072
5356,10.770476795895272,10.450583572185565,0.3198932237097072
5357,10.770476795895272,10.450583572185565,0.3198932237097072
5358,10.770476795895272,10.450583572185565,0.3198932237097072
5359,10.770476795895272,10.450583572185565,0.3198932237097072
5360,10.770476795895272,10.450583572185565,0.3198932237097072
5361,10.770476795895272,10.450583572185565,0.3198932237097072
5362,10.770476795895272,10.450583572185565,0.3198932237097072
5363,10.770476795895272,10.450583572185565,0.3198932237097072
5364,10.770476795895272,10.450583572185565,0.3198932237097072
5365,10.770476795895272,10.450583572185565,0.3198932237097072
5366,10.770476795895272,10.450583572185565,0.3198932237097072
5367,10.770476795895272,10.450583572185565,0.3198932237097072
5368,10.770476795895272,10.450583572185565,0.3198932237097072
5369,10.770476795895272,10.450583572185565,0.3198932237097072
5370,10.770476795895272,10.450583572185565,0.3198932237097072
5371,10.770476795895272,10.450583572185565,0.3198932237097072
5372,10.770476795895272,10.450583572185565,0.3198932237097072
5373,10.770476795895272,10.450583572185565,0.3198932237097072
5374,10.770476795895272,10.450583572185565,0.3198932237097072
5375,10.770476795895272,10.450583572185565,0.3198932237097072
5376,10.770476795895272,10.450583572185565,0.3198932237097072
5377,10.770476795895272,10.450583572185565,0.3198932237097072
5378,10.770476795895272,10.450583572185565,0.3198932237097072
5379,10.770476795895272,10.450583572185565,0.3198932237097072
5380,10.770476795895272,10.450583572185565,0.3198932237097072
5381,10.770476795895272,10.450583572185565,0.3198932237097072
5382,10.770476795895272,10.450583572185565,0.3198932237097072
5383,10.770476795895272,10.450583572185565,0.3198932237097072
5384,10.770476795895272,10.450583572185565,0.3198932237097072
5385,10.770476795895272,10.450583572185565,0.3198932237097072
5386,10.770476795895272,10.450583572185565,0.3198932237097072
5387,10.770476795895272,10.450583572185565,0.3198932237097072
5388,10.770476795895272,10.450583572185565,0.3198932237097072
5389,10.770476795895272,10.450583572185565,0.3198932237097072
5390,10.770476795895272,10.450583572185565,0.3198932237097072
5391,10.770476795895272,10.450583572185565,0.3198932237097072
5392,10.770476795895272,10.450583572185565,0.3198932237097072
5393,10.770476795895272,10.450583572185565,0.3198932237097072
5394,10.770476795895272,10.450583572185565,0.3198932237097072
5395,10.770476795895272,10.450583572185565,0.3198932237097072
5396,10.770476795895272,10.450583572185565,0.3198932237097072
5397,10.770476795895272,10.450583572185565,0.3198932237097072
5398,10.770476795895272,10.450583572185565,0.3198932237097072
5399,10.770476795895272,10.450583572185565,0.3198932237097072
5400,10.770476795895272,10.450583572185565,0.3198932237097072
5401,10.770476795895272,10.450583572185565,0.3198932237097072
5402,10.770476795895272,10.450583572185565,0.3198932237097072
5403,10.770476795895272,10.450583572185565,0.3198932237097072
5404,10.770476795895272,10.450583572185565,0.3198932237097072
5405,10.770476795895272,10.450583572185565,0.3198932237097072
5406,10.770476795895272,10.450583572185565,0.3198932237097072
5407,10.770476795895272,10.450583572185565,0.3198932237097072
5408,10.770476795895272,10.450583572185565,0.3198932237097072
5409,10.770476795895272,10.450583572185565,0.3198932237097072
5410,10.770476795895272,10.450583572185565,0.3198932237097072
5411,10.770476795895272,10.450583572185565,0.3198932237097072
5412,10.770476795895272,10.450583572185565,0.3198932237097072
5413,10.770476795895272,10.450583572185565,0.3198932237097072
5414,10.770476795895272,10.450583572185565,0.3198932237097072
5415,10.770476795895272,10.450583572185565,0.3198932237097072
5416,10.770476795895272,10.450583572185565,0.3198932237097072
5417,10.770476795895272,10.450583572185565,0.3198932237097072
5418,10.770476795895272,10.450583572185565,0.3198932237097072
5419,10.770476795895272,10.450583572185565,0.3198932237097072
5420,10.770476795895272,10.450583572185565,0.3198932237097072
5421,10.770476795895272,10.450583572185565,0.3198932237097072
5422,10.770476795895272,10.450583572185565,0.3198932237097072
5423,10.770476795895272,10.450583572185565,0.3198932237097072
5424,10.770476795895272,10.450583572185565,0.3198932237097072
5425,10.770476795895272,10.450583572185565,0.3198932237097072
5426,10.770476795895272,10.450583572185565,0.3198932237097072
5427,10.770476795895272,10.450583572185565,0.3198932237097072
5428,10.770476795895272,10.450583572185565,0.3198932237097072
5429,10.770476795895272,10.450583572185565,0.3198932237097072
5430,10.770476795895272,10.450583572185565,0.3198932237097072
5431,10.770476795895272,10.450583572185565,0.3198932237097072
5432,10.770476795895272,10.450583572185565,0.3198932237097072
5433,10.770476795895272,10.450583572185565,0.3198932237097072
5434,10.770476795895272,10.450583572185565,0.3198932237097072
5435,10.770476795895272,10.450583572185565,0.3198932237097072
5436,10.770476795895272,10.450583572185565,0.3198932237097072
5437,10.770476795895272,10.450583572185565,0.3198932237097072
5438,10.770476795895272,10.450583572185565,0.3198932237097072
5439,10.770476795895272,10.450583572185565,0.3198932237097072
5440,10.770476795895272,10.450583572185565,0.3198932237097072
5441,10.770476795895272,10.450583572185565,0.3198932237097072
5442,10.770476795895272,10.450583572185565,0.3198932237097072
5443,10.770476795895272,10.450583572185565,0.3198932237097072
5444,10.770476795895272,10.450583572185565,0.3198932237097072
5445,10.770476795895272,10.450583572185565,0.3198932237097072
5446,10.770476795895272,10.450583572185565,0.3198932237097072
5447,10.770476795895272,10.450583572185565,0.3198932237097072
5448,10.770476795895272,10.450583572185565,0.3198932237097072
5449,10.770476795895272,10.450583572185565,0.3198932237097072
5450,10.770476795895272,10.450583572185565,0.3198932237097072
5451,10.770476795895272,10.450583572185565,0.3198932237097072
5452,10.770476795895272,10.450583572185565,0.3198932237097072
5453,10.770476795895272,10.450583572185565,0.3198932237097072
5454,10.770476795895272,10.450583572185565,0.3198932237097072
5455,10.770476795895272,10.450583572185565,0.3198932237097072
5456,10.770476795895272,10.450583572185565,0.3198932237097072
5457,10.770476795895272,10.450583572185565,0.3198932237097072
5458,10.770476795895272,10.450583572185565,0.3198932237097072
5459,10.770476795895272,10.450583572185565,0.3198932237097072
5460,10.770476795895272,10.450583572185565,0.3198932237097072
5461,10.770476795895272,10.450583572185565,0.3198932237097072
5462,10.770476795895272,10.450583572185565,0.3198932237097072
5463,10.770476795895272,10.450583572185565,0.3198932237097072
5464,10.770476795895272,10.450583572185565,0.3198932237097072
5465,10.770476795895272,10.450583572185565,0.3198932237097072
5466,10.770476795895272,10.450583572185565,0.3198932237097072
5467,10.770476795895272,10.450583572185565,0.3198932237097072
5468,10.770476795895272,10.450583572185565,0.3198932237097072
5469,10.770476795895272,10.450583572185565,0.3198932237097072
5470,10.770476795895272,10.450583572185565,0.3198932237097072
5471,10.770476795895272,10.450583572185565,0.3198932237097072
5472,10.770476795895272,10.450583572185565,0.3198932237097072
5473,10.770476795895272,10.450583572185565,0.3198932237097072
5474,10.770476795895272,10.450583572185565,0.3198932237097072
5475,10.770476795895272,10.450583572185565,0.3198932237097072
5476,10.770476795895272,10.450583572185565,0.3198932237097072
5477,10.770476795895272,10.450583572185565,0.3198932237097072
5478,10.770476795895272,10.450583572185565,0.3198932237097072
5479,10.770476795895272,10.450583572185565,0.3198932237097072
5480,10.770476795895272,10.450583572185565,0.3198932237097072
5481,10.770476795895272,10.450583572185565,0.3198932237097072
5482,10.770476795895272,10.450583572185565,0.3198932237097072
5483,10.770476795895272,10.450583572185565,0.3198932237097072
5484,10.770476795895272,10.450583572185565,0.3198932237097072
5485,10.770476795895272,10.450583572185565,0.3198932237097072
5486,10.770476795895272,10.450583572185565,0.3198932237097072
5487,10.770476795895272,10.450583572185565,0.3198932237097072
5488,10.770476795895272,10.450583572185565,0.3198932237097072
5489,10.770476795895272,10.450583572185565,0.3198932237097072
5490,10.770476795895272,10.450583572185565,0.3198932237097072
5491,10.770476795895272,10.450583572185565,0.3198932237097072
5492,10.770476795895272,10.450583572185565,0.3198932237097072
5493,10.770476795895272,10.450583572185565,0.3198932237097072
5494,10.770476795895272,10.450583572185565,0.3198932237097072
5495,10.770476795895272,10.450583572185565,0.3198932237097072
5496,10.770476795895272,10.450583572185565,0.3198932237097072
5497,10.770476795895272,10.450583572185565,0.3198932237097072
5498,10.770476795895272,10.450583572185565,0.3198932237097072
5499,10.770476795895272,10.450583572185565,0.3198932237097072
5500,10.770476795895272,10.450583572185565,0.3198932237097072
5501,10.770476795895272,10.450583572185565,0.3198932237097072
5502,10.770476795895272,10.450583572185565,0.3198932237097072
5503,10.770476795895272,10.450583572185565,0.3198932237097072
5504,10.770476795895272,10.450583572185565,0.3198932237097072
5505,10.770476795895272,10.450583572185565,0.3198932237097072
5506,10.770476795895272,10.450583572185565,0.3198932237097072
5507,10.770476795895272,10.450583572185565,0.3198932237097072
5508,10.770476795895272,10.450583572185565,0.3198932237097072
5509,10.770476795895272,10.450583572185565,0.3198932237097072
5510,10.770476795895272,10.450583572185565,0.3198932237097072
5511,10.770476795895272,10.450583572185565,0.3198932237097072
5512,10.770476795895272,10.450583572185565,0.3198932237097072
5513,10.770476795895272,10.450583572185565,0.3198932237097072
5514,10.770476795895272,10.450583572185565,0.3198932237097072
5515,10.770476795895272,10.450583572185565,0.3198932237097072
5516,10.770476795895272,10.450583572185565,0.3198932237097072
5517,10.770476795895272,10.450583572185565,0.3198932237097072
5518,10.770476795895272,10.450583572185565,0.3198932237097072
5519,10.770476795895272,10.450583572185565,0.3198932237097072
5520,10.770476795895272,10.450583572185565,0.3198932237097072
5521,10.770476795895272,10.450583572185565,0.3198932237097072
5522,10.770476795895272,10.450583572185565,0.3198932237097072
5523,10.770476795895272,10.450583572185565,0.3198932237097072
5524,10.770476795895272,10.450583572185565,0.3198932237097072
5525,10.770476795895272,10.450583572185565,0.3198932237097072
5526,10.770476795895272,10.450583572185565,0.3198932237097072
5527,10.770476795895272,10.450583572185565,0.3198932237097072
5528,10.770476795895272,10.450583572185565,0.3198932237097072
5529,10.770476795895272,10.450583572185565,0.3198932237097072
5530,10.770476795895272,10.450583572185565,0.3198932237097072
5531,10.770476795895272,10.450583572185565,0.3198932237097072
5532,10.770476795895272,10.450583572185565,0.3198932237097072
5533,10.770476795895272,10.450583572185565,0.3198932237097072
5534,10.770476795895272,10.450583572185565,0.3198932237097072
5535,10.770476795895272,10.450583572185565,0.3198932237097072
5536,10.770476795895272,10.450583572185565,0.3198932237097072
5537,10.770476795895272,10.450583572185565,0.3198932237097072
5538,10.770476795895272,10.450583572185565,0.3198932237097072
5539,10.770476795895272,10.450583572185565,0.3198932237097072
5540,10.770476795895272,10.450583572185565,0.3198932237097072
5541,10.770476795895272,10.450583572185565,0.3198932237097072
5542,10.770476795895272,10.450583572185565,0.3198932237097072
5543,10.770476795895272,10.450583572185565,0.3198932237097072
5544,10.770476795895272,10.450583572185565,0.3198932237097072
5545,10.770476795895272,10.450583572185565,0.3198932237097072
5546,10.770476795895272,10.450583572185565,0.3198932237097072
5547,10.770476795895272,10.450583572185565,0.3198932237097072
5548,10.770476795895272,10.450583572185565,0.3198932237097072
5549,10.770476795895272,10.450583572185565,0.3198932237097072
5550,10.770476795895272,10.450583572185565,0.3198932237097072
5551,10.770476795895272,10.450583572185565,0.3198932237097072
5552,10.770476795895272,10.450583572185565,0.3198932237097072
5553,10.770476795895272,10.450583572185565,0.3198932237097072
5554,10.770476795895272,10.450583572185565,0.3198932237097072
5555,10.770476795895272,10.450583572185565,0.3198932237097072
5556,10.770476795895272,10.450583572185565,0.3198932237097072
5557,10.770476795895272,10.450583572185565,0.3198932237097072
5558,10.770476795895272,10.450583572185565,0.3198932237097072
5559,10.770476795895272,10.450583572185565,0.3198932237097072
5560,10.770476795895272,10.450583572185565,0.3198932237097072
5561,10.770476795895272,10.450583572185565,0.3198932237097072
5562,10.770476795895272,10.450583572185565,0.3198932237097072
5563,10.770476795895272,10.450583572185565,0.3198932237097072
5564,10.770476795895272,10.450583572185565,0.3198932237097072
5565,10.770476795895272,10.450583572185565,0.3198932237097072
5566,10.770476795895272,10.450583572185565,0.3198932237097072
5567,10.770476795895272,10.450583572185565,0.3198932237097072
5568,10.770476795895272,10.450583572185565,0.3198932237097072
5569,10.770476795895272,10.450583572185565,0.3198932237097072
5570,10.770476795895272,10.450583572185565,0.3198932237097072
5571,10.770476795895272,10.450583572185565,0.3198932237097072
5572,10.770476795895272,10.450583572185565,0.3198932237097072
5573,10.770476795895272,10.450583572185565,0.3198932237097072
5574,10.770476795895272,10.450583572185565,0.3198932237097072
5575,10.770476795895272,10.450583572185565,0.3198932237097072
5576,10.770476795895272,10.450583572185565,0.3198932237097072
5577,10.770476795895272,10.450583572185565,0.3198932237097072
5578,10.770476795895272,10.450583572185565,0.3198932237097072
5579,10.770476795895272,10.450583572185565,0.3198932237097072
5580,10.770476795895272,10.450583572185565,0.3198932237097072
5581,10.770476795895272,10.450583572185565,0.3198932237097072
5582,10.770476795895272,10.450583572185565,0.3198932237097072
5583,10.770476795895272,10.450583572185565,0.3198932237097072
5584,10.770476795895272,10.450583572185565,0.3198932237097072
5585,10.770476795895272,10.450583572185565,0.3198932237097072
5586,10.770476795895272,10.450583572185565,0.3198932237097072
5587,10.770476795895272,10.450583572185565,0.3198932237097072
5588,10.770476795895272,10.450583572185565,0.3198932237097072
5589,10.770476795895272,10.450583572185565,0.3198932237097072
5590,10.770476795895272,10.450583572185565,0.3198932237097072
5591,10.770476795895272,10.450583572185565,0.3198932237097072
5592,10.770476795895272,10.450583572185565,0.3198932237097072
5593,10.770476795895272,10.450583572185565,0.3198932237097072
5594,10.770476795895272,10.450583572185565,0.3198932237097072
5595,10.770476795895272,10.450583572185565,0.3198932237097072
5596,10.770476795895272,10.450583572185565,0.3198932237097072
5597,10.770476795895272,10.450583572185565,0.3198932237097072
5598,10.770476795895272,10.450583572185565,0.3198932237097072
5599,10.770476795895272,10.450583572185565,0.3198932237097072
5600,10.770476795895272,10.450583572185565,0.3198932237097072
5601,10.770476795895272,10.450583572185565,0.3198932237097072
5602,10.770476795895272,10.450583572185565,0.3198932237097072
5603,10.770476795895272,10.450583572185565,0.3198932237097072
5604,10.770476795895272,10.450583572185565,0.3198932237097072
5605,10.770476795895272,10.450583572185565,0.3198932237097072
5606,10.770476795895272,10.450583572185565,0.3198932237097072
5607,10.770476795895272,10.450583572185565,0.3198932237097072
5608,10.770476795895272,10.450583572185565,0.3198932237097072
5609,10.770476795895272,10.450583572185565,0.3198932237097072
5610,10.770476795895272,10.450583572185565,0.3198932237097072
5611,10.770476795895272,10.450583572185565,0.3198932237097072
5612,10.770476795895272,10.450583572185565,0.3198932237097072
5613,10.770476795895272,10.450583572185565,0.3198932237097072
5614,10.770476795895272,10.450583572185565,0.3198932237097072
5615,10.770476795895272,10.450583572185565,0.3198932237097072
5616,10.770476795895272,10.450583572185565,0.3198932237097072
5617,10.770476795895272,10.450583572185565,0.3198932237097072
5618,10.770476795895272,10.450583572185565,0.3198932237097072
5619,10.770476795895272,10.450583572185565,0.3198932237097072
5620,10.770476795895272,10.450583572185565,0.3198932237097072
5621,10.770476795895272,10.450583572185565,0.3198932237097072
5622,10.770476795895272,10.450583572185565,0.3198932237097072
5623,10.770476795895272,10.450583572185565,0.3198932237097072
5624,10.770476795895272,10.450583572185565,0.3198932237097072
5625,10.770476795895272,10.450583572185565,0.3198932237097072
5626,10.770476795895272,10.450583572185565,0.3198932237097072
5627,10.770476795895272,10.450583572185565,0.3198932237097072
5628,10.770476795895272,10.450583572185565,0.3198932237097072
5629,10.770476795895272,10.450583572185565,0.3198932237097072
5630,10.770476795895272,10.450583572185565,0.3198932237097072
5631,10.770476795895272,10.450583572185565,0.3198932237097072
5632,10.770476795895272,10.450583572185565,0.3198932237097072
5633,10.770476795895272,10.450583572185565,0.3198932237097072
5634,10.770476795895272,10.450583572185565,0.3198932237097072
5635,10.770476795895272,10.450583572185565,0.3198932237097072
5636,10.770476795895272,10.450583572185565,0.3198932237097072
5637,10.770476795895272,10.450583572185565,0.3198932237097072
5638,10.770476795895272,10.450583572185565,0.3198932237097072
5639,10.770476795895272,10.450583572185565,0.3198932237097072
5640,10.770476795895272,10.450583572185565,0.3198932237097072
5641,10.770476795895272,10.450583572185565,0.3198932237097072
5642,10.770476795895272,10.450583572185565,0.3198932237097072
5643,10.770476795895272,10.450583572185565,0.3198932237097072
5644,10.770476795895272,10.450583572185565,0.3198932237097072
5645,10.770476795895272,10.450583572185565,0.3198932237097072
5646,10.770476795895272,10.450583572185565,0.3198932237097072
5647,10.770476795895272,10.450583572185565,0.3198932237097072
5648,10.770476795895272,10.450583572185565,0.3198932237097072
5649,10.770476795895272,10.450583572185565,0.3198932237097072
5650,10.770476795895272,10.450583572185565,0.3198932237097072
5651,10.770476795895272,10.450583572185565,0.3198932237097072
5652,10.770476795895272,10.450583572185565,0.3198932237097072
5653,10.770476795895272,10.450583572185565,0.3198932237097072
5654,10.770476795895272,10.450583572185565,0.3198932237097072
5655,10.770476795895272,10.450583572185565,0.3198932237097072
5656,10.770476795895272,10.450583572185565,0.3198932237097072
5657,10.770476795895272,10.450583572185565,0.3198932237097072
5658,10.770476795895272,10.450583572185565,0.3198932237097072
5659,10.770476795895272,10.450583572185565,0.3198932237097072
5660,10.770476795895272,10.450583572185565,0.3198932237097072
5661,10.770476795895272,10.450583572185565,0.3198932237097072
5662,10.770476795895272,10.450583572185565,0.3198932237097072
5663,10.770476795895272,10.450583572185565,0.3198932237097072
5664,10.770476795895272,10.450583572185565,0.3198932237097072
5665,10.770476795895272,10.450583572185565,0.3198932237097072
5666,10.770476795895272,10.450583572185565,0.3198932237097072
5667,10.770476795895272,10.450583572185565,0.3198932237097072
5668,10.770476795895272,10.450583572185565,0.3198932237097072
5669,10.770476795895272,10.450583572185565,0.3198932237097072
5670,10.770476795895272,10.450583572185565,0.3198932237097072
5671,10.770476795895272,10.450583572185565,0.3198932237097072
5672,10.770476795895272,10.450583572185565,0.3198932237097072
5673,10.770476795895272,10.450583572185565,0.3198932237097072
5674,10.770476795895272,10.450583572185565,0.3198932237097072
5675,10.770476795895272,10.450583572185565,0.3198932237097072
5676,10.770476795895272,10.450583572185565,0.3198932237097072
5677,10.770476795895272,10.450583572185565,0.3198932237097072
5678,10.770476795895272,10.450583572185565,0.3198932237097072
5679,10.770476795895272,10.450583572185565,0.3198932237097072
5680,10.770476795895272,10.450583572185565,0.3198932237097072
5681,10.770476795895272,10.450583572185565,0.3198932237097072
5682,10.770476795895272,10.450583572185565,0.3198932237097072
5683,10.770476795895272,10.450583572185565,0.3198932237097072
5684,10.770476795895272,10.450583572185565,0.3198932237097072
5685,10.770476795895272,10.450583572185565,0.3198932237097072
5686,10.770476795895272,10.450583572185565,0.3198932237097072
5687,10.770476795895272,10.450583572185565,0.3198932237097072
5688,10.770476795895272,10.450583572185565,0.3198932237097072
5689,10.770476795895272,10.450583572185565,0.3198932237097072
5690,10.770476795895272,10.450583572185565,0.3198932237097072
5691,10.770476795895272,10.450583572185565,0.3198932237097072
5692,10.770476795895272,10.450583572185565,0.3198932237097072
5693,10.770476795895272,10.450583572185565,0.3198932237097072
5694,10.770476795895272,10.450583572185565,0.3198932237097072
5695,10.770476795895272,10.450583572185565,0.3198932237097072
5696,10.770476795895272,10.450583572185565,0.3198932237097072
5697,10.770476795895272,10.450583572185565,0.3198932237097072
5698,10.770476795895272,10.450583572185565,0.3198932237097072
5699,10.770476795895272,10.450583572185565,0.3198932237097072
5700,10.770476795895272,10.450583572185565,0.3198932237097072
5701,10.770476795895272,10.450583572185565,0.3198932237097072
5702,10.770476795895272,10.450583572185565,0.3198932237097072
5703,10.770476795895272,10.450583572185565,0.3198932237097072
5704,10.770476795895272,10.450583572185565,0.3198932237097072
5705,10.770476795895272,10.450583572185565,0.3198932237097072
5706,10.770476795895272,10.450583572185565,0.3198932237097072
5707,10.770476795895272,10.450583572185565,0.3198932237097072
5708,10.770476795895272,10.450583572185565,0.3198932237097072
5709,10.770476795895272,10.450583572185565,0.3198932237097072
5710,10.770476795895272,10.450583572185565,0.3198932237097072
5711,10.770476795895272,10.450583572185565,0.3198932237097072
5712,10.770476795895272,10.450583572185565,0.3198932237097072
5713,10.770476795895272,10.450583572185565,0.3198932237097072
5714,10.770476795895272,10.450583572185565,0.3198932237097072
5715,10.770476795895272,10.450583572185565,0.3198932237097072
5716,10.770476795895272,10.450583572185565,0.3198932237097072
5717,10.770476795895272,10.450583572185565,0.3198932237097072
5718,10.770476795895272,10.450583572185565,0.3198932237097072
5719,10.770476795895272,10.450583572185565,0.3198932237097072
5720,10.770476795895272,10.450583572185565,0.3198932237097072
5721,10.770476795895272,10.450583572185565,0.3198932237097072
5722,10.770476795895272,10.450583572185565,0.3198932237097072
5723,10.770476795895272,10.450583572185565,0.3198932237097072
5724,10.770476795895272,10.450583572185565,0.3198932237097072
5725,10.770476795895272,10.450583572185565,0.3198932237097072
5726,10.770476795895272,10.450583572185565,0.3198932237097072
5727,10.770476795895272,10.450583572185565,0.3198932237097072
5728,10.770476795895272,10.450583572185565,0.3198932237097072
5729,10.770476795895272,10.450583572185565,0.3198932237097072
5730,10.770476795895272,10.450583572185565,0.3198932237097072
5731,10.770476795895272,10.450583572185565,0.3198932237097072
5732,10.770476795895272,10.450583572185565,0.3198932237097072
5733,10.770476795895272,10.450583572185565,0.3198932237097072
5734,10.770476795895272,10.450583572185565,0.3198932237097072
5735,10.770476795895272,10.450583572185565,0.3198932237097072
5736,10.770476795895272,10.450583572185565,0.3198932237097072
5737,10.770476795895272,10.450583572185565,0.3198932237097072
5738,10.770476795895272,10.450583572185565,0.3198932237097072
5739,10.770476795895272,10.450583572185565,0.3198932237097072
5740,10.770476795895272,10.450583572185565,0.3198932237097072
5741,10.770476795895272,10.450583572185565,0.3198932237097072
5742,10.770476795895272,10.450583572185565,0.3198932237097072
5743,10.770476795895272,10.450583572185565,0.3198932237097072
5744,10.770476795895272,10.450583572185565,0.3198932237097072
5745,10.770476795895272,10.450583572185565,0.3198932237097072
5746,10.770476795895272,10.450583572185565,0.3198932237097072
5747,10.770476795895272,10.450583572185565,0.3198932237097072
5748,10.770476795895272,10.450583572185565,0.3198932237097072
5749,10.770476795895272,10.450583572185565,0.3198932237097072
5750,10.770476795895272,10.450583572185565,0.3198932237097072
5751,10.770476795895272,10.450583572185565,0.3198932237097072
5752,10.770476795895272,10.450583572185565,0.3198932237097072
5753,10.770476795895272,10.450583572185565,0.3198932237097072
5754,10.770476795895272,10.450583572185565,0.3198932237097072
5755,10.770476795895272,10.450583572185565,0.3198932237097072
5756,10.770476795895272,10.450583572185565,0.3198932237097072
5757,10.770476795895272,10.450583572185565,0.3198932237097072
5758,10.770476795895272,10.450583572185565,0.3198932237097072
5759,10.770476795895272,10.450583572185565,0.3198932237097072
5760,10.770476795895272,10.450583572185565,0.3198932237097072
5761,10.770476795895272,10.450583572185565,0.3198932237097072
5762,10.770476795895272,10.450583572185565,0.3198932237097072
5763,10.770476795895272,10.450583572185565,0.3198932237097072
5764,10.770476795895272,10.450583572185565,0.3198932237097072
5765,10.770476795895272,10.450583572185565,0.3198932237097072
5766,10.770476795895272,10.450583572185565,0.3198932237097072
5767,10.770476795895272,10.450583572185565,0.3198932237097072
5768,10.770476795895272,10.450583572185565,0.3198932237097072
5769,10.770476795895272,10.450583572185565,0.3198932237097072
5770,10.770476795895272,10.450583572185565,0.3198932237097072
5771,10.770476795895272,10.450583572185565,0.3198932237097072
5772,10.770476795895272,10.450583572185565,0.3198932237097072
5773,10.770476795895272,10.450583572185565,0.3198932237097072
5774,10.770476795895272,10.450583572185565,0.3198932237097072
5775,10.770476795895272,10.450583572185565,0.3198932237097072
5776,10.770476795895272,10.450583572185565,0.3198932237097072
5777,10.770476795895272,10.450583572185565,0.3198932237097072
5778,10.770476795895272,10.450583572185565,0.3198932237097072
5779,10.770476795895272,10.450583572185565,0.3198932237097072
5780,10.770476795895272,10.450583572185565,0.3198932237097072
5781,10.770476795895272,10.450583572185565,0.3198932237097072
5782,10.770476795895272,10.450583572185565,0.3198932237097072
5783,10.770476795895272,10.450583572185565,0.3198932237097072
5784,10.770476795895272,10.450583572185565,0.3198932237097072
5785,10.770476795895272,10.450583572185565,0.3198932237097072
5786,10.770476795895272,10.450583572185565,0.3198932237097072
5787,10.770476795895272,10.450583572185565,0.3198932237097072
5788,10.770476795895272,10.450583572185565,0.3198932237097072
5789,10.770476795895272,10.450583572185565,0.3198932237097072
5790,10.770476795895272,10.450583572185565,0.3198932237097072
5791,10.770476795895272,10.450583572185565,0.3198932237097072
5792,10.770476795895272,10.450583572185565,0.3198932237097072
5793,10.770476795895272,10.450583572185565,0.3198932237097072
5794,10.770476795895272,10.450583572185565,0.3198932237097072
5795,10.770476795895272,10.450583572185565,0.3198932237097072
5796,10.770476795895272,10.450583572185565,0.3198932237097072
5797,10.770476795895272,10.450583572185565,0.3198932237097072
5798,10.770476795895272,10.450583572185565,0.3198932237097072
5799,10.770476795895272,10.450583572185565,0.3198932237097072
5800,10.770476795895272,10.450583572185565,0.3198932237097072
5801,10.770476795895272,10.450583572185565,0.3198932237097072
5802,10.770476795895272,10.450583572185565,0.3198932237097072
5803,10.770476795895272,10.450583572185565,0.3198932237097072
5804,10.770476795895272,10.450583572185565,0.3198932237097072
5805,10.770476795895272,10.450583572185565,0.3198932237097072
5806,10.770476795895272,10.450583572185565,0.3198932237097072
5807,10.770476795895272,10.450583572185565,0.3198932237097072
5808,10.770476795895272,10.450583572185565,0.3198932237097072
5809,10.770476795895272,10.450583572185565,0.3198932237097072
5810,10.770476795895272,10.450583572185565,0.3198932237097072
5811,10.770476795895272,10.450583572185565,0.3198932237097072
5812,10.770476795895272,10.450583572185565,0.3198932237097072
5813,10.770476795895272,10.450583572185565,0.3198932237097072
5814,10.770476795895272,10.450583572185565,0.3198932237097072
5815,10.770476795895272,10.450583572185565,0.3198932237097072
5816,10.770476795895272,10.450583572185565,0.3198932237097072
5817,10.770476795895272,10.450583572185565,0.3198932237097072
5818,10.770476795895272,10.450583572185565,0.3198932237097072
5819,10.770476795895272,10.450583572185565,0.3198932237097072
5820,10.770476795895272,10.450583572185565,0.3198932237097072
5821,10.770476795895272,10.450583572185565,0.3198932237097072
5822,10.770476795895272,10.450583572185565,0.3198932237097072
5823,10.770476795895272,10.450583572185565,0.3198932237097072
5824,10.770476795895272,10.450583572185565,0.3198932237097072
5825,10.770476795895272,10.450583572185565,0.3198932237097072
5826,10.770476795895272,10.450583572185565,0.3198932237097072
5827,10.770476795895272,10.450583572185565,0.3198932237097072
5828,10.770476795895272,10.450583572185565,0.3198932237097072
5829,10.770476795895272,10.450583572185565,0.3198932237097072
5830,10.770476795895272,10.450583572185565,0.3198932237097072
5831,10.770476795895272,10.450583572185565,0.3198932237097072
5832,10.770476795895272,10.450583572185565,0.3198932237097072
5833,10.770476795895272,10.450583572185565,0.3198932237097072
5834,10.770476795895272,10.450583572185565,0.3198932237097072
5835,10.770476795895272,10.450583572185565,0.3198932237097072
5836,10.770476795895272,10.450583572185565,0.3198932237097072
5837,10.770476795895272,10.450583572185565,0.3198932237097072
5838,10.770476795895272,10.450583572185565,0.3198932237097072
5839,10.770476795895272,10.450583572185565,0.3198932237097072
5840,10.770476795895272,10.450583572185565,0.3198932237097072
5841,10.770476795895272,10.450583572185565,0.3198932237097072
5842,10.770476795895272,10.450583572185565,0.3198932237097072
5843,10.770476795895272,10.450583572185565,0.3198932237097072
5844,10.770476795895272,10.450583572185565,0.3198932237097072
5845,10.770476795895272,10.450583572185565,0.3198932237097072
5846,10.770476795895272,10.450583572185565,0.3198932237097072
5847,10.770476795895272,10.450583572185565,0.3198932237097072
5848,10.770476795895272,10.450583572185565,0.3198932237097072
5849,10.770476795895272,10.450583572185565,0.3198932237097072
5850,10.770476795895272,10.450583572185565,0.3198932237097072
5851,10.770476795895272,10.450583572185565,0.3198932237097072
5852,10.770476795895272,10.450583572185565,0.3198932237097072
5853,10.770476795895272,10.450583572185565,0.3198932237097072
5854,10.770476795895272,10.450583572185565,0.3198932237097072
5855,10.770476795895272,10.450583572185565,0.3198932237097072
5856,10.770476795895272,10.450583572185565,0.3198932237097072
5857,10.770476795895272,10.450583572185565,0.3198932237097072
5858,10.770476795895272,10.450583572185565,0.3198932237097072
5859,10.770476795895272,10.450583572185565,0.3198932237097072
5860,10.770476795895272,10.450583572185565,0.3198932237097072
5861,10.770476795895272,10.450583572185565,0.3198932237097072
5862,10.770476795895272,10.450583572185565,0.3198932237097072
5863,10.770476795895272,10.450583572185565,0.3198932237097072
5864,10.770476795895272,10.450583572185565,0.3198932237097072
5865,10.770476795895272,10.450583572185565,0.3198932237097072
5866,10.770476795895272,10.450583572185565,0.3198932237097072
5867,10.770476795895272,10.450583572185565,0.3198932237097072
5868,10.770476795895272,10.450583572185565,0.3198932237097072
5869,10.770476795895272,10.450583572185565,0.3198932237097072
5870,10.770476795895272,10.450583572185565,0.3198932237097072
5871,10.770476795895272,10.450583572185565,0.3198932237097072
5872,10.770476795895272,10.450583572185565,0.3198932237097072
5873,10.770476795895272,10.450583572185565,0.3198932237097072
5874,10.770476795895272,10.450583572185565,0.3198932237097072
5875,10.770476795895272,10.450583572185565,0.3198932237097072
5876,10.770476795895272,10.450583572185565,0.3198932237097072
5877,10.770476795895272,10.450583572185565,0.3198932237097072
5878,10.770476795895272,10.450583572185565,0.3198932237097072
5879,10.770476795895272,10.450583572185565,0.3198932237097072
5880,10.770476795895272,10.450583572185565,0.3198932237097072
5881,10.770476795895272,10.450583572185565,0.3198932237097072
5882,10.770476795895272,10.450583572185565,0.3198932237097072
5883,10.770476795895272,10.450583572185565,0.3198932237097072
5884,10.770476795895272,10.450583572185565,0.3198932237097072
5885,10.770476795895272,10.450583572185565,0.3198932237097072
5886,10.770476795895272,10.450583572185565,0.3198932237097072
5887,10.770476795895272,10.450583572185565,0.3198932237097072
5888,10.770476795895272,10.450583572185565,0.3198932237097072
5889,10.770476795895272,10.450583572185565,0.3198932237097072
5890,10.770476795895272,10.450583572185565,0.3198932237097072
5891,10.770476795895272,10.450583572185565,0.3198932237097072
5892,10.770476795895272,10.450583572185565,0.3198932237097072
5893,10.770476795895272,10.450583572185565,0.3198932237097072
5894,10.770476795895272,10.450583572185565,0.3198932237097072
5895,10.770476795895272,10.450583572185565,0.3198932237097072
5896,10.770476795895272,10.450583572185565,0.3198932237097072
5897,10.770476795895272,10.450583572185565,0.3198932237097072
5898,10.770476795895272,10.450583572185565,0.3198932237097072
5899,10.770476795895272,10.450583572185565,0.3198932237097072
5900,10.770476795895272,10.450583572185565,0.3198932237097072
5901,10.770476795895272,10.450583572185565,0.3198932237097072
5902,10.770476795895272,10.450583572185565,0.3198932237097072
5903,10.770476795895272,10.450583572185565,0.3198932237097072
5904,10.770476795895272,10.450583572185565,0.3198932237097072
5905,10.770476795895272,10.450583572185565,0.3198932237097072
5906,10.770476795895272,10.450583572185565,0.3198932237097072
5907,10.770476795895272,10.450583572185565,0.3198932237097072
5908,10.770476795895272,10.450583572185565,0.3198932237097072
5909,10.770476795895272,10.450583572185565,0.3198932237097072
5910,10.770476795895272,10.450583572185565,0.3198932237097072
5911,10.770476795895272,10.450583572185565,0.3198932237097072
5912,10.770476795895272,10.450583572185565,0.3198932237097072
5913,10.770476795895272,10.450583572185565,0.3198932237097072
5914,10.770476795895272,10.450583572185565,0.3198932237097072
5915,10.770476795895272,10.450583572185565,0.3198932237097072
5916,10.770476795895272,10.450583572185565,0.3198932237097072
5917,10.770476795895272,10.450583572185565,0.3198932237097072
5918,10.770476795895272,10.450583572185565,0.3198932237097072
5919,10.770476795895272,10.450583572185565,0.3198932237097072
5920,10.770476795895272,10.450583572185565,0.3198932237097072
5921,10.770476795895272,10.450583572185565,0.3198932237097072
5922,10.770476795895272,10.450583572185565,0.3198932237097072
5923,10.770476795895272,10.450583572185565,0.3198932237097072
5924,10.770476795895272,10.450583572185565,0.3198932237097072
5925,10.770476795895272,10.450583572185565,0.3198932237097072
5926,10.770476795895272,10.450583572185565,0.3198932237097072
5927,10.770476795895272,10.450583572185565,0.3198932237097072
5928,10.770476795895272,10.450583572185565,0.3198932237097072
5929,10.770476795895272,10.450583572185565,0.3198932237097072
5930,10.770476795895272,10.450583572185565,0.3198932237097072
5931,10.770476795895272,10.450583572185565,0.3198932237097072
5932,10.770476795895272,10.450583572185565,0.3198932237097072
5933,10.770476795895272,10.450583572185565,0.3198932237097072
5934,10.770476795895272,10.450583572185565,0.3198932237097072
5935,10.770476795895272,10.450583572185565,0.3198932237097072
5936,10.770476795895272,10.450583572185565,0.3198932237097072
5937,10.770476795895272,10.450583572185565,0.3198932237097072
5938,10.770476795895272,10.450583572185565,0.3198932237097072
5939,10.770476795895272,10.450583572185565,0.3198932237097072
5940,10.770476795895272,10.450583572185565,0.3198932237097072
5941,10.770476795895272,10.450583572185565,0.3198932237097072
5942,10.770476795895272,10.450583572185565,0.3198932237097072
5943,10.770476795895272,10.450583572185565,0.3198932237097072
5944,10.770476795895272,10.450583572185565,0.3198932237097072
5945,10.770476795895272,10.450583572185565,0.3198932237097072
5946,10.770476795895272,10.450583572185565,0.3198932237097072
5947,10.770476795895272,10.450583572185565,0.3198932237097072
5948,10.770476795895272,10.450583572185565,0.3198932237097072
5949,10.770476795895272,10.450583572185565,0.3198932237097072
5950,10.770476795895272,10.450583572185565,0.3198932237097072
5951,10.770476795895272,10.450583572185565,0.3198932237097072
5952,10.770476795895272,10.450583572185565,0.3198932237097072
5953,10.770476795895272,10.450583572185565,0.3198932237097072
5954,10.770476795895272,10.450583572185565,0.3198932237097072
5955,10.770476795895272,10.450583572185565,0.3198932237097072
5956,10.770476795895272,10.450583572185565,0.3198932237097072
5957,10.770476795895272,10.450583572185565,0.3198932237097072
5958,10.770476795895272,10.450583572185565,0.3198932237097072
5959,10.770476795895272,10.450583572185565,0.3198932237097072
5960,10.770476795895272,10.450583572185565,0.3198932237097072
5961,10.770476795895272,10.450583572185565,0.3198932237097072
5962,10.770476795895272,10.450583572185565,0.3198932237097072
5963,10.770476795895272,10.450583572185565,0.3198932237097072
5964,10.770476795895272,10.450583572185565,0.3198932237097072
5965,10.770476795895272,10.450583572185565,0.3198932237097072
5966,10.770476795895272,10.450583572185565,0.3198932237097072
5967,10.770476795895272,10.450583572185565,0.3198932237097072
5968,10.770476795895272,10.450583572185565,0.3198932237097072
5969,10.770476795895272,10.450583572185565,0.3198932237097072
5970,10.770476795895272,10.450583572185565,0.3198932237097072
5971,10.770476795895272,10.450583572185565,0.3198932237097072
5972,10.770476795895272,10.450583572185565,0.3198932237097072
5973,10.770476795895272,10.450583572185565,0.3198932237097072
5974,10.770476795895272,10.450583572185565,0.3198932237097072
5975,10.770476795895272,10.450583572185565,0.3198932237097072
5976,10.770476795895272,10.450583572185565,0.3198932237097072
5977,10.770476795895272,10.450583572185565,0.3198932237097072
5978,10.770476795895272,10.450583572185565,0.3198932237097072
5979,10.770476795895272,10.450583572185565,0.3198932237097072
5980,10.770476795895272,10.450583572185565,0.3198932237097072
5981,10.770476795895272,10.450583572185565,0.3198932237097072
5982,10.770476795895272,10.450583572185565,0.3198932237097072
5983,10.770476795895272,10.450583572185565,0.3198932237097072
5984,10.770476795895272,10.450583572185565,0.3198932237097072
5985,10.770476795895272,10.450583572185565,0.3198932237097072
5986,10.770476795895272,10.450583572185565,0.3198932237097072
5987,10.770476795895272,10.450583572185565,0.3198932237097072
5988,10.770476795895272,10.450583572185565,0.3198932237097072
5989,10.770476795895272,10.450583572185565,0.3198932237097072
5990,10.770476795895272,10.450583572185565,0.3198932237097072
5991,10.770476795895272,10.450583572185565,0.3198932237097072
5992,10.770476795895272,10.450583572185565,0.3198932237097072
5993,10.770476795895272,10.450583572185565,0.3198932237097072
5994,10.770476795895272,10.450583572185565,0.3198932237097072
5995,10.770476795895272,10.450583572185565,0.3198932237097072
5996,10.770476795895272,10.450583572185565,0.3198932237097072
5997,10.770476795895272,10.450583572185565,0.3198932237097072
5998,10.770476795895272,10.450583572185565,0.3198932237097072
5999,10.770476795895272,10.450583572185565,0.3198932237097072
6000,10.770476795895272,10.450583572185565,0.3198932237097072
6001,10.770476795895272,10.450583572185565,0.3198932237097072
6002,10.770476795895272,10.450583572185565,0.3198932237097072
6003,10.770476795895272,10.450583572185565,0.3198932237097072
6004,10.770476795895272,10.450583572185565,0.3198932237097072
6005,10.770476795895272,10.450583572185565,0.3198932237097072
6006,10.770476795895272,10.450583572185565,0.3198932237097072
6007,10.770476795895272,10.450583572185565,0.3198932237097072
6008,10.770476795895272,10.450583572185565,0.3198932237097072
6009,10.770476795895272,10.450583572185565,0.3198932237097072
6010,10.770476795895272,10.450583572185565,0.3198932237097072
6011,10.770476795895272,10.450583572185565,0.3198932237097072
6012,10.770476795895272,10.450583572185565,0.3198932237097072
6013,10.770476795895272,10.450583572185565,0.3198932237097072
6014,10.770476795895272,10.450583572185565,0.3198932237097072
6015,10.770476795895272,10.450583572185565,0.3198932237097072
6016,10.770476795895272,10.450583572185565,0.3198932237097072
6017,10.770476795895272,10.450583572185565,0.3198932237097072
6018,10.770476795895272,10.450583572185565,0.3198932237097072
6019,10.770476795895272,10.450583572185565,0.3198932237097072
6020,10.770476795895272,10.450583572185565,0.3198932237097072
6021,10.770476795895272,10.450583572185565,0.3198932237097072
6022,10.770476795895272,10.450583572185565,0.3198932237097072
6023,10.770476795895272,10.450583572185565,0.3198932237097072
6024,10.770476795895272,10.450583572185565,0.3198932237097072
6025,10.770476795895272,10.450583572185565,0.3198932237097072
6026,10.770476795895272,10.450583572185565,0.3198932237097072
6027,10.770476795895272,10.450583572185565,0.3198932237097072
6028,10.770476795895272,10.450583572185565,0.3198932237097072
6029,10.770476795895272,10.450583572185565,0.3198932237097072
6030,10.770476795895272,10.450583572185565,0.3198932237097072
6031,10.770476795895272,10.450583572185565,0.3198932237097072
6032,10.770476795895272,10.450583572185565,0.3198932237097072
6033,10.770476795895272,10.450583572185565,0.3198932237097072
6034,10.770476795895272,10.450583572185565,0.3198932237097072
6035,10.770476795895272,10.450583572185565,0.3198932237097072
6036,10.770476795895272,10.450583572185565,0.3198932237097072
6037,10.770476795895272,10.450583572185565,0.3198932237097072
6038,10.770476795895272,10.450583572185565,0.3198932237097072
6039,10.770476795895272,10.450583572185565,0.3198932237097072
6040,10.770476795895272,10.450583572185565,0.3198932237097072
6041,10.770476795895272,10.450583572185565,0.3198932237097072
6042,10.770476795895272,10.450583572185565,0.3198932237097072
6043,10.770476795895272,10.450583572185565,0.3198932237097072
6044,10.770476795895272,10.450583572185565,0.3198932237097072
6045,10.770476795895272,10.450583572185565,0.3198932237097072
6046,10.770476795895272,10.450583572185565,0.3198932237097072
6047,10.770476795895272,10.450583572185565,0.3198932237097072
6048,10.770476795895272,10.450583572185565,0.3198932237097072
6049,10.770476795895272,10.450583572185565,0.3198932237097072
6050,10.770476795895272,10.450583572185565,0.3198932237097072
6051,10.770476795895272,10.450583572185565,0.3198932237097072
6052,10.770476795895272,10.450583572185565,0.3198932237097072
6053,10.770476795895272,10.450583572185565,0.3198932237097072
6054,10.770476795895272,10.450583572185565,0.3198932237097072
6055,10.770476795895272,10.450583572185565,0.3198932237097072
6056,10.770476795895272,10.450583572185565,0.3198932237097072
6057,10.770476795895272,10.450583572185565,0.3198932237097072
6058,10.770476795895272,10.450583572185565,0.3198932237097072
6059,10.770476795895272,10.450583572185565,0.3198932237097072
6060,10.770476795895272,10.450583572185565,0.3198932237097072
6061,10.770476795895272,10.450583572185565,0.3198932237097072
6062,10.770476795895272,10.450583572185565,0.3198932237097072
6063,10.770476795895272,10.450583572185565,0.3198932237097072
6064,10.770476795895272,10.450583572185565,0.3198932237097072
6065,10.770476795895272,10.450583572185565,0.3198932237097072
6066,10.770476795895272,10.450583572185565,0.3198932237097072
6067,10.770476795895272,10.450583572185565,0.3198932237097072
6068,10.770476795895272,10.450583572185565,0.3198932237097072
6069,10.770476795895272,10.450583572185565,0.3198932237097072
6070,10.770476795895272,10.450583572185565,0.3198932237097072
6071,10.770476795895272,10.450583572185565,0.3198932237097072
6072,10.770476795895272,10.450583572185565,0.3198932237097072
6073,10.770476795895272,10.450583572185565,0.3198932237097072
6074,10.770476795895272,10.450583572185565,0.3198932237097072
6075,10.770476795895272,10.450583572185565,0.3198932237097072
6076,10.770476795895272,10.450583572185565,0.3198932237097072
6077,10.770476795895272,10.450583572185565,0.3198932237097072
6078,10.770476795895272,10.450583572185565,0.3198932237097072
6079,10.770476795895272,10.450583572185565,0.3198932237097072
6080,10.770476795895272,10.450583572185565,0.3198932237097072
6081,10.770476795895272,10.450583572185565,0.3198932237097072
6082,10.770476795895272,10.450583572185565,0.3198932237097072
6083,10.770476795895272,10.450583572185565,0.3198932237097072
6084,10.770476795895272,10.450583572185565,0.3198932237097072
6085,10.770476795895272,10.450583572185565,0.3198932237097072
6086,10.770476795895272,10.450583572185565,0.3198932237097072
6087,10.770476795895272,10.450583572185565,0.3198932237097072
6088,10.770476795895272,10.450583572185565,0.3198932237097072
6089,10.770476795895272,10.450583572185565,0.3198932237097072
6090,10.770476795895272,10.450583572185565,0.3198932237097072
6091,10.770476795895272,10.450583572185565,0.3198932237097072
6092,10.770476795895272,10.450583572185565,0.3198932237097072
6093,10.770476795895272,10.450583572185565,0.3198932237097072
6094,10.770476795895272,10.450583572185565,0.3198932237097072
6095,10.770476795895272,10.450583572185565,0.3198932237097072
6096,10.770476795895272,10.450583572185565,0.3198932237097072
6097,10.770476795895272,10.450583572185565,0.3198932237097072
6098,10.770476795895272,10.450583572185565,0.3198932237097072
6099,10.770476795895272,10.450583572185565,0.3198932237097072
6100,10.770476795895272,10.450583572185565,0.3198932237097072
6101,10.770476795895272,10.450583572185565,0.3198932237097072
6102,10.770476795895272,10.450583572185565,0.3198932237097072
6103,10.770476795895272,10.450583572185565,0.3198932237097072
6104,10.770476795895272,10.450583572185565,0.3198932237097072
6105,10.770476795895272,10.450583572185565,0.3198932237097072
6106,10.770476795895272,10.450583572185565,0.3198932237097072
6107,10.770476795895272,10.450583572185565,0.3198932237097072
6108,10.770476795895272,10.450583572185565,0.3198932237097072
6109,10.770476795895272,10.450583572185565,0.3198932237097072
6110,10.770476795895272,10.450583572185565,0.3198932237097072
6111,10.770476795895272,10.450583572185565,0.3198932237097072
6112,10.770476795895272,10.450583572185565,0.3198932237097072
6113,10.770476795895272,10.450583572185565,0.3198932237097072
6114,10.770476795895272,10.450583572185565,0.3198932237097072
6115,10.770476795895272,10.450583572185565,0.3198932237097072
6116,10.770476795895272,10.450583572185565,0.3198932237097072
6117,10.770476795895272,10.450583572185565,0.3198932237097072
6118,10.770476795895272,10.450583572185565,0.3198932237097072
6119,10.770476795895272,10.450583572185565,0.3198932237097072
6120,10.770476795895272,10.450583572185565,0.3198932237097072
6121,10.770476795895272,10.450583572185565,0.3198932237097072
6122,10.770476795895272,10.450583572185565,0.3198932237097072
6123,10.770476795895272,10.450583572185565,0.3198932237097072
6124,10.770476795895272,10.450583572185565,0.3198932237097072
6125,10.770476795895272,10.450583572185565,0.3198932237097072
6126,10.770476795895272,10.450583572185565,0.3198932237097072
6127,10.770476795895272,10.450583572185565,0.3198932237097072
6128,10.770476795895272,10.450583572185565,0.3198932237097072
6129,10.770476795895272,10.450583572185565,0.3198932237097072
6130,10.770476795895272,10.450583572185565,0.3198932237097072
6131,10.770476795895272,10.450583572185565,0.3198932237097072
6132,10.770476795895272,10.450583572185565,0.3198932237097072
6133,10.770476795895272,10.450583572185565,0.3198932237097072
6134,10.770476795895272,10.450583572185565,0.3198932237097072
6135,10.770476795895272,10.450583572185565,0.3198932237097072
6136,10.770476795895272,10.450583572185565,0.3198932237097072
6137,10.770476795895272,10.450583572185565,0.3198932237097072
6138,10.770476795895272,10.450583572185565,0.3198932237097072
6139,10.770476795895272,10.450583572185565,0.3198932237097072
6140,10.770476795895272,10.450583572185565,0.3198932237097072
6141,10.770476795895272,10.450583572185565,0.3198932237097072
6142,10.770476795895272,10.450583572185565,0.3198932237097072
6143,10.770476795895272,10.450583572185565,0.3198932237097072
6144,10.770476795895272,10.450583572185565,0.3198932237097072
6145,10.770476795895272,10.450583572185565,0.3198932237097072
6146,10.770476795895272,10.450583572185565,0.3198932237097072
6147,10.770476795895272,10.450583572185565,0.3198932237097072
6148,10.770476795895272,10.450583572185565,0.3198932237097072
6149,10.770476795895272,10.450583572185565,0.3198932237097072
6150,10.770476795895272,10.450583572185565,0.3198932237097072
6151,10.770476795895272,10.450583572185565,0.3198932237097072
6152,10.770476795895272,10.450583572185565,0.3198932237097072
6153,10.770476795895272,10.450583572185565,0.3198932237097072
6154,10.770476795895272,10.450583572185565,0.3198932237097072
6155,10.770476795895272,10.450583572185565,0.3198932237097072
6156,10.770476795895272,10.450583572185565,0.3198932237097072
6157,10.770476795895272,10.450583572185565,0.3198932237097072
6158,10.770476795895272,10.450583572185565,0.3198932237097072
6159,10.770476795895272,10.450583572185565,0.3198932237097072
6160,10.770476795895272,10.450583572185565,0.3198932237097072
6161,10.770476795895272,10.450583572185565,0.3198932237097072
6162,10.770476795895272,10.450583572185565,0.3198932237097072
6163,10.770476795895272,10.450583572185565,0.3198932237097072
6164,10.770476795895272,10.450583572185565,0.3198932237097072
6165,10.770476795895272,10.450583572185565,0.3198932237097072
6166,10.770476795895272,10.450583572185565,0.3198932237097072
6167,10.770476795895272,10.450583572185565,0.3198932237097072
6168,10.770476795895272,10.450583572185565,0.3198932237097072
6169,10.770476795895272,10.450583572185565,0.3198932237097072
6170,10.770476795895272,10.450583572185565,0.3198932237097072
6171,10.770476795895272,10.450583572185565,0.3198932237097072
6172,10.770476795895272,10.450583572185565,0.3198932237097072
6173,10.770476795895272,10.450583572185565,0.3198932237097072
6174,10.770476795895272,10.450583572185565,0.3198932237097072
6175,10.770476795895272,10.450583572185565,0.3198932237097072
6176,10.770476795895272,10.450583572185565,0.3198932237097072
6177,10.770476795895272,10.450583572185565,0.3198932237097072
6178,10.770476795895272,10.450583572185565,0.3198932237097072
6179,10.770476795895272,10.450583572185565,0.3198932237097072
6180,10.770476795895272,10.450583572185565,0.3198932237097072
6181,10.770476795895272,10.450583572185565,0.3198932237097072
6182,10.770476795895272,10.450583572185565,0.3198932237097072
6183,10.770476795895272,10.450583572185565,0.3198932237097072
6184,10.770476795895272,10.450583572185565,0.3198932237097072
6185,10.770476795895272,10.450583572185565,0.3198932237097072
6186,10.770476795895272,10.450583572185565,0.3198932237097072
6187,10.770476795895272,10.450583572185565,0.3198932237097072
6188,10.770476795895272,10.450583572185565,0.3198932237097072
6189,10.770476795895272,10.450583572185565,0.3198932237097072
6190,10.770476795895272,10.450583572185565,0.3198932237097072
6191,10.770476795895272,10.450583572185565,0.3198932237097072
6192,10.770476795895272,10.450583572185565,0.3198932237097072
6193,10.770476795895272,10.450583572185565,0.3198932237097072
6194,10.770476795895272,10.450583572185565,0.3198932237097072
6195,10.770476795895272,10.450583572185565,0.3198932237097072
6196,10.770476795895272,10.450583572185565,0.3198932237097072
6197,10.770476795895272,10.450583572185565,0.3198932237097072
6198,10.770476795895272,10.450583572185565,0.3198932237097072
6199,10.770476795895272,10.450583572185565,0.3198932237097072
6200,10.770476795895272,10.450583572185565,0.3198932237097072
6201,10.770476795895272,10.450583572185565,0.3198932237097072
6202,10.770476795895272,10.450583572185565,0.3198932237097072
6203,10.770476795895272,10.450583572185565,0.3198932237097072
6204,10.770476795895272,10.450583572185565,0.3198932237097072
6205,10.770476795895272,10.450583572185565,0.3198932237097072
6206,10.770476795895272,10.450583572185565,0.3198932237097072
6207,10.770476795895272,10.450583572185565,0.3198932237097072
6208,10.770476795895272,10.450583572185565,0.3198932237097072
6209,10.770476795895272,10.450583572185565,0.3198932237097072
6210,10.770476795895272,10.450583572185565,0.3198932237097072
6211,10.770476795895272,10.450583572185565,0.3198932237097072
6212,10.770476795895272,10.450583572185565,0.3198932237097072
6213,10.770476795895272,10.450583572185565,0.3198932237097072
6214,10.770476795895272,10.450583572185565,0.3198932237097072
6215,10.770476795895272,10.450583572185565,0.3198932237097072
6216,10.770476795895272,10.450583572185565,0.3198932237097072
6217,10.770476795895272,10.450583572185565,0.3198932237097072
6218,10.770476795895272,10.450583572185565,0.3198932237097072
6219,10.770476795895272,10.450583572185565,0.3198932237097072
6220,10.770476795895272,10.450583572185565,0.3198932237097072
6221,10.770476795895272,10.450583572185565,0.3198932237097072
6222,10.770476795895272,10.450583572185565,0.3198932237097072
6223,10.770476795895272,10.450583572185565,0.3198932237097072
6224,10.770476795895272,10.450583572185565,0.3198932237097072
6225,10.770476795895272,10.450583572185565,0.3198932237097072
6226,10.770476795895272,10.450583572185565,0.3198932237097072
6227,10.770476795895272,10.450583572185565,0.3198932237097072
6228,10.770476795895272,10.450583572185565,0.3198932237097072
6229,10.770476795895272,10.450583572185565,0.3198932237097072
6230,10.770476795895272,10.450583572185565,0.3198932237097072
6231,10.770476795895272,10.450583572185565,0.3198932237097072
6232,10.770476795895272,10.450583572185565,0.3198932237097072
6233,10.770476795895272,10.450583572185565,0.3198932237097072
6234,10.770476795895272,10.450583572185565,0.3198932237097072
6235,10.770476795895272,10.450583572185565,0.3198932237097072
6236,10.770476795895272,10.450583572185565,0.3198932237097072
6237,10.770476795895272,10.450583572185565,0.3198932237097072
6238,10.770476795895272,10.450583572185565,0.3198932237097072
6239,10.770476795895272,10.450583572185565,0.3198932237097072
6240,10.770476795895272,10.450583572185565,0.3198932237097072
6241,10.770476795895272,10.450583572185565,0.3198932237097072
6242,10.770476795895272,10.450583572185565,0.3198932237097072
6243,10.770476795895272,10.450583572185565,0.3198932237097072
6244,10.770476795895272,10.450583572185565,0.3198932237097072
6245,10.770476795895272,10.450583572185565,0.3198932237097072
6246,10.770476795895272,10.450583572185565,0.3198932237097072
6247,10.770476795895272,10.450583572185565,0.3198932237097072
6248,10.770476795895272,10.450583572185565,0.3198932237097072
6249,10.770476795895272,10.450583572185565,0.3198932237097072
6250,10.770476795895272,10.450583572185565,0.3198932237097072
6251,10.770476795895272,10.450583572185565,0.3198932237097072
6252,10.770476795895272,10.450583572185565,0.3198932237097072
6253,10.770476795895272,10.450583572185565,0.3198932237097072
6254,10.770476795895272,10.450583572185565,0.3198932237097072
6255,10.770476795895272,10.450583572185565,0.3198932237097072
6256,10.770476795895272,10.450583572185565,0.3198932237097072
6257,10.770476795895272,10.450583572185565,0.3198932237097072
6258,10.770476795895272,10.450583572185565,0.3198932237097072
6259,10.770476795895272,10.450583572185565,0.3198932237097072
6260,10.770476795895272,10.450583572185565,0.3198932237097072
6261,10.770476795895272,10.450583572185565,0.3198932237097072
6262,10.770476795895272,10.450583572185565,0.3198932237097072
6263,10.770476795895272,10.450583572185565,0.3198932237097072
6264,10.770476795895272,10.450583572185565,0.3198932237097072
6265,10.770476795895272,10.450583572185565,0.3198932237097072
6266,10.770476795895272,10.450583572185565,0.3198932237097072
6267,10.770476795895272,10.450583572185565,0.3198932237097072
6268,10.770476795895272,10.450583572185565,0.3198932237097072
6269,10.770476795895272,10.450583572185565,0.3198932237097072
6270,10.770476795895272,10.450583572185565,0.3198932237097072
6271,10.770476795895272,10.450583572185565,0.3198932237097072
6272,10.770476795895272,10.450583572185565,0.3198932237097072
6273,10.770476795895272,10.450583572185565,0.3198932237097072
6274,10.770476795895272,10.450583572185565,0.3198932237097072
6275,10.770476795895272,10.450583572185565,0.3198932237097072
6276,10.770476795895272,10.450583572185565,0.3198932237097072
6277,10.770476795895272,10.450583572185565,0.3198932237097072
6278,10.770476795895272,10.450583572185565,0.3198932237097072
6279,10.770476795895272,10.450583572185565,0.3198932237097072
6280,10.770476795895272,10.450583572185565,0.3198932237097072
6281,10.770476795895272,10.450583572185565,0.3198932237097072
6282,10.770476795895272,10.450583572185565,0.3198932237097072
6283,10.770476795895272,10.450583572185565,0.3198932237097072
6284,10.770476795895272,10.450583572185565,0.3198932237097072
6285,10.770476795895272,10.450583572185565,0.3198932237097072
6286,10.770476795895272,10.450583572185565,0.3198932237097072
6287,10.770476795895272,10.450583572185565,0.3198932237097072
6288,10.770476795895272,10.450583572185565,0.3198932237097072
6289,10.770476795895272,10.450583572185565,0.3198932237097072
6290,10.770476795895272,10.450583572185565,0.3198932237097072
6291,10.770476795895272,10.450583572185565,0.3198932237097072
6292,10.770476795895272,10.450583572185565,0.3198932237097072
6293,10.770476795895272,10.450583572185565,0.3198932237097072
6294,10.770476795895272,10.450583572185565,0.3198932237097072
6295,10.770476795895272,10.450583572185565,0.3198932237097072
6296,10.770476795895272,10.450583572185565,0.3198932237097072
6297,10.770476795895272,10.450583572185565,0.3198932237097072
6298,10.770476795895272,10.450583572185565,0.3198932237097072
6299,10.770476795895272,10.450583572185565,0.3198932237097072
6300,10.770476795895272,10.450583572185565,0.3198932237097072
6301,10.770476795895272,10.450583572185565,0.3198932237097072
6302,10.770476795895272,10.450583572185565,0.3198932237097072
6303,10.770476795895272,10.450583572185565,0.3198932237097072
6304,10.770476795895272,10.450583572185565,0.3198932237097072
6305,10.770476795895272,10.450583572185565,0.3198932237097072
6306,10.770476795895272,10.450583572185565,0.3198932237097072
6307,10.770476795895272,10.450583572185565,0.3198932237097072
6308,10.770476795895272,10.450583572185565,0.3198932237097072
6309,10.770476795895272,10.450583572185565,0.3198932237097072
6310,10.770476795895272,10.450583572185565,0.3198932237097072
6311,10.770476795895272,10.450583572185565,0.3198932237097072
6312,10.770476795895272,10.450583572185565,0.3198932237097072
6313,10.770476795895272,10.450583572185565,0.3198932237097072
6314,10.770476795895272,10.450583572185565,0.3198932237097072
6315,10.770476795895272,10.450583572185565,0.3198932237097072
6316,10.770476795895272,10.450583572185565,0.3198932237097072
6317,10.770476795895272,10.450583572185565,0.3198932237097072
6318,10.770476795895272,10.450583572185565,0.3198932237097072
6319,10.770476795895272,10.450583572185565,0.3198932237097072
6320,10.770476795895272,10.450583572185565,0.3198932237097072
6321,10.770476795895272,10.450583572185565,0.3198932237097072
6322,10.770476795895272,10.450583572185565,0.3198932237097072
6323,10.770476795895272,10.450583572185565,0.3198932237097072
6324,10.770476795895272,10.450583572185565,0.3198932237097072
6325,10.770476795895272,10.450583572185565,0.3198932237097072
6326,10.770476795895272,10.450583572185565,0.3198932237097072
6327,10.770476795895272,10.450583572185565,0.3198932237097072
6328,10.770476795895272,10.450583572185565,0.3198932237097072
6329,10.770476795895272,10.450583572185565,0.3198932237097072
6330,10.770476795895272,10.450583572185565,0.3198932237097072
6331,10.770476795895272,10.450583572185565,0.3198932237097072
6332,10.770476795895272,10.450583572185565,0.3198932237097072
6333,10.770476795895272,10.450583572185565,0.3198932237097072
6334,10.770476795895272,10.450583572185565,0.3198932237097072
6335,10.770476795895272,10.450583572185565,0.3198932237097072
6336,10.770476795895272,10.450583572185565,0.3198932237097072
6337,10.770476795895272,10.450583572185565,0.3198932237097072
6338,10.770476795895272,10.450583572185565,0.3198932237097072
6339,10.770476795895272,10.450583572185565,0.3198932237097072
6340,10.770476795895272,10.450583572185565,0.3198932237097072
6341,10.770476795895272,10.450583572185565,0.3198932237097072
6342,10.770476795895272,10.450583572185565,0.3198932237097072
6343,10.770476795895272,10.450583572185565,0.3198932237097072
6344,10.770476795895272,10.450583572185565,0.3198932237097072
6345,10.770476795895272,10.450583572185565,0.3198932237097072
6346,10.770476795895272,10.450583572185565,0.3198932237097072
6347,10.770476795895272,10.450583572185565,0.3198932237097072
6348,10.770476795895272,10.450583572185565,0.3198932237097072
6349,10.770476795895272,10.450583572185565,0.3198932237097072
6350,10.770476795895272,10.450583572185565,0.3198932237097072
6351,10.770476795895272,10.450583572185565,0.3198932237097072
6352,10.770476795895272,10.450583572185565,0.3198932237097072
6353,10.770476795895272,10.450583572185565,0.3198932237097072
6354,10.770476795895272,10.450583572185565,0.3198932237097072
6355,10.770476795895272,10.450583572185565,0.3198932237097072
6356,10.770476795895272,10.450583572185565,0.3198932237097072
6357,10.770476795895272,10.450583572185565,0.3198932237097072
6358,10.770476795895272,10.450583572185565,0.3198932237097072
6359,10.770476795895272,10.450583572185565,0.3198932237097072
6360,10.770476795895272,10.450583572185565,0.3198932237097072
6361,10.770476795895272,10.450583572185565,0.3198932237097072
6362,10.770476795895272,10.450583572185565,0.3198932237097072
6363,10.770476795895272,10.450583572185565,0.3198932237097072
6364,10.770476795895272,10.450583572185565,0.3198932237097072
6365,10.770476795895272,10.450583572185565,0.3198932237097072
6366,10.770476795895272,10.450583572185565,0.3198932237097072
6367,10.770476795895272,10.450583572185565,0.3198932237097072
6368,10.770476795895272,10.450583572185565,0.3198932237097072
6369,10.770476795895272,10.450583572185565,0.3198932237097072
6370,10.770476795895272,10.450583572185565,0.3198932237097072
6371,10.770476795895272,10.450583572185565,0.3198932237097072
6372,10.770476795895272,10.450583572185565,0.3198932237097072
6373,10.770476795895272,10.450583572185565,0.3198932237097072
6374,10.770476795895272,10.450583572185565,0.3198932237097072
6375,10.770476795895272,10.450583572185565,0.3198932237097072
6376,10.770476795895272,10.450583572185565,0.3198932237097072
6377,10.770476795895272,10.450583572185565,0.3198932237097072
6378,10.770476795895272,10.450583572185565,0.3198932237097072
6379,10.770476795895272,10.450583572185565,0.3198932237097072
6380,10.770476795895272,10.450583572185565,0.3198932237097072
6381,10.770476795895272,10.450583572185565,0.3198932237097072
6382,10.770476795895272,10.450583572185565,0.3198932237097072
6383,10.770476795895272,10.450583572185565,0.3198932237097072
6384,10.770476795895272,10.450583572185565,0.3198932237097072
6385,10.770476795895272,10.450583572185565,0.3198932237097072
6386,10.770476795895272,10.450583572185565,0.3198932237097072
6387,10.770476795895272,10.450583572185565,0.3198932237097072
6388,10.770476795895272,10.450583572185565,0.3198932237097072
6389,10.770476795895272,10.450583572185565,0.3198932237097072
6390,10.770476795895272,10.450583572185565,0.3198932237097072
6391,10.770476795895272,10.450583572185565,0.3198932237097072
6392,10.770476795895272,10.450583572185565,0.3198932237097072
6393,10.770476795895272,10.450583572185565,0.3198932237097072
6394,10.770476795895272,10.450583572185565,0.3198932237097072
6395,10.770476795895272,10.450583572185565,0.3198932237097072
6396,10.770476795895272,10.450583572185565,0.3198932237097072
6397,10.770476795895272,10.450583572185565,0.3198932237097072
6398,10.770476795895272,10.450583572185565,0.3198932237097072
6399,10.770476795895272,10.450583572185565,0.3198932237097072
6400,10.770476795895272,10.450583572185565,0.3198932237097072
6401,10.770476795895272,10.450583572185565,0.3198932237097072
6402,10.770476795895272,10.450583572185565,0.3198932237097072
6403,10.770476795895272,10.450583572185565,0.3198932237097072
6404,10.770476795895272,10.450583572185565,0.3198932237097072
6405,10.770476795895272,10.450583572185565,0.3198932237097072
6406,10.770476795895272,10.450583572185565,0.3198932237097072
6407,10.770476795895272,10.450583572185565,0.3198932237097072
6408,10.770476795895272,10.450583572185565,0.3198932237097072
6409,10.770476795895272,10.450583572185565,0.3198932237097072
6410,10.770476795895272,10.450583572185565,0.3198932237097072
6411,10.770476795895272,10.450583572185565,0.3198932237097072
6412,10.770476795895272,10.450583572185565,0.3198932237097072
6413,10.770476795895272,10.450583572185565,0.3198932237097072
6414,10.770476795895272,10.450583572185565,0.3198932237097072
6415,10.770476795895272,10.450583572185565,0.3198932237097072
6416,10.770476795895272,10.450583572185565,0.3198932237097072
6417,10.770476795895272,10.450583572185565,0.3198932237097072
6418,10.770476795895272,10.450583572185565,0.3198932237097072
6419,10.770476795895272,10.450583572185565,0.3198932237097072
6420,10.770476795895272,10.450583572185565,0.3198932237097072
6421,10.770476795895272,10.450583572185565,0.3198932237097072
6422,10.770476795895272,10.450583572185565,0.3198932237097072
6423,10.770476795895272,10.450583572185565,0.3198932237097072
6424,10.770476795895272,10.450583572185565,0.3198932237097072
6425,10.770476795895272,10.450583572185565,0.3198932237097072
6426,10.770476795895272,10.450583572185565,0.3198932237097072
6427,10.770476795895272,10.450583572185565,0.3198932237097072
6428,10.770476795895272,10.450583572185565,0.3198932237097072
6429,10.770476795895272,10.450583572185565,0.3198932237097072
6430,10.770476795895272,10.450583572185565,0.3198932237097072
6431,10.770476795895272,10.450583572185565,0.3198932237097072
6432,10.770476795895272,10.450583572185565,0.3198932237097072
6433,10.770476795895272,10.450583572185565,0.3198932237097072
6434,10.770476795895272,10.450583572185565,0.3198932237097072
6435,10.770476795895272,10.450583572185565,0.3198932237097072
6436,10.770476795895272,10.450583572185565,0.3198932237097072
6437,10.770476795895272,10.450583572185565,0.3198932237097072
6438,10.770476795895272,10.450583572185565,0.3198932237097072
6439,10.770476795895272,10.450583572185565,0.3198932237097072
6440,10.770476795895272,10.450583572185565,0.3198932237097072
6441,10.770476795895272,10.450583572185565,0.3198932237097072
6442,10.770476795895272,10.450583572185565,0.3198932237097072
6443,10.770476795895272,10.450583572185565,0.3198932237097072
6444,10.770476795895272,10.450583572185565,0.3198932237097072
6445,10.770476795895272,10.450583572185565,0.3198932237097072
6446,10.770476795895272,10.450583572185565,0.3198932237097072
6447,10.770476795895272,10.450583572185565,0.3198932237097072
6448,10.770476795895272,10.450583572185565,0.3198932237097072
6449,10.770476795895272,10.450583572185565,0.3198932237097072
6450,10.770476795895272,10.450583572185565,0.3198932237097072
6451,10.770476795895272,10.450583572185565,0.3198932237097072
6452,10.770476795895272,10.450583572185565,0.3198932237097072
6453,10.770476795895272,10.450583572185565,0.3198932237097072
6454,10.770476795895272,10.450583572185565,0.3198932237097072
6455,10.770476795895272,10.450583572185565,0.3198932237097072
6456,10.770476795895272,10.450583572185565,0.3198932237097072
6457,10.770476795895272,10.450583572185565,0.3198932237097072
6458,10.770476795895272,10.450583572185565,0.3198932237097072
6459,10.770476795895272,10.450583572185565,0.3198932237097072
6460,10.770476795895272,10.450583572185565,0.3198932237097072
6461,10.770476795895272,10.450583572185565,0.3198932237097072
6462,10.770476795895272,10.450583572185565,0.3198932237097072
6463,10.770476795895272,10.450583572185565,0.3198932237097072
6464,10.770476795895272,10.450583572185565,0.3198932237097072
6465,10.770476795895272,10.450583572185565,0.3198932237097072
6466,10.770476795895272,10.450583572185565,0.3198932237097072
6467,10.770476795895272,10.450583572185565,0.3198932237097072
6468,10.770476795895272,10.450583572185565,0.3198932237097072
6469,10.770476795895272,10.450583572185565,0.3198932237097072
6470,10.770476795895272,10.450583572185565,0.3198932237097072
6471,10.770476795895272,10.450583572185565,0.3198932237097072
6472,10.770476795895272,10.450583572185565,0.3198932237097072
6473,10.770476795895272,10.450583572185565,0.3198932237097072
6474,10.770476795895272,10.450583572185565,0.3198932237097072
6475,10.770476795895272,10.450583572185565,0.3198932237097072
6476,10.770476795895272,10.450583572185565,0.3198932237097072
6477,10.770476795895272,10.450583572185565,0.3198932237097072
6478,10.770476795895272,10.450583572185565,0.3198932237097072
6479,10.770476795895272,10.450583572185565,0.3198932237097072
6480,10.770476795895272,10.450583572185565,0.3198932237097072
6481,10.770476795895272,10.450583572185565,0.3198932237097072
6482,10.770476795895272,10.450583572185565,0.3198932237097072
6483,10.770476795895272,10.450583572185565,0.3198932237097072
6484,10.770476795895272,10.450583572185565,0.3198932237097072
6485,10.770476795895272,10.450583572185565,0.3198932237097072
6486,10.770476795895272,10.450583572185565,0.3198932237097072
6487,10.770476795895272,10.450583572185565,0.3198932237097072
6488,10.770476795895272,10.450583572185565,0.3198932237097072
6489,10.770476795895272,10.450583572185565,0.3198932237097072
6490,10.770476795895272,10.450583572185565,0.3198932237097072
6491,10.770476795895272,10.450583572185565,0.3198932237097072
6492,10.770476795895272,10.450583572185565,0.3198932237097072
6493,10.770476795895272,10.450583572185565,0.3198932237097072
6494,10.770476795895272,10.450583572185565,0.3198932237097072
6495,10.770476795895272,10.450583572185565,0.3198932237097072
6496,10.770476795895272,10.450583572185565,0.3198932237097072
6497,10.770476795895272,10.450583572185565,0.3198932237097072
6498,10.770476795895272,10.450583572185565,0.3198932237097072
6499,10.770476795895272,10.450583572185565,0.3198932237097072
6500,10.770476795895272,10.450583572185565,0.3198932237097072
6501,10.770476795895272,10.450583572185565,0.3198932237097072
6502,10.770476795895272,10.450583572185565,0.3198932237097072
6503,10.770476795895272,10.450583572185565,0.3198932237097072
6504,10.770476795895272,10.450583572185565,0.3198932237097072
6505,10.770476795895272,10.450583572185565,0.3198932237097072
6506,10.770476795895272,10.450583572185565,0.3198932237097072
6507,10.770476795895272,10.450583572185565,0.3198932237097072
6508,10.770476795895272,10.450583572185565,0.3198932237097072
6509,10.770476795895272,10.450583572185565,0.3198932237097072
6510,10.770476795895272,10.450583572185565,0.3198932237097072
6511,10.770476795895272,10.450583572185565,0.3198932237097072
6512,10.770476795895272,10.450583572185565,0.3198932237097072
6513,10.770476795895272,10.450583572185565,0.3198932237097072
6514,10.770476795895272,10.450583572185565,0.3198932237097072
6515,10.770476795895272,10.450583572185565,0.3198932237097072
6516,10.770476795895272,10.450583572185565,0.3198932237097072
6517,10.770476795895272,10.450583572185565,0.3198932237097072
6518,10.770476795895272,10.450583572185565,0.3198932237097072
6519,10.770476795895272,10.450583572185565,0.3198932237097072
6520,10.770476795895272,10.450583572185565,0.3198932237097072
6521,10.770476795895272,10.450583572185565,0.3198932237097072
6522,10.770476795895272,10.450583572185565,0.3198932237097072
6523,10.770476795895272,10.450583572185565,0.3198932237097072
6524,10.770476795895272,10.450583572185565,0.3198932237097072
6525,10.770476795895272,10.450583572185565,0.3198932237097072
6526,10.770476795895272,10.450583572185565,0.3198932237097072
6527,10.770476795895272,10.450583572185565,0.3198932237097072
6528,10.770476795895272,10.450583572185565,0.3198932237097072
6529,10.770476795895272,10.450583572185565,0.3198932237097072
6530,10.770476795895272,10.450583572185565,0.3198932237097072
6531,10.770476795895272,10.450583572185565,0.3198932237097072
6532,10.770476795895272,10.450583572185565,0.3198932237097072
6533,10.770476795895272,10.450583572185565,0.3198932237097072
6534,10.770476795895272,10.450583572185565,0.3198932237097072
6535,10.770476795895272,10.450583572185565,0.3198932237097072
6536,10.770476795895272,10.450583572185565,0.3198932237097072
6537,10.770476795895272,10.450583572185565,0.3198932237097072
6538,10.770476795895272,10.450583572185565,0.3198932237097072
6539,10.770476795895272,10.450583572185565,0.3198932237097072
6540,10.770476795895272,10.450583572185565,0.3198932237097072
6541,10.770476795895272,10.450583572185565,0.3198932237097072
6542,10.770476795895272,10.450583572185565,0.3198932237097072
6543,10.770476795895272,10.450583572185565,0.3198932237097072
6544,10.770476795895272,10.450583572185565,0.3198932237097072
6545,10.770476795895272,10.450583572185565,0.3198932237097072
6546,10.770476795895272,10.450583572185565,0.3198932237097072
6547,10.770476795895272,10.450583572185565,0.3198932237097072
6548,10.770476795895272,10.450583572185565,0.3198932237097072
6549,10.770476795895272,10.450583572185565,0.3198932237097072
6550,10.770476795895272,10.450583572185565,0.3198932237097072
6551,10.770476795895272,10.450583572185565,0.3198932237097072
6552,10.770476795895272,10.450583572185565,0.3198932237097072
6553,10.770476795895272,10.450583572185565,0.3198932237097072
6554,10.770476795895272,10.450583572185565,0.3198932237097072
6555,10.770476795895272,10.450583572185565,0.3198932237097072
6556,10.770476795895272,10.450583572185565,0.3198932237097072
6557,10.770476795895272,10.450583572185565,0.3198932237097072
6558,10.770476795895272,10.450583572185565,0.3198932237097072
6559,10.770476795895272,10.450583572185565,0.3198932237097072
6560,10.770476795895272,10.450583572185565,0.3198932237097072
6561,10.770476795895272,10.450583572185565,0.3198932237097072
6562,10.770476795895272,10.450583572185565,0.3198932237097072
6563,10.770476795895272,10.450583572185565,0.3198932237097072
6564,10.770476795895272,10.450583572185565,0.3198932237097072
6565,10.770476795895272,10.450583572185565,0.3198932237097072
6566,10.770476795895272,10.450583572185565,0.3198932237097072
6567,10.770476795895272,10.450583572185565,0.3198932237097072
6568,10.770476795895272,10.450583572185565,0.3198932237097072
6569,10.770476795895272,10.450583572185565,0.3198932237097072
6570,10.770476795895272,10.450583572185565,0.3198932237097072
6571,10.770476795895272,10.450583572185565,0.3198932237097072
6572,10.770476795895272,10.450583572185565,0.3198932237097072
6573,10.770476795895272,10.450583572185565,0.3198932237097072
6574,10.770476795895272,10.450583572185565,0.3198932237097072
6575,10.770476795895272,10.450583572185565,0.3198932237097072
6576,10.770476795895272,10.450583572185565,0.3198932237097072
6577,10.770476795895272,10.450583572185565,0.3198932237097072
6578,10.770476795895272,10.450583572185565,0.3198932237097072
6579,10.770476795895272,10.450583572185565,0.3198932237097072
6580,10.770476795895272,10.450583572185565,0.3198932237097072
6581,10.770476795895272,10.450583572185565,0.3198932237097072
6582,10.770476795895272,10.450583572185565,0.3198932237097072
6583,10.770476795895272,10.450583572185565,0.3198932237097072
6584,10.770476795895272,10.450583572185565,0.3198932237097072
6585,10.770476795895272,10.450583572185565,0.3198932237097072
6586,10.770476795895272,10.450583572185565,0.3198932237097072
6587,10.770476795895272,10.450583572185565,0.3198932237097072
6588,10.770476795895272,10.450583572185565,0.3198932237097072
6589,10.770476795895272,10.450583572185565,0.3198932237097072
6590,10.770476795895272,10.450583572185565,0.3198932237097072
6591,10.770476795895272,10.450583572185565,0.3198932237097072
6592,10.770476795895272,10.450583572185565,0.3198932237097072
6593,10.770476795895272,10.450583572185565,0.3198932237097072
6594,10.770476795895272,10.450583572185565,0.3198932237097072
6595,10.770476795895272,10.450583572185565,0.3198932237097072
6596,10.770476795895272,10.450583572185565,0.3198932237097072
6597,10.770476795895272,10.450583572185565,0.3198932237097072
6598,10.770476795895272,10.450583572185565,0.3198932237097072
6599,10.770476795895272,10.450583572185565,0.3198932237097072
6600,10.770476795895272,10.450583572185565,0.3198932237097072
6601,10.770476795895272,10.450583572185565,0.3198932237097072
6602,10.770476795895272,10.450583572185565,0.3198932237097072
6603,10.770476795895272,10.450583572185565,0.3198932237097072
6604,10.770476795895272,10.450583572185565,0.3198932237097072
6605,10.770476795895272,10.450583572185565,0.3198932237097072
6606,10.770476795895272,10.450583572185565,0.3198932237097072
6607,10.770476795895272,10.450583572185565,0.3198932237097072
6608,10.770476795895272,10.450583572185565,0.3198932237097072
6609,10.770476795895272,10.450583572185565,0.3198932237097072
6610,10.770476795895272,10.450583572185565,0.3198932237097072
6611,10.770476795895272,10.450583572185565,0.3198932237097072
6612,10.770476795895272,10.450583572185565,0.3198932237097072
6613,10.770476795895272,10.450583572185565,0.3198932237097072
6614,10.770476795895272,10.450583572185565,0.3198932237097072
6615,10.770476795895272,10.450583572185565,0.3198932237097072
6616,10.770476795895272,10.450583572185565,0.3198932237097072
6617,10.770476795895272,10.450583572185565,0.3198932237097072
6618,10.770476795895272,10.450583572185565,0.3198932237097072
6619,10.770476795895272,10.450583572185565,0.3198932237097072
6620,10.770476795895272,10.450583572185565,0.3198932237097072
6621,10.770476795895272,10.450583572185565,0.3198932237097072
6622,10.770476795895272,10.450583572185565,0.3198932237097072
6623,10.770476795895272,10.450583572185565,0.3198932237097072
6624,10.770476795895272,10.450583572185565,0.3198932237097072
6625,10.770476795895272,10.450583572185565,0.3198932237097072
6626,10.770476795895272,10.450583572185565,0.3198932237097072
6627,10.770476795895272,10.450583572185565,0.3198932237097072
6628,10.770476795895272,10.450583572185565,0.3198932237097072
6629,10.770476795895272,10.450583572185565,0.3198932237097072
6630,10.770476795895272,10.450583572185565,0.3198932237097072
6631,10.770476795895272,10.450583572185565,0.3198932237097072
6632,10.770476795895272,10.450583572185565,0.3198932237097072
6633,10.770476795895272,10.450583572185565,0.3198932237097072
6634,10.770476795895272,10.450583572185565,0.3198932237097072
6635,10.770476795895272,10.450583572185565,0.3198932237097072
6636,10.770476795895272,10.450583572185565,0.3198932237097072
6637,10.770476795895272,10.450583572185565,0.3198932237097072
6638,10.770476795895272,10.450583572185565,0.3198932237097072
6639,10.770476795895272,10.450583572185565,0.3198932237097072
6640,10.770476795895272,10.450583572185565,0.3198932237097072
6641,10.770476795895272,10.450583572185565,0.3198932237097072
6642,10.770476795895272,10.450583572185565,0.3198932237097072
6643,10.770476795895272,10.450583572185565,0.3198932237097072
6644,10.770476795895272,10.450583572185565,0.3198932237097072
6645,10.770476795895272,10.450583572185565,0.3198932237097072
6646,10.770476795895272,10.450583572185565,0.3198932237097072
6647,10.770476795895272,10.450583572185565,0.3198932237097072
6648,10.770476795895272,10.450583572185565,0.3198932237097072
6649,10.770476795895272,10.450583572185565,0.3198932237097072
6650,10.770476795895272,10.450583572185565,0.3198932237097072
6651,10.770476795895272,10.450583572185565,0.3198932237097072
6652,10.770476795895272,10.450583572185565,0.3198932237097072
6653,10.770476795895272,10.450583572185565,0.3198932237097072
6654,10.770476795895272,10.450583572185565,0.3198932237097072
6655,10.770476795895272,10.450583572185565,0.3198932237097072
6656,10.770476795895272,10.450583572185565,0.3198932237097072
6657,10.770476795895272,10.450583572185565,0.3198932237097072
6658,10.770476795895272,10.450583572185565,0.3198932237097072
6659,10.770476795895272,10.450583572185565,0.3198932237097072
6660,10.770476795895272,10.450583572185565,0.3198932237097072
6661,10.770476795895272,10.450583572185565,0.3198932237097072
6662,10.770476795895272,10.450583572185565,0.3198932237097072
6663,10.770476795895272,10.450583572185565,0.3198932237097072
6664,10.770476795895272,10.450583572185565,0.3198932237097072
6665,10.770476795895272,10.450583572185565,0.3198932237097072
6666,10.770476795895272,10.450583572185565,0.3198932237097072
6667,10.770476795895272,10.450583572185565,0.3198932237097072
6668,10.770476795895272,10.450583572185565,0.3198932237097072
6669,10.770476795895272,10.450583572185565,0.3198932237097072
6670,10.770476795895272,10.450583572185565,0.3198932237097072
6671,10.770476795895272,10.450583572185565,0.3198932237097072
6672,10.770476795895272,10.450583572185565,0.3198932237097072
6673,10.770476795895272,10.450583572185565,0.3198932237097072
6674,10.770476795895272,10.450583572185565,0.3198932237097072
6675,10.770476795895272,10.450583572185565,0.3198932237097072
6676,10.770476795895272,10.450583572185565,0.3198932237097072
6677,10.770476795895272,10.450583572185565,0.3198932237097072
6678,10.770476795895272,10.450583572185565,0.3198932237097072
6679,10.770476795895272,10.450583572185565,0.3198932237097072
6680,10.770476795895272,10.450583572185565,0.3198932237097072
6681,10.770476795895272,10.450583572185565,0.3198932237097072
6682,10.770476795895272,10.450583572185565,0.3198932237097072
6683,10.770476795895272,10.450583572185565,0.3198932237097072
6684,10.770476795895272,10.450583572185565,0.3198932237097072
6685,10.770476795895272,10.450583572185565,0.3198932237097072
6686,10.770476795895272,10.450583572185565,0.3198932237097072
6687,10.770476795895272,10.450583572185565,0.3198932237097072
6688,10.770476795895272,10.450583572185565,0.3198932237097072
6689,10.770476795895272,10.450583572185565,0.3198932237097072
6690,10.770476795895272,10.450583572185565,0.3198932237097072
6691,10.770476795895272,10.450583572185565,0.3198932237097072
6692,10.770476795895272,10.450583572185565,0.3198932237097072
6693,10.770476795895272,10.450583572185565,0.3198932237097072
6694,10.770476795895272,10.450583572185565,0.3198932237097072
6695,10.770476795895272,10.450583572185565,0.3198932237097072
6696,10.770476795895272,10.450583572185565,0.3198932237097072
6697,10.770476795895272,10.450583572185565,0.3198932237097072
6698,10.770476795895272,10.450583572185565,0.3198932237097072
6699,10.770476795895272,10.450583572185565,0.3198932237097072
6700,10.770476795895272,10.450583572185565,0.3198932237097072
6701,10.770476795895272,10.450583572185565,0.3198932237097072
6702,10.770476795895272,10.450583572185565,0.3198932237097072
6703,10.770476795895272,10.450583572185565,0.3198932237097072
6704,10.770476795895272,10.450583572185565,0.3198932237097072
6705,10.770476795895272,10.450583572185565,0.3198932237097072
6706,10.770476795895272,10.450583572185565,0.3198932237097072
6707,10.770476795895272,10.450583572185565,0.3198932237097072
6708,10.770476795895272,10.450583572185565,0.3198932237097072
6709,10.770476795895272,10.450583572185565,0.3198932237097072
6710,10.770476795895272,10.450583572185565,0.3198932237097072
6711,10.770476795895272,10.450583572185565,0.3198932237097072
6712,10.770476795895272,10.450583572185565,0.3198932237097072
6713,10.770476795895272,10.450583572185565,0.3198932237097072
6714,10.770476795895272,10.450583572185565,0.3198932237097072
6715,10.770476795895272,10.450583572185565,0.3198932237097072
6716,10.770476795895272,10.450583572185565,0.3198932237097072
6717,10.770476795895272,10.450583572185565,0.3198932237097072
6718,10.770476795895272,10.450583572185565,0.3198932237097072
6719,10.770476795895272,10.450583572185565,0.3198932237097072
6720,10.770476795895272,10.450583572185565,0.3198932237097072
6721,10.770476795895272,10.450583572185565,0.3198932237097072
6722,10.770476795895272,10.450583572185565,0.3198932237097072
6723,10.770476795895272,10.450583572185565,0.3198932237097072
6724,10.770476795895272,10.450583572185565,0.3198932237097072
6725,10.770476795895272,10.450583572185565,0.3198932237097072
6726,10.770476795895272,10.450583572185565,0.3198932237097072
6727,10.770476795895272,10.450583572185565,0.3198932237097072
6728,10.770476795895272,10.450583572185565,0.3198932237097072
6729,10.770476795895272,10.450583572185565,0.3198932237097072
6730,10.770476795895272,10.450583572185565,0.3198932237097072
6731,10.770476795895272,10.450583572185565,0.3198932237097072
6732,10.770476795895272,10.450583572185565,0.3198932237097072
6733,10.770476795895272,10.450583572185565,0.3198932237097072
6734,10.770476795895272,10.450583572185565,0.3198932237097072
6735,10.770476795895272,10.450583572185565,0.3198932237097072
6736,10.770476795895272,10.450583572185565,0.3198932237097072
6737,10.770476795895272,10.450583572185565,0.3198932237097072
6738,10.770476795895272,10.450583572185565,0.3198932237097072
6739,10.770476795895272,10.450583572185565,0.3198932237097072
6740,10.770476795895272,10.450583572185565,0.3198932237097072
6741,10.770476795895272,10.450583572185565,0.3198932237097072
6742,10.770476795895272,10.450583572185565,0.3198932237097072
6743,10.770476795895272,10.450583572185565,0.3198932237097072
6744,10.770476795895272,10.450583572185565,0.3198932237097072
6745,10.770476795895272,10.450583572185565,0.3198932237097072
6746,10.770476795895272,10.450583572185565,0.3198932237097072
6747,10.770476795895272,10.450583572185565,0.3198932237097072
6748,10.770476795895272,10.450583572185565,0.3198932237097072
6749,10.770476795895272,10.450583572185565,0.3198932237097072
6750,10.770476795895272,10.450583572185565,0.3198932237097072
6751,10.770476795895272,10.450583572185565,0.3198932237097072
6752,10.770476795895272,10.450583572185565,0.3198932237097072
6753,10.770476795895272,10.450583572185565,0.3198932237097072
6754,10.770476795895272,10.450583572185565,0.3198932237097072
6755,10.770476795895272,10.450583572185565,0.3198932237097072
6756,10.770476795895272,10.450583572185565,0.3198932237097072
6757,10.770476795895272,10.450583572185565,0.3198932237097072
6758,10.770476795895272,10.450583572185565,0.3198932237097072
6759,10.770476795895272,10.450583572185565,0.3198932237097072
6760,10.770476795895272,10.450583572185565,0.3198932237097072
6761,10.770476795895272,10.450583572185565,0.3198932237097072
6762,10.770476795895272,10.450583572185565,0.3198932237097072
6763,10.770476795895272,10.450583572185565,0.3198932237097072
6764,10.770476795895272,10.450583572185565,0.3198932237097072
6765,10.770476795895272,10.450583572185565,0.3198932237097072
6766,10.770476795895272,10.450583572185565,0.3198932237097072
6767,10.770476795895272,10.450583572185565,0.3198932237097072
6768,10.770476795895272,10.450583572185565,0.3198932237097072
6769,10.770476795895272,10.450583572185565,0.3198932237097072
6770,10.770476795895272,10.450583572185565,0.3198932237097072
6771,10.770476795895272,10.450583572185565,0.3198932237097072
6772,10.770476795895272,10.450583572185565,0.3198932237097072
6773,10.770476795895272,10.450583572185565,0.3198932237097072
6774,10.770476795895272,10.450583572185565,0.3198932237097072
6775,10.770476795895272,10.450583572185565,0.3198932237097072
6776,10.770476795895272,10.450583572185565,0.3198932237097072
6777,10.770476795895272,10.450583572185565,0.3198932237097072
6778,10.770476795895272,10.450583572185565,0.3198932237097072
6779,10.770476795895272,10.450583572185565,0.3198932237097072
6780,10.770476795895272,10.450583572185565,0.3198932237097072
6781,10.770476795895272,10.450583572185565,0.3198932237097072
6782,10.770476795895272,10.450583572185565,0.3198932237097072
6783,10.770476795895272,10.450583572185565,0.3198932237097072
6784,10.770476795895272,10.450583572185565,0.3198932237097072
6785,10.770476795895272,10.450583572185565,0.3198932237097072
6786,10.770476795895272,10.450583572185565,0.3198932237097072
6787,10.770476795895272,10.450583572185565,0.3198932237097072
6788,10.770476795895272,10.450583572185565,0.3198932237097072
6789,10.770476795895272,10.450583572185565,0.3198932237097072
6790,10.770476795895272,10.450583572185565,0.3198932237097072
6791,10.770476795895272,10.450583572185565,0.3198932237097072
6792,10.770476795895272,10.450583572185565,0.3198932237097072
6793,10.770476795895272,10.450583572185565,0.3198932237097072
6794,10.770476795895272,10.450583572185565,0.3198932237097072
6795,10.770476795895272,10.450583572185565,0.3198932237097072
6796,10.770476795895272,10.450583572185565,0.3198932237097072
6797,10.770476795895272,10.450583572185565,0.3198932237097072
6798,10.770476795895272,10.450583572185565,0.3198932237097072
6799,10.770476795895272,10.450583572185565,0.3198932237097072
6800,10.770476795895272,10.450583572185565,0.3198932237097072
6801,10.770476795895272,10.450583572185565,0.3198932237097072
6802,10.770476795895272,10.450583572185565,0.3198932237097072
6803,10.770476795895272,10.450583572185565,0.3198932237097072
6804,10.770476795895272,10.450583572185565,0.3198932237097072
6805,10.770476795895272,10.450583572185565,0.3198932237097072
6806,10.770476795895272,10.450583572185565,0.3198932237097072
6807,10.770476795895272,10.450583572185565,0.3198932237097072
6808,10.770476795895272,10.450583572185565,0.3198932237097072
6809,10.770476795895272,10.450583572185565,0.3198932237097072
6810,10.770476795895272,10.450583572185565,0.3198932237097072
6811,10.770476795895272,10.450583572185565,0.3198932237097072
6812,10.770476795895272,10.450583572185565,0.3198932237097072
6813,10.770476795895272,10.450583572185565,0.3198932237097072
6814,10.770476795895272,10.450583572185565,0.3198932237097072
6815,10.770476795895272,10.450583572185565,0.3198932237097072
6816,10.770476795895272,10.450583572185565,0.3198932237097072
6817,10.770476795895272,10.450583572185565,0.3198932237097072
6818,10.770476795895272,10.450583572185565,0.3198932237097072
6819,10.770476795895272,10.450583572185565,0.3198932237097072
6820,10.770476795895272,10.450583572185565,0.3198932237097072
6821,10.770476795895272,10.450583572185565,0.3198932237097072
6822,10.770476795895272,10.450583572185565,0.3198932237097072
6823,10.770476795895272,10.450583572185565,0.3198932237097072
6824,10.770476795895272,10.450583572185565,0.3198932237097072
6825,10.770476795895272,10.450583572185565,0.3198932237097072
6826,10.770476795895272,10.450583572185565,0.3198932237097072
6827,10.770476795895272,10.450583572185565,0.3198932237097072
6828,10.770476795895272,10.450583572185565,0.3198932237097072
6829,10.770476795895272,10.450583572185565,0.3198932237097072
6830,10.770476795895272,10.450583572185565,0.3198932237097072
6831,10.770476795895272,10.450583572185565,0.3198932237097072
6832,10.770476795895272,10.450583572185565,0.3198932237097072
6833,10.770476795895272,10.450583572185565,0.3198932237097072
6834,10.770476795895272,10.450583572185565,0.3198932237097072
6835,10.770476795895272,10.450583572185565,0.3198932237097072
6836,10.770476795895272,10.450583572185565,0.3198932237097072
6837,10.770476795895272,10.450583572185565,0.3198932237097072
6838,10.770476795895272,10.450583572185565,0.3198932237097072
6839,10.770476795895272,10.450583572185565,0.3198932237097072
6840,10.770476795895272,10.450583572185565,0.3198932237097072
6841,10.770476795895272,10.450583572185565,0.3198932237097072
6842,10.770476795895272,10.450583572185565,0.3198932237097072
6843,10.770476795895272,10.450583572185565,0.3198932237097072
6844,10.770476795895272,10.450583572185565,0.3198932237097072
6845,10.770476795895272,10.450583572185565,0.3198932237097072
6846,10.770476795895272,10.450583572185565,0.3198932237097072
6847,10.770476795895272,10.450583572185565,0.3198932237097072
6848,10.770476795895272,10.450583572185565,0.3198932237097072
6849,10.770476795895272,10.450583572185565,0.3198932237097072
6850,10.770476795895272,10.450583572185565,0.3198932237097072
6851,10.770476795895272,10.450583572185565,0.3198932237097072
6852,10.770476795895272,10.450583572185565,0.3198932237097072
6853,10.770476795895272,10.450583572185565,0.3198932237097072
6854,10.770476795895272,10.450583572185565,0.3198932237097072
6855,10.770476795895272,10.450583572185565,0.3198932237097072
6856,10.770476795895272,10.450583572185565,0.3198932237097072
6857,10.770476795895272,10.450583572185565,0.3198932237097072
6858,10.770476795895272,10.450583572185565,0.3198932237097072
6859,10.770476795895272,10.450583572185565,0.3198932237097072
6860,10.770476795895272,10.450583572185565,0.3198932237097072
6861,10.770476795895272,10.450583572185565,0.3198932237097072
6862,10.770476795895272,10.450583572185565,0.3198932237097072
6863,10.770476795895272,10.450583572185565,0.3198932237097072
6864,10.770476795895272,10.450583572185565,0.3198932237097072
6865,10.770476795895272,10.450583572185565,0.3198932237097072
6866,10.770476795895272,10.450583572185565,0.3198932237097072
6867,10.770476795895272,10.450583572185565,0.3198932237097072
6868,10.770476795895272,10.450583572185565,0.3198932237097072
6869,10.770476795895272,10.450583572185565,0.3198932237097072
6870,10.770476795895272,10.450583572185565,0.3198932237097072
6871,10.770476795895272,10.450583572185565,0.3198932237097072
6872,10.770476795895272,10.450583572185565,0.3198932237097072
6873,10.770476795895272,10.450583572185565,0.3198932237097072
6874,10.770476795895272,10.450583572185565,0.3198932237097072
6875,10.770476795895272,10.450583572185565,0.3198932237097072
6876,10.770476795895272,10.450583572185565,0.3198932237097072
6877,10.770476795895272,10.450583572185565,0.3198932237097072
6878,10.770476795895272,10.450583572185565,0.3198932237097072
6879,10.770476795895272,10.450583572185565,0.3198932237097072
6880,10.770476795895272,10.450583572185565,0.3198932237097072
6881,10.770476795895272,10.450583572185565,0.3198932237097072
6882,10.770476795895272,10.450583572185565,0.3198932237097072
6883,10.770476795895272,10.450583572185565,0.3198932237097072
6884,10.770476795895272,10.450583572185565,0.3198932237097072
6885,10.770476795895272,10.450583572185565,0.3198932237097072
6886,10.770476795895272,10.450583572185565,0.3198932237097072
6887,10.770476795895272,10.450583572185565,0.3198932237097072
6888,10.770476795895272,10.450583572185565,0.3198932237097072
6889,10.770476795895272,10.450583572185565,0.3198932237097072
6890,10.770476795895272,10.450583572185565,0.3198932237097072
6891,10.770476795895272,10.450583572185565,0.3198932237097072
6892,10.770476795895272,10.450583572185565,0.3198932237097072
6893,10.770476795895272,10.450583572185565,0.3198932237097072
6894,10.770476795895272,10.450583572185565,0.3198932237097072
6895,10.770476795895272,10.450583572185565,0.3198932237097072
6896,10.770476795895272,10.450583572185565,0.3198932237097072
6897,10.770476795895272,10.450583572185565,0.3198932237097072
6898,10.770476795895272,10.450583572185565,0.3198932237097072
6899,10.770476795895272,10.450583572185565,0.3198932237097072
6900,10.770476795895272,10.450583572185565,0.3198932237097072
6901,10.770476795895272,10.450583572185565,0.3198932237097072
6902,10.770476795895272,10.450583572185565,0.3198932237097072
6903,10.770476795895272,10.450583572185565,0.3198932237097072
6904,10.770476795895272,10.450583572185565,0.3198932237097072
6905,10.770476795895272,10.450583572185565,0.3198932237097072
6906,10.770476795895272,10.450583572185565,0.3198932237097072
6907,10.770476795895272,10.450583572185565,0.3198932237097072
6908,10.770476795895272,10.450583572185565,0.3198932237097072
6909,10.770476795895272,10.450583572185565,0.3198932237097072
6910,10.770476795895272,10.450583572185565,0.3198932237097072
6911,10.770476795895272,10.450583572185565,0.3198932237097072
6912,10.770476795895272,10.450583572185565,0.3198932237097072
6913,10.770476795895272,10.450583572185565,0.3198932237097072
6914,10.770476795895272,10.450583572185565,0.3198932237097072
6915,10.770476795895272,10.450583572185565,0.3198932237097072
6916,10.770476795895272,10.450583572185565,0.3198932237097072
6917,10.770476795895272,10.450583572185565,0.3198932237097072
6918,10.770476795895272,10.450583572185565,0.3198932237097072
6919,10.770476795895272,10.450583572185565,0.3198932237097072
6920,10.770476795895272,10.450583572185565,0.3198932237097072
6921,10.770476795895272,10.450583572185565,0.3198932237097072
6922,10.770476795895272,10.450583572185565,0.3198932237097072
6923,10.770476795895272,10.450583572185565,0.3198932237097072
6924,10.770476795895272,10.450583572185565,0.3198932237097072
6925,10.770476795895272,10.450583572185565,0.3198932237097072
6926,10.770476795895272,10.450583572185565,0.3198932237097072
6927,10.770476795895272,10.450583572185565,0.3198932237097072
6928,10.770476795895272,10.450583572185565,0.3198932237097072
6929,10.770476795895272,10.450583572185565,0.3198932237097072
6930,10.770476795895272,10.450583572185565,0.3198932237097072
6931,10.770476795895272,10.450583572185565,0.3198932237097072
6932,10.770476795895272,10.450583572185565,0.3198932237097072
6933,10.770476795895272,10.450583572185565,0.3198932237097072
6934,10.770476795895272,10.450583572185565,0.3198932237097072
6935,10.770476795895272,10.450583572185565,0.3198932237097072
6936,10.770476795895272,10.450583572185565,0.3198932237097072
6937,10.770476795895272,10.450583572185565,0.3198932237097072
6938,10.770476795895272,10.450583572185565,0.3198932237097072
6939,10.770476795895272,10.450583572185565,0.3198932237097072
6940,10.770476795895272,10.450583572185565,0.3198932237097072
6941,10.770476795895272,10.450583572185565,0.3198932237097072
6942,10.770476795895272,10.450583572185565,0.3198932237097072
6943,10.770476795895272,10.450583572185565,0.3198932237097072
6944,10.770476795895272,10.450583572185565,0.3198932237097072
6945,10.770476795895272,10.450583572185565,0.3198932237097072
6946,10.770476795895272,10.450583572185565,0.3198932237097072
6947,10.770476795895272,10.450583572185565,0.3198932237097072
6948,10.770476795895272,10.450583572185565,0.3198932237097072
6949,10.770476795895272,10.450583572185565,0.3198932237097072
6950,10.770476795895272,10.450583572185565,0.3198932237097072
6951,10.770476795895272,10.450583572185565,0.3198932237097072
6952,10.770476795895272,10.450583572185565,0.3198932237097072
6953,10.770476795895272,10.450583572185565,0.3198932237097072
6954,10.770476795895272,10.450583572185565,0.3198932237097072
6955,10.770476795895272,10.450583572185565,0.3198932237097072
6956,10.770476795895272,10.450583572185565,0.3198932237097072
6957,10.770476795895272,10.450583572185565,0.3198932237097072
6958,10.770476795895272,10.450583572185565,0.3198932237097072
6959,10.770476795895272,10.450583572185565,0.3198932237097072
6960,10.770476795895272,10.450583572185565,0.3198932237097072
6961,10.770476795895272,10.450583572185565,0.3198932237097072
6962,10.770476795895272,10.450583572185565,0.3198932237097072
6963,10.770476795895272,10.450583572185565,0.3198932237097072
6964,10.770476795895272,10.450583572185565,0.3198932237097072
6965,10.770476795895272,10.450583572185565,0.3198932237097072
6966,10.770476795895272,10.450583572185565,0.3198932237097072
6967,10.770476795895272,10.450583572185565,0.3198932237097072
6968,10.770476795895272,10.450583572185565,0.3198932237097072
6969,10.770476795895272,10.450583572185565,0.3198932237097072
6970,10.770476795895272,10.450583572185565,0.3198932237097072
6971,10.770476795895272,10.450583572185565,0.3198932237097072
6972,10.770476795895272,10.450583572185565,0.3198932237097072
6973,10.770476795895272,10.450583572185565,0.3198932237097072
6974,10.770476795895272,10.450583572185565,0.3198932237097072
6975,10.770476795895272,10.450583572185565,0.3198932237097072
6976,10.770476795895272,10.450583572185565,0.3198932237097072
6977,10.770476795895272,10.450583572185565,0.3198932237097072
6978,10.770476795895272,10.450583572185565,0.3198932237097072
6979,10.770476795895272,10.450583572185565,0.3198932237097072
6980,10.770476795895272,10.450583572185565,0.3198932237097072
6981,10.770476795895272,10.450583572185565,0.3198932237097072
6982,10.770476795895272,10.450583572185565,0.3198932237097072
6983,10.770476795895272,10.450583572185565,0.3198932237097072
6984,10.770476795895272,10.450583572185565,0.3198932237097072
6985,10.770476795895272,10.450583572185565,0.3198932237097072
6986,10.770476795895272,10.450583572185565,0.3198932237097072
6987,10.770476795895272,10.450583572185565,0.3198932237097072
6988,10.770476795895272,10.450583572185565,0.3198932237097072
6989,10.770476795895272,10.450583572185565,0.3198932237097072
6990,10.770476795895272,10.450583572185565,0.3198932237097072
6991,10.770476795895272,10.450583572185565,0.3198932237097072
6992,10.770476795895272,10.450583572185565,0.3198932237097072
6993,10.770476795895272,10.450583572185565,0.3198932237097072
6994,10.770476795895272,10.450583572185565,0.3198932237097072
6995,10.770476795895272,10.450583572185565,0.3198932237097072
6996,10.770476795895272,10.450583572185565,0.3198932237097072
6997,10.770476795895272,10.450583572185565,0.3198932237097072
6998,10.770476795895272,10.450583572185565,0.3198932237097072
6999,10.770476795895272,10.450583572185565,0.3198932237097072
7000,10.770476795895272,10.450583572185565,0.3198932237097072
7001,10.770476795895272,10.450583572185565,0.3198932237097072
7002,10.770476795895272,10.450583572185565,0.3198932237097072
7003,10.770476795895272,10.450583572185565,0.3198932237097072
7004,10.770476795895272,10.450583572185565,0.3198932237097072
7005,10.770476795895272,10.450583572185565,0.3198932237097072
7006,10.770476795895272,10.450583572185565,0.3198932237097072
7007,10.770476795895272,10.450583572185565,0.3198932237097072
7008,10.770476795895272,10.450583572185565,0.3198932237097072
7009,10.770476795895272,10.450583572185565,0.3198932237097072
7010,10.770476795895272,10.450583572185565,0.3198932237097072
7011,10.770476795895272,10.450583572185565,0.3198932237097072
7012,10.770476795895272,10.450583572185565,0.3198932237097072
7013,10.770476795895272,10.450583572185565,0.3198932237097072
7014,10.770476795895272,10.450583572185565,0.3198932237097072
7015,10.770476795895272,10.450583572185565,0.3198932237097072
7016,10.770476795895272,10.450583572185565,0.3198932237097072
7017,10.770476795895272,10.450583572185565,0.3198932237097072
7018,10.770476795895272,10.450583572185565,0.3198932237097072
7019,10.770476795895272,10.450583572185565,0.3198932237097072
7020,10.770476795895272,10.450583572185565,0.3198932237097072
7021,10.770476795895272,10.450583572185565,0.3198932237097072
7022,10.770476795895272,10.450583572185565,0.3198932237097072
7023,10.770476795895272,10.450583572185565,0.3198932237097072
7024,10.770476795895272,10.450583572185565,0.3198932237097072
7025,10.770476795895272,10.450583572185565,0.3198932237097072
7026,10.770476795895272,10.450583572185565,0.3198932237097072
7027,10.770476795895272,10.450583572185565,0.3198932237097072
7028,10.770476795895272,10.450583572185565,0.3198932237097072
7029,10.770476795895272,10.450583572185565,0.3198932237097072
7030,10.770476795895272,10.450583572185565,0.3198932237097072
7031,10.770476795895272,10.450583572185565,0.3198932237097072
7032,10.770476795895272,10.450583572185565,0.3198932237097072
7033,10.770476795895272,10.450583572185565,0.3198932237097072
7034,10.770476795895272,10.450583572185565,0.3198932237097072
7035,10.770476795895272,10.450583572185565,0.3198932237097072
7036,10.770476795895272,10.450583572185565,0.3198932237097072
7037,10.770476795895272,10.450583572185565,0.3198932237097072
7038,10.770476795895272,10.450583572185565,0.3198932237097072
7039,10.770476795895272,10.450583572185565,0.3198932237097072
7040,10.770476795895272,10.450583572185565,0.3198932237097072
7041,10.770476795895272,10.450583572185565,0.3198932237097072
7042,10.770476795895272,10.450583572185565,0.3198932237097072
7043,10.770476795895272,10.450583572185565,0.3198932237097072
7044,10.770476795895272,10.450583572185565,0.3198932237097072
7045,10.770476795895272,10.450583572185565,0.3198932237097072
7046,10.770476795895272,10.450583572185565,0.3198932237097072
7047,10.770476795895272,10.450583572185565,0.3198932237097072
7048,10.770476795895272,10.450583572185565,0.3198932237097072
7049,10.770476795895272,10.450583572185565,0.3198932237097072
7050,10.770476795895272,10.450583572185565,0.3198932237097072
7051,10.770476795895272,10.450583572185565,0.3198932237097072
7052,10.770476795895272,10.450583572185565,0.3198932237097072
7053,10.770476795895272,10.450583572185565,0.3198932237097072
7054,10.770476795895272,10.450583572185565,0.3198932237097072
7055,10.770476795895272,10.450583572185565,0.3198932237097072
7056,10.770476795895272,10.450583572185565,0.3198932237097072
7057,10.770476795895272,10.450583572185565,0.3198932237097072
7058,10.770476795895272,10.450583572185565,0.3198932237097072
7059,10.770476795895272,10.450583572185565,0.3198932237097072
7060,10.770476795895272,10.450583572185565,0.3198932237097072
7061,10.770476795895272,10.450583572185565,0.3198932237097072
7062,10.770476795895272,10.450583572185565,0.3198932237097072
7063,10.770476795895272,10.450583572185565,0.3198932237097072
7064,10.770476795895272,10.450583572185565,0.3198932237097072
7065,10.770476795895272,10.450583572185565,0.3198932237097072
7066,10.770476795895272,10.450583572185565,0.3198932237097072
7067,10.770476795895272,10.450583572185565,0.3198932237097072
7068,10.770476795895272,10.450583572185565,0.3198932237097072
7069,10.770476795895272,10.450583572185565,0.3198932237097072
7070,10.770476795895272,10.450583572185565,0.3198932237097072
7071,10.770476795895272,10.450583572185565,0.3198932237097072
7072,10.770476795895272,10.450583572185565,0.3198932237097072
7073,10.770476795895272,10.450583572185565,0.3198932237097072
7074,10.770476795895272,10.450583572185565,0.3198932237097072
7075,10.770476795895272,10.450583572185565,0.3198932237097072
7076,10.770476795895272,10.450583572185565,0.3198932237097072
7077,10.770476795895272,10.450583572185565,0.3198932237097072
7078,10.770476795895272,10.450583572185565,0.3198932237097072
7079,10.770476795895272,10.450583572185565,0.3198932237097072
7080,10.770476795895272,10.450583572185565,0.3198932237097072
7081,10.770476795895272,10.450583572185565,0.3198932237097072
7082,10.770476795895272,10.450583572185565,0.3198932237097072
7083,10.770476795895272,10.450583572185565,0.3198932237097072
7084,10.770476795895272,10.450583572185565,0.3198932237097072
7085,10.770476795895272,10.450583572185565,0.3198932237097072
7086,10.770476795895272,10.450583572185565,0.3198932237097072
7087,10.770476795895272,10.450583572185565,0.3198932237097072
7088,10.770476795895272,10.450583572185565,0.3198932237097072
7089,10.770476795895272,10.450583572185565,0.3198932237097072
7090,10.770476795895272,10.450583572185565,0.3198932237097072
7091,10.770476795895272,10.450583572185565,0.3198932237097072
7092,10.770476795895272,10.450583572185565,0.3198932237097072
7093,10.770476795895272,10.450583572185565,0.3198932237097072
7094,10.770476795895272,10.450583572185565,0.3198932237097072
7095,10.770476795895272,10.450583572185565,0.3198932237097072
7096,10.770476795895272,10.450583572185565,0.3198932237097072
7097,10.770476795895272,10.450583572185565,0.3198932237097072
7098,10.770476795895272,10.450583572185565,0.3198932237097072
7099,10.770476795895272,10.450583572185565,0.3198932237097072
7100,10.770476795895272,10.450583572185565,0.3198932237097072
7101,10.770476795895272,10.450583572185565,0.3198932237097072
7102,10.770476795895272,10.450583572185565,0.3198932237097072
7103,10.770476795895272,10.450583572185565,0.3198932237097072
7104,10.770476795895272,10.450583572185565,0.3198932237097072
7105,10.770476795895272,10.450583572185565,0.3198932237097072
7106,10.770476795895272,10.450583572185565,0.3198932237097072
7107,10.770476795895272,10.450583572185565,0.3198932237097072
7108,10.770476795895272,10.450583572185565,0.3198932237097072
7109,10.770476795895272,10.450583572185565,0.3198932237097072
7110,10.770476795895272,10.450583572185565,0.3198932237097072
7111,10.770476795895272,10.450583572185565,0.3198932237097072
7112,10.770476795895272,10.450583572185565,0.3198932237097072
7113,10.770476795895272,10.450583572185565,0.3198932237097072
7114,10.770476795895272,10.450583572185565,0.3198932237097072
7115,10.770476795895272,10.450583572185565,0.3198932237097072
7116,10.770476795895272,10.450583572185565,0.3198932237097072
7117,10.770476795895272,10.450583572185565,0.3198932237097072
7118,10.770476795895272,10.450583572185565,0.3198932237097072
7119,10.770476795895272,10.450583572185565,0.3198932237097072
7120,10.770476795895272,10.450583572185565,0.3198932237097072
7121,10.770476795895272,10.450583572185565,0.3198932237097072
7122,10.770476795895272,10.450583572185565,0.3198932237097072
7123,10.770476795895272,10.450583572185565,0.3198932237097072
7124,10.770476795895272,10.450583572185565,0.3198932237097072
7125,10.770476795895272,10.450583572185565,0.3198932237097072
7126,10.770476795895272,10.450583572185565,0.3198932237097072
7127,10.770476795895272,10.450583572185565,0.3198932237097072
7128,10.770476795895272,10.450583572185565,0.3198932237097072
7129,10.770476795895272,10.450583572185565,0.3198932237097072
7130,10.770476795895272,10.450583572185565,0.3198932237097072
7131,10.770476795895272,10.450583572185565,0.3198932237097072
7132,10.770476795895272,10.450583572185565,0.3198932237097072
7133,10.770476795895272,10.450583572185565,0.3198932237097072
7134,10.770476795895272,10.450583572185565,0.3198932237097072
7135,10.770476795895272,10.450583572185565,0.3198932237097072
7136,10.770476795895272,10.450583572185565,0.3198932237097072
7137,10.770476795895272,10.450583572185565,0.3198932237097072
7138,10.770476795895272,10.450583572185565,0.3198932237097072
7139,10.770476795895272,10.450583572185565,0.3198932237097072
7140,10.770476795895272,10.450583572185565,0.3198932237097072
7141,10.770476795895272,10.450583572185565,0.3198932237097072
7142,10.770476795895272,10.450583572185565,0.3198932237097072
7143,10.770476795895272,10.450583572185565,0.3198932237097072
7144,10.770476795895272,10.450583572185565,0.3198932237097072
7145,10.770476795895272,10.450583572185565,0.3198932237097072
7146,10.770476795895272,10.450583572185565,0.3198932237097072
7147,10.770476795895272,10.450583572185565,0.3198932237097072
7148,10.770476795895272,10.450583572185565,0.3198932237097072
7149,10.770476795895272,10.450583572185565,0.3198932237097072
7150,10.770476795895272,10.450583572185565,0.3198932237097072
7151,10.770476795895272,10.450583572185565,0.3198932237097072
7152,10.770476795895272,10.450583572185565,0.3198932237097072
7153,10.770476795895272,10.450583572185565,0.3198932237097072
7154,10.770476795895272,10.450583572185565,0.3198932237097072
7155,10.770476795895272,10.450583572185565,0.3198932237097072
7156,10.770476795895272,10.450583572185565,0.3198932237097072
7157,10.770476795895272,10.450583572185565,0.3198932237097072
7158,10.770476795895272,10.450583572185565,0.3198932237097072
7159,10.770476795895272,10.450583572185565,0.3198932237097072
7160,10.770476795895272,10.450583572185565,0.3198932237097072
7161,10.770476795895272,10.450583572185565,0.3198932237097072
7162,10.770476795895272,10.450583572185565,0.3198932237097072
7163,10.770476795895272,10.450583572185565,0.3198932237097072
7164,10.770476795895272,10.450583572185565,0.3198932237097072
7165,10.770476795895272,10.450583572185565,0.3198932237097072
7166,10.770476795895272,10.450583572185565,0.3198932237097072
7167,10.770476795895272,10.450583572185565,0.3198932237097072
7168,10.770476795895272,10.450583572185565,0.3198932237097072
7169,10.770476795895272,10.450583572185565,0.3198932237097072
7170,10.770476795895272,10.450583572185565,0.3198932237097072
7171,10.770476795895272,10.450583572185565,0.3198932237097072
7172,10.770476795895272,10.450583572185565,0.3198932237097072
7173,10.770476795895272,10.450583572185565,0.3198932237097072
7174,10.770476795895272,10.450583572185565,0.3198932237097072
7175,10.770476795895272,10.450583572185565,0.3198932237097072
7176,10.770476795895272,10.450583572185565,0.3198932237097072
7177,10.770476795895272,10.450583572185565,0.3198932237097072
7178,10.770476795895272,10.450583572185565,0.3198932237097072
7179,10.770476795895272,10.450583572185565,0.3198932237097072
7180,10.770476795895272,10.450583572185565,0.3198932237097072
7181,10.770476795895272,10.450583572185565,0.3198932237097072
7182,10.770476795895272,10.450583572185565,0.3198932237097072
7183,10.770476795895272,10.450583572185565,0.3198932237097072
7184,10.770476795895272,10.450583572185565,0.3198932237097072
7185,10.770476795895272,10.450583572185565,0.3198932237097072
7186,10.770476795895272,10.450583572185565,0.3198932237097072
7187,10.770476795895272,10.450583572185565,0.3198932237097072
7188,10.770476795895272,10.450583572185565,0.3198932237097072
7189,10.770476795895272,10.450583572185565,0.3198932237097072
7190,10.770476795895272,10.450583572185565,0.3198932237097072
7191,10.770476795895272,10.450583572185565,0.3198932237097072
7192,10.770476795895272,10.450583572185565,0.3198932237097072
7193,10.770476795895272,10.450583572185565,0.3198932237097072
7194,10.770476795895272,10.450583572185565,0.3198932237097072
7195,10.770476795895272,10.450583572185565,0.3198932237097072
7196,10.770476795895272,10.450583572185565,0.3198932237097072
7197,10.770476795895272,10.450583572185565,0.3198932237097072
7198,10.770476795895272,10.450583572185565,0.3198932237097072
7199,10.770476795895272,10.450583572185565,0.3198932237097072
7200,10.770476795895272,10.450583572185565,0.3198932237097072
7201,10.770476795895272,10.450583572185565,0.3198932237097072
7202,10.770476795895272,10.450583572185565,0.3198932237097072
7203,10.770476795895272,10.450583572185565,0.3198932237097072
7204,10.770476795895272,10.450583572185565,0.3198932237097072
7205,10.770476795895272,10.450583572185565,0.3198932237097072
7206,10.770476795895272,10.450583572185565,0.3198932237097072
7207,10.770476795895272,10.450583572185565,0.3198932237097072
7208,10.770476795895272,10.450583572185565,0.3198932237097072
7209,10.770476795895272,10.450583572185565,0.3198932237097072
7210,10.770476795895272,10.450583572185565,0.3198932237097072
7211,10.770476795895272,10.450583572185565,0.3198932237097072
7212,10.770476795895272,10.450583572185565,0.3198932237097072
7213,10.770476795895272,10.450583572185565,0.3198932237097072
7214,10.770476795895272,10.450583572185565,0.3198932237097072
7215,10.770476795895272,10.450583572185565,0.3198932237097072
7216,10.770476795895272,10.450583572185565,0.3198932237097072
7217,10.770476795895272,10.450583572185565,0.3198932237097072
7218,10.770476795895272,10.450583572185565,0.3198932237097072
7219,10.770476795895272,10.450583572185565,0.3198932237097072
7220,10.770476795895272,10.450583572185565,0.3198932237097072
7221,10.770476795895272,10.450583572185565,0.3198932237097072
7222,10.770476795895272,10.450583572185565,0.3198932237097072
7223,10.770476795895272,10.450583572185565,0.3198932237097072
7224,10.770476795895272,10.450583572185565,0.3198932237097072
7225,10.770476795895272,10.450583572185565,0.3198932237097072
7226,10.770476795895272,10.450583572185565,0.3198932237097072
7227,10.770476795895272,10.450583572185565,0.3198932237097072
7228,10.770476795895272,10.450583572185565,0.3198932237097072
7229,10.770476795895272,10.450583572185565,0.3198932237097072
7230,10.770476795895272,10.450583572185565,0.3198932237097072
7231,10.770476795895272,10.450583572185565,0.3198932237097072
7232,10.770476795895272,10.450583572185565,0.3198932237097072
7233,10.770476795895272,10.450583572185565,0.3198932237097072
7234,10.770476795895272,10.450583572185565,0.3198932237097072
7235,10.770476795895272,10.450583572185565,0.3198932237097072
7236,10.770476795895272,10.450583572185565,0.3198932237097072
7237,10.770476795895272,10.450583572185565,0.3198932237097072
7238,10.770476795895272,10.450583572185565,0.3198932237097072
7239,10.770476795895272,10.450583572185565,0.3198932237097072
7240,10.770476795895272,10.450583572185565,0.3198932237097072
7241,10.770476795895272,10.450583572185565,0.3198932237097072
7242,10.770476795895272,10.450583572185565,0.3198932237097072
7243,10.770476795895272,10.450583572185565,0.3198932237097072
7244,10.770476795895272,10.450583572185565,0.3198932237097072
7245,10.770476795895272,10.450583572185565,0.3198932237097072
7246,10.770476795895272,10.450583572185565,0.3198932237097072
7247,10.770476795895272,10.450583572185565,0.3198932237097072
7248,10.770476795895272,10.450583572185565,0.3198932237097072
7249,10.770476795895272,10.450583572185565,0.3198932237097072
7250,10.770476795895272,10.450583572185565,0.3198932237097072
7251,10.770476795895272,10.450583572185565,0.3198932237097072
7252,10.770476795895272,10.450583572185565,0.3198932237097072
7253,10.770476795895272,10.450583572185565,0.3198932237097072
7254,10.770476795895272,10.450583572185565,0.3198932237097072
7255,10.770476795895272,10.450583572185565,0.3198932237097072
7256,10.770476795895272,10.450583572185565,0.3198932237097072
7257,10.770476795895272,10.450583572185565,0.3198932237097072
7258,10.770476795895272,10.450583572185565,0.3198932237097072
7259,10.770476795895272,10.450583572185565,0.3198932237097072
7260,10.770476795895272,10.450583572185565,0.3198932237097072
7261,10.770476795895272,10.450583572185565,0.3198932237097072
7262,10.770476795895272,10.450583572185565,0.3198932237097072
7263,10.770476795895272,10.450583572185565,0.3198932237097072
7264,10.770476795895272,10.450583572185565,0.3198932237097072
7265,10.770476795895272,10.450583572185565,0.3198932237097072
7266,10.770476795895272,10.450583572185565,0.3198932237097072
7267,10.770476795895272,10.450583572185565,0.3198932237097072
7268,10.770476795895272,10.450583572185565,0.3198932237097072
7269,10.770476795895272,10.450583572185565,0.3198932237097072
7270,10.770476795895272,10.450583572185565,0.3198932237097072
7271,10.770476795895272,10.450583572185565,0.3198932237097072
7272,10.770476795895272,10.450583572185565,0.3198932237097072
7273,10.770476795895272,10.450583572185565,0.3198932237097072
7274,10.770476795895272,10.450583572185565,0.3198932237097072
7275,10.770476795895272,10.450583572185565,0.3198932237097072
7276,10.770476795895272,10.450583572185565,0.3198932237097072
7277,10.770476795895272,10.450583572185565,0.3198932237097072
7278,10.770476795895272,10.450583572185565,0.3198932237097072
7279,10.770476795895272,10.450583572185565,0.3198932237097072
7280,10.770476795895272,10.450583572185565,0.3198932237097072
7281,10.770476795895272,10.450583572185565,0.3198932237097072
7282,10.770476795895272,10.450583572185565,0.3198932237097072
7283,10.770476795895272,10.450583572185565,0.3198932237097072
7284,10.770476795895272,10.450583572185565,0.3198932237097072
7285,10.770476795895272,10.450583572185565,0.3198932237097072
7286,10.770476795895272,10.450583572185565,0.3198932237097072
7287,10.770476795895272,10.450583572185565,0.3198932237097072
7288,10.770476795895272,10.450583572185565,0.3198932237097072
7289,10.770476795895272,10.450583572185565,0.3198932237097072
7290,10.770476795895272,10.450583572185565,0.3198932237097072
7291,10.770476795895272,10.450583572185565,0.3198932237097072
7292,10.770476795895272,10.450583572185565,0.3198932237097072
7293,10.770476795895272,10.450583572185565,0.3198932237097072
7294,10.770476795895272,10.450583572185565,0.3198932237097072
7295,10.770476795895272,10.450583572185565,0.3198932237097072
7296,10.770476795895272,10.450583572185565,0.3198932237097072
7297,10.770476795895272,10.450583572185565,0.3198932237097072
7298,10.770476795895272,10.450583572185565,0.3198932237097072
7299,10.770476795895272,10.450583572185565,0.3198932237097072
7300,10.770476795895272,10.450583572185565,0.3198932237097072
7301,10.770476795895272,10.450583572185565,0.3198932237097072
7302,10.770476795895272,10.450583572185565,0.3198932237097072
7303,10.770476795895272,10.450583572185565,0.3198932237097072
7304,10.770476795895272,10.450583572185565,0.3198932237097072
7305,10.770476795895272,10.450583572185565,0.3198932237097072
7306,10.770476795895272,10.450583572185565,0.3198932237097072
7307,10.770476795895272,10.450583572185565,0.3198932237097072
7308,10.770476795895272,10.450583572185565,0.3198932237097072
7309,10.770476795895272,10.450583572185565,0.3198932237097072
7310,10.770476795895272,10.450583572185565,0.3198932237097072
7311,10.770476795895272,10.450583572185565,0.3198932237097072
7312,10.770476795895272,10.450583572185565,0.3198932237097072
7313,10.770476795895272,10.450583572185565,0.3198932237097072
7314,10.770476795895272,10.450583572185565,0.3198932237097072
7315,10.770476795895272,10.450583572185565,0.3198932237097072
7316,10.770476795895272,10.450583572185565,0.3198932237097072
7317,10.770476795895272,10.450583572185565,0.3198932237097072
7318,10.770476795895272,10.450583572185565,0.3198932237097072
7319,10.770476795895272,10.450583572185565,0.3198932237097072
7320,10.770476795895272,10.450583572185565,0.3198932237097072
7321,10.770476795895272,10.450583572185565,0.3198932237097072
7322,10.770476795895272,10.450583572185565,0.3198932237097072
7323,10.770476795895272,10.450583572185565,0.3198932237097072
7324,10.770476795895272,10.450583572185565,0.3198932237097072
7325,10.770476795895272,10.450583572185565,0.3198932237097072
7326,10.770476795895272,10.450583572185565,0.3198932237097072
7327,10.770476795895272,10.450583572185565,0.3198932237097072
7328,10.770476795895272,10.450583572185565,0.3198932237097072
7329,10.770476795895272,10.450583572185565,0.3198932237097072
7330,10.770476795895272,10.450583572185565,0.3198932237097072
7331,10.770476795895272,10.450583572185565,0.3198932237097072
7332,10.770476795895272,10.450583572185565,0.3198932237097072
7333,10.770476795895272,10.450583572185565,0.3198932237097072
7334,10.770476795895272,10.450583572185565,0.3198932237097072
7335,10.770476795895272,10.450583572185565,0.3198932237097072
7336,10.770476795895272,10.450583572185565,0.3198932237097072
7337,10.770476795895272,10.450583572185565,0.3198932237097072
7338,10.770476795895272,10.450583572185565,0.3198932237097072
7339,10.770476795895272,10.450583572185565,0.3198932237097072
7340,10.770476795895272,10.450583572185565,0.3198932237097072
7341,10.770476795895272,10.450583572185565,0.3198932237097072
7342,10.770476795895272,10.450583572185565,0.3198932237097072
7343,10.770476795895272,10.450583572185565,0.3198932237097072
7344,10.770476795895272,10.450583572185565,0.3198932237097072
7345,10.770476795895272,10.450583572185565,0.3198932237097072
7346,10.770476795895272,10.450583572185565,0.3198932237097072
7347,10.770476795895272,10.450583572185565,0.3198932237097072
7348,10.770476795895272,10.450583572185565,0.3198932237097072
7349,10.770476795895272,10.450583572185565,0.3198932237097072
7350,10.770476795895272,10.450583572185565,0.3198932237097072
7351,10.770476795895272,10.450583572185565,0.3198932237097072
7352,10.770476795895272,10.450583572185565,0.3198932237097072
7353,10.770476795895272,10.450583572185565,0.3198932237097072
7354,10.770476795895272,10.450583572185565,0.3198932237097072
7355,10.770476795895272,10.450583572185565,0.3198932237097072
7356,10.770476795895272,10.450583572185565,0.3198932237097072
7357,10.770476795895272,10.450583572185565,0.3198932237097072
7358,10.770476795895272,10.450583572185565,0.3198932237097072
7359,10.770476795895272,10.450583572185565,0.3198932237097072
7360,10.770476795895272,10.450583572185565,0.3198932237097072
7361,10.770476795895272,10.450583572185565,0.3198932237097072
7362,10.770476795895272,10.450583572185565,0.3198932237097072
7363,10.770476795895272,10.450583572185565,0.3198932237097072
7364,10.770476795895272,10.450583572185565,0.3198932237097072
7365,10.770476795895272,10.450583572185565,0.3198932237097072
7366,10.770476795895272,10.450583572185565,0.3198932237097072
7367,10.770476795895272,10.450583572185565,0.3198932237097072
7368,10.770476795895272,10.450583572185565,0.3198932237097072
7369,10.770476795895272,10.450583572185565,0.3198932237097072
7370,10.770476795895272,10.450583572185565,0.3198932237097072
7371,10.770476795895272,10.450583572185565,0.3198932237097072
7372,10.770476795895272,10.450583572185565,0.3198932237097072
7373,10.770476795895272,10.450583572185565,0.3198932237097072
7374,10.770476795895272,10.450583572185565,0.3198932237097072
7375,10.770476795895272,10.450583572185565,0.3198932237097072
7376,10.770476795895272,10.450583572185565,0.3198932237097072
7377,10.770476795895272,10.450583572185565,0.3198932237097072
7378,10.770476795895272,10.450583572185565,0.3198932237097072
7379,10.770476795895272,10.450583572185565,0.3198932237097072
7380,10.770476795895272,10.450583572185565,0.3198932237097072
7381,10.770476795895272,10.450583572185565,0.3198932237097072
7382,10.770476795895272,10.450583572185565,0.3198932237097072
7383,10.770476795895272,10.450583572185565,0.3198932237097072
7384,10.770476795895272,10.450583572185565,0.3198932237097072
7385,10.770476795895272,10.450583572185565,0.3198932237097072
7386,10.770476795895272,10.450583572185565,0.3198932237097072
7387,10.770476795895272,10.450583572185565,0.3198932237097072
7388,10.770476795895272,10.450583572185565,0.3198932237097072
7389,10.770476795895272,10.450583572185565,0.3198932237097072
7390,10.770476795895272,10.450583572185565,0.3198932237097072
7391,10.770476795895272,10.450583572185565,0.3198932237097072
7392,10.770476795895272,10.450583572185565,0.3198932237097072
7393,10.770476795895272,10.450583572185565,0.3198932237097072
7394,10.770476795895272,10.450583572185565,0.3198932237097072
7395,10.770476795895272,10.450583572185565,0.3198932237097072
7396,10.770476795895272,10.450583572185565,0.3198932237097072
7397,10.770476795895272,10.450583572185565,0.3198932237097072
7398,10.770476795895272,10.450583572185565,0.3198932237097072
7399,10.770476795895272,10.450583572185565,0.3198932237097072
7400,10.770476795895272,10.450583572185565,0.3198932237097072
7401,10.770476795895272,10.450583572185565,0.3198932237097072
7402,10.770476795895272,10.450583572185565,0.3198932237097072
7403,10.770476795895272,10.450583572185565,0.3198932237097072
7404,10.770476795895272,10.450583572185565,0.3198932237097072
7405,10.770476795895272,10.450583572185565,0.3198932237097072
7406,10.770476795895272,10.450583572185565,0.3198932237097072
7407,10.770476795895272,10.450583572185565,0.3198932237097072
7408,10.770476795895272,10.450583572185565,0.3198932237097072
7409,10.770476795895272,10.450583572185565,0.3198932237097072
7410,10.770476795895272,10.450583572185565,0.3198932237097072
7411,10.770476795895272,10.450583572185565,0.3198932237097072
7412,10.770476795895272,10.450583572185565,0.3198932237097072
7413,10.770476795895272,10.450583572185565,0.3198932237097072
7414,10.770476795895272,10.450583572185565,0.3198932237097072
7415,10.770476795895272,10.450583572185565,0.3198932237097072
7416,10.770476795895272,10.450583572185565,0.3198932237097072
7417,10.770476795895272,10.450583572185565,0.3198932237097072
7418,10.770476795895272,10.450583572185565,0.3198932237097072
7419,10.770476795895272,10.450583572185565,0.3198932237097072
7420,10.770476795895272,10.450583572185565,0.3198932237097072
7421,10.770476795895272,10.450583572185565,0.3198932237097072
7422,10.770476795895272,10.450583572185565,0.3198932237097072
7423,10.770476795895272,10.450583572185565,0.3198932237097072
7424,10.770476795895272,10.450583572185565,0.3198932237097072
7425,10.770476795895272,10.450583572185565,0.3198932237097072
7426,10.770476795895272,10.450583572185565,0.3198932237097072
7427,10.770476795895272,10.450583572185565,0.3198932237097072
7428,10.770476795895272,10.450583572185565,0.3198932237097072
7429,10.770476795895272,10.450583572185565,0.3198932237097072
7430,10.770476795895272,10.450583572185565,0.3198932237097072
7431,10.770476795895272,10.450583572185565,0.3198932237097072
7432,10.770476795895272,10.450583572185565,0.3198932237097072
7433,10.770476795895272,10.450583572185565,0.3198932237097072
7434,10.770476795895272,10.450583572185565,0.3198932237097072
7435,10.770476795895272,10.450583572185565,0.3198932237097072
7436,10.770476795895272,10.450583572185565,0.3198932237097072
7437,10.770476795895272,10.450583572185565,0.3198932237097072
7438,10.770476795895272,10.450583572185565,0.3198932237097072
7439,10.770476795895272,10.450583572185565,0.3198932237097072
7440,10.770476795895272,10.450583572185565,0.3198932237097072
7441,10.770476795895272,10.450583572185565,0.3198932237097072
7442,10.770476795895272,10.450583572185565,0.3198932237097072
7443,10.770476795895272,10.450583572185565,0.3198932237097072
7444,10.770476795895272,10.450583572185565,0.3198932237097072
7445,10.770476795895272,10.450583572185565,0.3198932237097072
7446,10.770476795895272,10.450583572185565,0.3198932237097072
7447,10.770476795895272,10.450583572185565,0.3198932237097072
7448,10.770476795895272,10.450583572185565,0.3198932237097072
7449,10.770476795895272,10.450583572185565,0.3198932237097072
7450,10.770476795895272,10.450583572185565,0.3198932237097072
7451,10.770476795895272,10.450583572185565,0.3198932237097072
7452,10.770476795895272,10.450583572185565,0.3198932237097072
7453,10.770476795895272,10.450583572185565,0.3198932237097072
7454,10.770476795895272,10.450583572185565,0.3198932237097072
7455,10.770476795895272,10.450583572185565,0.3198932237097072
7456,10.770476795895272,10.450583572185565,0.3198932237097072
7457,10.770476795895272,10.450583572185565,0.3198932237097072
7458,10.770476795895272,10.450583572185565,0.3198932237097072
7459,10.770476795895272,10.450583572185565,0.3198932237097072
7460,10.770476795895272,10.450583572185565,0.3198932237097072
7461,10.770476795895272,10.450583572185565,0.3198932237097072
7462,10.770476795895272,10.450583572185565,0.3198932237097072
7463,10.770476795895272,10.450583572185565,0.3198932237097072
7464,10.770476795895272,10.450583572185565,0.3198932237097072
7465,10.770476795895272,10.450583572185565,0.3198932237097072
7466,10.770476795895272,10.450583572185565,0.3198932237097072
7467,10.770476795895272,10.450583572185565,0.3198932237097072
7468,10.770476795895272,10.450583572185565,0.3198932237097072
7469,10.770476795895272,10.450583572185565,0.3198932237097072
7470,10.770476795895272,10.450583572185565,0.3198932237097072
7471,10.770476795895272,10.450583572185565,0.3198932237097072
7472,10.770476795895272,10.450583572185565,0.3198932237097072
7473,10.770476795895272,10.450583572185565,0.3198932237097072
7474,10.770476795895272,10.450583572185565,0.3198932237097072
7475,10.770476795895272,10.450583572185565,0.3198932237097072
7476,10.770476795895272,10.450583572185565,0.3198932237097072
7477,10.770476795895272,10.450583572185565,0.3198932237097072
7478,10.770476795895272,10.450583572185565,0.3198932237097072
7479,10.770476795895272,10.450583572185565,0.3198932237097072
7480,10.770476795895272,10.450583572185565,0.3198932237097072
7481,10.770476795895272,10.450583572185565,0.3198932237097072
7482,10.770476795895272,10.450583572185565,0.3198932237097072
7483,10.770476795895272,10.450583572185565,0.3198932237097072
7484,10.770476795895272,10.450583572185565,0.3198932237097072
7485,10.770476795895272,10.450583572185565,0.3198932237097072
7486,10.770476795895272,10.450583572185565,0.3198932237097072
7487,10.770476795895272,10.450583572185565,0.3198932237097072
7488,10.770476795895272,10.450583572185565,0.3198932237097072
7489,10.770476795895272,10.450583572185565,0.3198932237097072
7490,10.770476795895272,10.450583572185565,0.3198932237097072
7491,10.770476795895272,10.450583572185565,0.3198932237097072
7492,10.770476795895272,10.450583572185565,0.3198932237097072
7493,10.770476795895272,10.450583572185565,0.3198932237097072
7494,10.770476795895272,10.450583572185565,0.3198932237097072
7495,10.770476795895272,10.450583572185565,0.3198932237097072
7496,10.770476795895272,10.450583572185565,0.3198932237097072
7497,10.770476795895272,10.450583572185565,0.3198932237097072
7498,10.770476795895272,10.450583572185565,0.3198932237097072
7499,10.770476795895272,10.450583572185565,0.3198932237097072
7500,10.770476795895272,10.450583572185565,0.3198932237097072
7501,10.770476795895272,10.450583572185565,0.3198932237097072
7502,10.770476795895272,10.450583572185565,0.3198932237097072
7503,10.770476795895272,10.450583572185565,0.3198932237097072
7504,10.770476795895272,10.450583572185565,0.3198932237097072
7505,10.770476795895272,10.450583572185565,0.3198932237097072
7506,10.770476795895272,10.450583572185565,0.3198932237097072
7507,10.770476795895272,10.450583572185565,0.3198932237097072
7508,10.770476795895272,10.450583572185565,0.3198932237097072
7509,10.770476795895272,10.450583572185565,0.3198932237097072
7510,10.770476795895272,10.450583572185565,0.3198932237097072
7511,10.770476795895272,10.450583572185565,0.3198932237097072
7512,10.770476795895272,10.450583572185565,0.3198932237097072
7513,10.770476795895272,10.450583572185565,0.3198932237097072
7514,10.770476795895272,10.450583572185565,0.3198932237097072
7515,10.770476795895272,10.450583572185565,0.3198932237097072
7516,10.770476795895272,10.450583572185565,0.3198932237097072
7517,10.770476795895272,10.450583572185565,0.3198932237097072
7518,10.770476795895272,10.450583572185565,0.3198932237097072
7519,10.770476795895272,10.450583572185565,0.3198932237097072
7520,10.770476795895272,10.450583572185565,0.3198932237097072
7521,10.770476795895272,10.450583572185565,0.3198932237097072
7522,10.770476795895272,10.450583572185565,0.3198932237097072
7523,10.770476795895272,10.450583572185565,0.3198932237097072
7524,10.770476795895272,10.450583572185565,0.3198932237097072
7525,10.770476795895272,10.450583572185565,0.3198932237097072
7526,10.770476795895272,10.450583572185565,0.3198932237097072
7527,10.770476795895272,10.450583572185565,0.3198932237097072
7528,10.770476795895272,10.450583572185565,0.3198932237097072
7529,10.770476795895272,10.450583572185565,0.3198932237097072
7530,10.770476795895272,10.450583572185565,0.3198932237097072
7531,10.770476795895272,10.450583572185565,0.3198932237097072
7532,10.770476795895272,10.450583572185565,0.3198932237097072
7533,10.770476795895272,10.450583572185565,0.3198932237097072
7534,10.770476795895272,10.450583572185565,0.3198932237097072
7535,10.770476795895272,10.450583572185565,0.3198932237097072
7536,10.770476795895272,10.450583572185565,0.3198932237097072
7537,10.770476795895272,10.450583572185565,0.3198932237097072
7538,10.770476795895272,10.450583572185565,0.3198932237097072
7539,10.770476795895272,10.450583572185565,0.3198932237097072
7540,10.770476795895272,10.450583572185565,0.3198932237097072
7541,10.770476795895272,10.450583572185565,0.3198932237097072
7542,10.770476795895272,10.450583572185565,0.3198932237097072
7543,10.770476795895272,10.450583572185565,0.3198932237097072
7544,10.770476795895272,10.450583572185565,0.3198932237097072
7545,10.770476795895272,10.450583572185565,0.3198932237097072
7546,10.770476795895272,10.450583572185565,0.3198932237097072
7547,10.770476795895272,10.450583572185565,0.3198932237097072
7548,10.770476795895272,10.450583572185565,0.3198932237097072
7549,10.770476795895272,10.450583572185565,0.3198932237097072
7550,10.770476795895272,10.450583572185565,0.3198932237097072
7551,10.770476795895272,10.450583572185565,0.3198932237097072
7552,10.770476795895272,10.450583572185565,0.3198932237097072
7553,10.770476795895272,10.450583572185565,0.3198932237097072
7554,10.770476795895272,10.450583572185565,0.3198932237097072
7555,10.770476795895272,10.450583572185565,0.3198932237097072
7556,10.770476795895272,10.450583572185565,0.3198932237097072
7557,10.770476795895272,10.450583572185565,0.3198932237097072
7558,10.770476795895272,10.450583572185565,0.3198932237097072
7559,10.770476795895272,10.450583572185565,0.3198932237097072
7560,10.770476795895272,10.450583572185565,0.3198932237097072
7561,10.770476795895272,10.450583572185565,0.3198932237097072
7562,10.770476795895272,10.450583572185565,0.3198932237097072
7563,10.770476795895272,10.450583572185565,0.3198932237097072
7564,10.770476795895272,10.450583572185565,0.3198932237097072
7565,10.770476795895272,10.450583572185565,0.3198932237097072
7566,10.770476795895272,10.450583572185565,0.3198932237097072
7567,10.770476795895272,10.450583572185565,0.3198932237097072
7568,10.770476795895272,10.450583572185565,0.3198932237097072
7569,10.770476795895272,10.450583572185565,0.3198932237097072
7570,10.770476795895272,10.450583572185565,0.3198932237097072
7571,10.770476795895272,10.450583572185565,0.3198932237097072
7572,10.770476795895272,10.450583572185565,0.3198932237097072
7573,10.770476795895272,10.450583572185565,0.3198932237097072
7574,10.770476795895272,10.450583572185565,0.3198932237097072
7575,10.770476795895272,10.450583572185565,0.3198932237097072
7576,10.770476795895272,10.450583572185565,0.3198932237097072
7577,10.770476795895272,10.450583572185565,0.3198932237097072
7578,10.770476795895272,10.450583572185565,0.3198932237097072
7579,10.770476795895272,10.450583572185565,0.3198932237097072
7580,10.770476795895272,10.450583572185565,0.3198932237097072
7581,10.770476795895272,10.450583572185565,0.3198932237097072
7582,10.770476795895272,10.450583572185565,0.3198932237097072
7583,10.770476795895272,10.450583572185565,0.3198932237097072
7584,10.770476795895272,10.450583572185565,0.3198932237097072
7585,10.770476795895272,10.450583572185565,0.3198932237097072
7586,10.770476795895272,10.450583572185565,0.3198932237097072
7587,10.770476795895272,10.450583572185565,0.3198932237097072
7588,10.770476795895272,10.450583572185565,0.3198932237097072
7589,10.770476795895272,10.450583572185565,0.3198932237097072
7590,10.770476795895272,10.450583572185565,0.3198932237097072
7591,10.770476795895272,10.450583572185565,0.3198932237097072
7592,10.770476795895272,10.450583572185565,0.3198932237097072
7593,10.770476795895272,10.450583572185565,0.3198932237097072
7594,10.770476795895272,10.450583572185565,0.3198932237097072
7595,10.770476795895272,10.450583572185565,0.3198932237097072
7596,10.770476795895272,10.450583572185565,0.3198932237097072
7597,10.770476795895272,10.450583572185565,0.3198932237097072
7598,10.770476795895272,10.450583572185565,0.3198932237097072
7599,10.770476795895272,10.450583572185565,0.3198932237097072
7600,10.770476795895272,10.450583572185565,0.3198932237097072
7601,10.770476795895272,10.450583572185565,0.3198932237097072
7602,10.770476795895272,10.450583572185565,0.3198932237097072
7603,10.770476795895272,10.450583572185565,0.3198932237097072
7604,10.770476795895272,10.450583572185565,0.3198932237097072
7605,10.770476795895272,10.450583572185565,0.3198932237097072
7606,10.770476795895272,10.450583572185565,0.3198932237097072
7607,10.770476795895272,10.450583572185565,0.3198932237097072
7608,10.770476795895272,10.450583572185565,0.3198932237097072
7609,10.770476795895272,10.450583572185565,0.3198932237097072
7610,10.770476795895272,10.450583572185565,0.3198932237097072
7611,10.770476795895272,10.450583572185565,0.3198932237097072
7612,10.770476795895272,10.450583572185565,0.3198932237097072
7613,10.770476795895272,10.450583572185565,0.3198932237097072
7614,10.770476795895272,10.450583572185565,0.3198932237097072
7615,10.770476795895272,10.450583572185565,0.3198932237097072
7616,10.770476795895272,10.450583572185565,0.3198932237097072
7617,10.770476795895272,10.450583572185565,0.3198932237097072
7618,10.770476795895272,10.450583572185565,0.3198932237097072
7619,10.770476795895272,10.450583572185565,0.3198932237097072
7620,10.770476795895272,10.450583572185565,0.3198932237097072
7621,10.770476795895272,10.450583572185565,0.3198932237097072
7622,10.770476795895272,10.450583572185565,0.3198932237097072
7623,10.770476795895272,10.450583572185565,0.3198932237097072
7624,10.770476795895272,10.450583572185565,0.3198932237097072
7625,10.770476795895272,10.450583572185565,0.3198932237097072
7626,10.770476795895272,10.450583572185565,0.3198932237097072
7627,10.770476795895272,10.450583572185565,0.3198932237097072
7628,10.770476795895272,10.450583572185565,0.3198932237097072
7629,10.770476795895272,10.450583572185565,0.3198932237097072
7630,10.770476795895272,10.450583572185565,0.3198932237097072
7631,10.770476795895272,10.450583572185565,0.3198932237097072
7632,10.770476795895272,10.450583572185565,0.3198932237097072
7633,10.770476795895272,10.450583572185565,0.3198932237097072
7634,10.770476795895272,10.450583572185565,0.3198932237097072
7635,10.770476795895272,10.450583572185565,0.3198932237097072
7636,10.770476795895272,10.450583572185565,0.3198932237097072
7637,10.770476795895272,10.450583572185565,0.3198932237097072
7638,10.770476795895272,10.450583572185565,0.3198932237097072
7639,10.770476795895272,10.450583572185565,0.3198932237097072
7640,10.770476795895272,10.450583572185565,0.3198932237097072
7641,10.770476795895272,10.450583572185565,0.3198932237097072
7642,10.770476795895272,10.450583572185565,0.3198932237097072
7643,10.770476795895272,10.450583572185565,0.3198932237097072
7644,10.770476795895272,10.450583572185565,0.3198932237097072
7645,10.770476795895272,10.450583572185565,0.3198932237097072
7646,10.770476795895272,10.450583572185565,0.3198932237097072
7647,10.770476795895272,10.450583572185565,0.3198932237097072
7648,10.770476795895272,10.450583572185565,0.3198932237097072
7649,10.770476795895272,10.450583572185565,0.3198932237097072
7650,10.770476795895272,10.450583572185565,0.3198932237097072
7651,10.770476795895272,10.450583572185565,0.3198932237097072
7652,10.770476795895272,10.450583572185565,0.3198932237097072
7653,10.770476795895272,10.450583572185565,0.3198932237097072
7654,10.770476795895272,10.450583572185565,0.3198932237097072
7655,10.770476795895272,10.450583572185565,0.3198932237097072
7656,10.770476795895272,10.450583572185565,0.3198932237097072
7657,10.770476795895272,10.450583572185565,0.3198932237097072
7658,10.770476795895272,10.450583572185565,0.3198932237097072
7659,10.770476795895272,10.450583572185565,0.3198932237097072
7660,10.770476795895272,10.450583572185565,0.3198932237097072
7661,10.770476795895272,10.450583572185565,0.3198932237097072
7662,10.770476795895272,10.450583572185565,0.3198932237097072
7663,10.770476795895272,10.450583572185565,0.3198932237097072
7664,10.770476795895272,10.450583572185565,0.3198932237097072
7665,10.770476795895272,10.450583572185565,0.3198932237097072
7666,10.770476795895272,10.450583572185565,0.3198932237097072
7667,10.770476795895272,10.450583572185565,0.3198932237097072
7668,10.770476795895272,10.450583572185565,0.3198932237097072
7669,10.770476795895272,10.450583572185565,0.3198932237097072
7670,10.770476795895272,10.450583572185565,0.3198932237097072
7671,10.770476795895272,10.450583572185565,0.3198932237097072
7672,10.770476795895272,10.450583572185565,0.3198932237097072
7673,10.770476795895272,10.450583572185565,0.3198932237097072
7674,10.770476795895272,10.450583572185565,0.3198932237097072
7675,10.770476795895272,10.450583572185565,0.3198932237097072
7676,10.770476795895272,10.450583572185565,0.3198932237097072
7677,10.770476795895272,10.450583572185565,0.3198932237097072
7678,10.770476795895272,10.450583572185565,0.3198932237097072
7679,10.770476795895272,10.450583572185565,0.3198932237097072
7680,10.770476795895272,10.450583572185565,0.3198932237097072
7681,10.770476795895272,10.450583572185565,0.3198932237097072
7682,10.770476795895272,10.450583572185565,0.3198932237097072
7683,10.770476795895272,10.450583572185565,0.3198932237097072
7684,10.770476795895272,10.450583572185565,0.3198932237097072
7685,10.770476795895272,10.450583572185565,0.3198932237097072
7686,10.770476795895272,10.450583572185565,0.3198932237097072
7687,10.770476795895272,10.450583572185565,0.3198932237097072
7688,10.770476795895272,10.450583572185565,0.3198932237097072
7689,10.770476795895272,10.450583572185565,0.3198932237097072
7690,10.770476795895272,10.450583572185565,0.3198932237097072
7691,10.770476795895272,10.450583572185565,0.3198932237097072
7692,10.770476795895272,10.450583572185565,0.3198932237097072
7693,10.770476795895272,10.450583572185565,0.3198932237097072
7694,10.770476795895272,10.450583572185565,0.3198932237097072
7695,10.770476795895272,10.450583572185565,0.3198932237097072
7696,10.770476795895272,10.450583572185565,0.3198932237097072
7697,10.770476795895272,10.450583572185565,0.3198932237097072
7698,10.770476795895272,10.450583572185565,0.3198932237097072
7699,10.770476795895272,10.450583572185565,0.3198932237097072
7700,10.770476795895272,10.450583572185565,0.3198932237097072
7701,10.770476795895272,10.450583572185565,0.3198932237097072
7702,10.770476795895272,10.450583572185565,0.3198932237097072
7703,10.770476795895272,10.450583572185565,0.3198932237097072
7704,10.770476795895272,10.450583572185565,0.3198932237097072
7705,10.770476795895272,10.450583572185565,0.3198932237097072
7706,10.770476795895272,10.450583572185565,0.3198932237097072
7707,10.770476795895272,10.450583572185565,0.3198932237097072
7708,10.770476795895272,10.450583572185565,0.3198932237097072
7709,10.770476795895272,10.450583572185565,0.3198932237097072
7710,10.770476795895272,10.450583572185565,0.3198932237097072
7711,10.770476795895272,10.450583572185565,0.3198932237097072
7712,10.770476795895272,10.450583572185565,0.3198932237097072
7713,10.770476795895272,10.450583572185565,0.3198932237097072
7714,10.770476795895272,10.450583572185565,0.3198932237097072
7715,10.770476795895272,10.450583572185565,0.3198932237097072
7716,10.770476795895272,10.450583572185565,0.3198932237097072
7717,10.770476795895272,10.450583572185565,0.3198932237097072
7718,10.770476795895272,10.450583572185565,0.3198932237097072
7719,10.770476795895272,10.450583572185565,0.3198932237097072
7720,10.770476795895272,10.450583572185565,0.3198932237097072
7721,10.770476795895272,10.450583572185565,0.3198932237097072
7722,10.770476795895272,10.450583572185565,0.3198932237097072
7723,10.770476795895272,10.450583572185565,0.3198932237097072
7724,10.770476795895272,10.450583572185565,0.3198932237097072
7725,10.770476795895272,10.450583572185565,0.3198932237097072
7726,10.770476795895272,10.450583572185565,0.3198932237097072
7727,10.770476795895272,10.450583572185565,0.3198932237097072
7728,10.770476795895272,10.450583572185565,0.3198932237097072
7729,10.770476795895272,10.450583572185565,0.3198932237097072
7730,10.770476795895272,10.450583572185565,0.3198932237097072
7731,10.770476795895272,10.450583572185565,0.3198932237097072
7732,10.770476795895272,10.450583572185565,0.3198932237097072
7733,10.770476795895272,10.450583572185565,0.3198932237097072
7734,10.770476795895272,10.450583572185565,0.3198932237097072
7735,10.770476795895272,10.450583572185565,0.3198932237097072
7736,10.770476795895272,10.450583572185565,0.3198932237097072
7737,10.770476795895272,10.450583572185565,0.3198932237097072
7738,10.770476795895272,10.450583572185565,0.3198932237097072
7739,10.770476795895272,10.450583572185565,0.3198932237097072
7740,10.770476795895272,10.450583572185565,0.3198932237097072
7741,10.770476795895272,10.450583572185565,0.3198932237097072
7742,10.770476795895272,10.450583572185565,0.3198932237097072
7743,10.770476795895272,10.450583572185565,0.3198932237097072
7744,10.770476795895272,10.450583572185565,0.3198932237097072
7745,10.770476795895272,10.450583572185565,0.3198932237097072
7746,10.770476795895272,10.450583572185565,0.3198932237097072
7747,10.770476795895272,10.450583572185565,0.3198932237097072
7748,10.770476795895272,10.450583572185565,0.3198932237097072
7749,10.770476795895272,10.450583572185565,0.3198932237097072
7750,10.770476795895272,10.450583572185565,0.3198932237097072
7751,10.770476795895272,10.450583572185565,0.3198932237097072
7752,10.770476795895272,10.450583572185565,0.3198932237097072
7753,10.770476795895272,10.450583572185565,0.3198932237097072
7754,10.770476795895272,10.450583572185565,0.3198932237097072
7755,10.770476795895272,10.450583572185565,0.3198932237097072
7756,10.770476795895272,10.450583572185565,0.3198932237097072
7757,10.770476795895272,10.450583572185565,0.3198932237097072
7758,10.770476795895272,10.450583572185565,0.3198932237097072
7759,10.770476795895272,10.450583572185565,0.3198932237097072
7760,10.770476795895272,10.450583572185565,0.3198932237097072
7761,10.770476795895272,10.450583572185565,0.3198932237097072
7762,10.770476795895272,10.450583572185565,0.3198932237097072
7763,10.770476795895272,10.450583572185565,0.3198932237097072
7764,10.770476795895272,10.450583572185565,0.3198932237097072
7765,10.770476795895272,10.450583572185565,0.3198932237097072
7766,10.770476795895272,10.450583572185565,0.3198932237097072
7767,10.770476795895272,10.450583572185565,0.3198932237097072
7768,10.770476795895272,10.450583572185565,0.3198932237097072
7769,10.770476795895272,10.450583572185565,0.3198932237097072
7770,10.770476795895272,10.450583572185565,0.3198932237097072
7771,10.770476795895272,10.450583572185565,0.3198932237097072
7772,10.770476795895272,10.450583572185565,0.3198932237097072
7773,10.770476795895272,10.450583572185565,0.3198932237097072
7774,10.770476795895272,10.450583572185565,0.3198932237097072
7775,10.770476795895272,10.450583572185565,0.3198932237097072
7776,10.770476795895272,10.450583572185565,0.3198932237097072
7777,10.770476795895272,10.450583572185565,0.3198932237097072
7778,10.770476795895272,10.450583572185565,0.3198932237097072
7779,10.770476795895272,10.450583572185565,0.3198932237097072
7780,10.770476795895272,10.450583572185565,0.3198932237097072
7781,10.770476795895272,10.450583572185565,0.3198932237097072
7782,10.770476795895272,10.450583572185565,0.3198932237097072
7783,10.770476795895272,10.450583572185565,0.3198932237097072
7784,10.770476795895272,10.450583572185565,0.3198932237097072
7785,10.770476795895272,10.450583572185565,0.3198932237097072
7786,10.770476795895272,10.450583572185565,0.3198932237097072
7787,10.770476795895272,10.450583572185565,0.3198932237097072
7788,10.770476795895272,10.450583572185565,0.3198932237097072
7789,10.770476795895272,10.450583572185565,0.3198932237097072
7790,10.770476795895272,10.450583572185565,0.3198932237097072
7791,10.770476795895272,10.450583572185565,0.3198932237097072
7792,10.770476795895272,10.450583572185565,0.3198932237097072
7793,10.770476795895272,10.450583572185565,0.3198932237097072
7794,10.770476795895272,10.450583572185565,0.3198932237097072
7795,10.770476795895272,10.450583572185565,0.3198932237097072
7796,10.770476795895272,10.450583572185565,0.3198932237097072
7797,10.770476795895272,10.450583572185565,0.3198932237097072
7798,10.770476795895272,10.450583572185565,0.3198932237097072
7799,10.770476795895272,10.450583572185565,0.3198932237097072
7800,10.770476795895272,10.450583572185565,0.3198932237097072
7801,10.770476795895272,10.450583572185565,0.3198932237097072
7802,10.770476795895272,10.450583572185565,0.3198932237097072
7803,10.770476795895272,10.450583572185565,0.3198932237097072
7804,10.770476795895272,10.450583572185565,0.3198932237097072
7805,10.770476795895272,10.450583572185565,0.3198932237097072
7806,10.770476795895272,10.450583572185565,0.3198932237097072
7807,10.770476795895272,10.450583572185565,0.3198932237097072
7808,10.770476795895272,10.450583572185565,0.3198932237097072
7809,10.770476795895272,10.450583572185565,0.3198932237097072
7810,10.770476795895272,10.450583572185565,0.3198932237097072
7811,10.770476795895272,10.450583572185565,0.3198932237097072
7812,10.770476795895272,10.450583572185565,0.3198932237097072
7813,10.770476795895272,10.450583572185565,0.3198932237097072
7814,10.770476795895272,10.450583572185565,0.3198932237097072
7815,10.770476795895272,10.450583572185565,0.3198932237097072
7816,10.770476795895272,10.450583572185565,0.3198932237097072
7817,10.770476795895272,10.450583572185565,0.3198932237097072
7818,10.770476795895272,10.450583572185565,0.3198932237097072
7819,10.770476795895272,10.450583572185565,0.3198932237097072
7820,10.770476795895272,10.450583572185565,0.3198932237097072
7821,10.770476795895272,10.450583572185565,0.3198932237097072
7822,10.770476795895272,10.450583572185565,0.3198932237097072
7823,10.770476795895272,10.450583572185565,0.3198932237097072
7824,10.770476795895272,10.450583572185565,0.3198932237097072
7825,10.770476795895272,10.450583572185565,0.3198932237097072
7826,10.770476795895272,10.450583572185565,0.3198932237097072
7827,10.770476795895272,10.450583572185565,0.3198932237097072
7828,10.770476795895272,10.450583572185565,0.3198932237097072
7829,10.770476795895272,10.450583572185565,0.3198932237097072
7830,10.770476795895272,10.450583572185565,0.3198932237097072
7831,10.770476795895272,10.450583572185565,0.3198932237097072
7832,10.770476795895272,10.450583572185565,0.3198932237097072
7833,10.770476795895272,10.450583572185565,0.3198932237097072
7834,10.770476795895272,10.450583572185565,0.3198932237097072
7835,10.770476795895272,10.450583572185565,0.3198932237097072
7836,10.770476795895272,10.450583572185565,0.3198932237097072
7837,10.770476795895272,10.450583572185565,0.3198932237097072
7838,10.770476795895272,10.450583572185565,0.3198932237097072
7839,10.770476795895272,10.450583572185565,0.3198932237097072
7840,10.770476795895272,10.450583572185565,0.3198932237097072
7841,10.770476795895272,10.450583572185565,0.3198932237097072
7842,10.770476795895272,10.450583572185565,0.3198932237097072
7843,10.770476795895272,10.450583572185565,0.3198932237097072
7844,10.770476795895272,10.450583572185565,0.3198932237097072
7845,10.770476795895272,10.450583572185565,0.3198932237097072
7846,10.770476795895272,10.450583572185565,0.3198932237097072
7847,10.770476795895272,10.450583572185565,0.3198932237097072
7848,10.770476795895272,10.450583572185565,0.3198932237097072
7849,10.770476795895272,10.450583572185565,0.3198932237097072
7850,10.770476795895272,10.450583572185565,0.3198932237097072
7851,10.770476795895272,10.450583572185565,0.3198932237097072
7852,10.770476795895272,10.450583572185565,0.3198932237097072
7853,10.770476795895272,10.450583572185565,0.3198932237097072
7854,10.770476795895272,10.450583572185565,0.3198932237097072
7855,10.770476795895272,10.450583572185565,0.3198932237097072
7856,10.770476795895272,10.450583572185565,0.3198932237097072
7857,10.770476795895272,10.450583572185565,0.3198932237097072
7858,10.770476795895272,10.450583572185565,0.3198932237097072
7859,10.770476795895272,10.450583572185565,0.3198932237097072
7860,10.770476795895272,10.450583572185565,0.3198932237097072
7861,10.770476795895272,10.450583572185565,0.3198932237097072
7862,10.770476795895272,10.450583572185565,0.3198932237097072
7863,10.770476795895272,10.450583572185565,0.3198932237097072
7864,10.770476795895272,10.450583572185565,0.3198932237097072
7865,10.770476795895272,10.450583572185565,0.3198932237097072
7866,10.770476795895272,10.450583572185565,0.3198932237097072
7867,10.770476795895272,10.450583572185565,0.3198932237097072
7868,10.770476795895272,10.450583572185565,0.3198932237097072
7869,10.770476795895272,10.450583572185565,0.3198932237097072
7870,10.770476795895272,10.450583572185565,0.3198932237097072
7871,10.770476795895272,10.450583572185565,0.3198932237097072
7872,10.770476795895272,10.450583572185565,0.3198932237097072
7873,10.770476795895272,10.450583572185565,0.3198932237097072
7874,10.770476795895272,10.450583572185565,0.3198932237097072
7875,10.770476795895272,10.450583572185565,0.3198932237097072
7876,10.770476795895272,10.450583572185565,0.3198932237097072
7877,10.770476795895272,10.450583572185565,0.3198932237097072
7878,10.770476795895272,10.450583572185565,0.3198932237097072
7879,10.770476795895272,10.450583572185565,0.3198932237097072
7880,10.770476795895272,10.450583572185565,0.3198932237097072
7881,10.770476795895272,10.450583572185565,0.3198932237097072
7882,10.770476795895272,10.450583572185565,0.3198932237097072
7883,10.770476795895272,10.450583572185565,0.3198932237097072
7884,10.770476795895272,10.450583572185565,0.3198932237097072
7885,10.770476795895272,10.450583572185565,0.3198932237097072
7886,10.770476795895272,10.450583572185565,0.3198932237097072
7887,10.770476795895272,10.450583572185565,0.3198932237097072
7888,10.770476795895272,10.450583572185565,0.3198932237097072
7889,10.770476795895272,10.450583572185565,0.3198932237097072
7890,10.770476795895272,10.450583572185565,0.3198932237097072
7891,10.770476795895272,10.450583572185565,0.3198932237097072
7892,10.770476795895272,10.450583572185565,0.3198932237097072
7893,10.770476795895272,10.450583572185565,0.3198932237097072
7894,10.770476795895272,10.450583572185565,0.3198932237097072
7895,10.770476795895272,10.450583572185565,0.3198932237097072
7896,10.770476795895272,10.450583572185565,0.3198932237097072
7897,10.770476795895272,10.450583572185565,0.3198932237097072
7898,10.770476795895272,10.450583572185565,0.3198932237097072
7899,10.770476795895272,10.450583572185565,0.3198932237097072
7900,10.770476795895272,10.450583572185565,0.3198932237097072
7901,10.770476795895272,10.450583572185565,0.3198932237097072
7902,10.770476795895272,10.450583572185565,0.3198932237097072
7903,10.770476795895272,10.450583572185565,0.3198932237097072
7904,10.770476795895272,10.450583572185565,0.3198932237097072
7905,10.770476795895272,10.450583572185565,0.3198932237097072
7906,10.770476795895272,10.450583572185565,0.3198932237097072
7907,10.770476795895272,10.450583572185565,0.3198932237097072
7908,10.770476795895272,10.450583572185565,0.3198932237097072
7909,10.770476795895272,10.450583572185565,0.3198932237097072
7910,10.770476795895272,10.450583572185565,0.3198932237097072
7911,10.770476795895272,10.450583572185565,0.3198932237097072
7912,10.770476795895272,10.450583572185565,0.3198932237097072
7913,10.770476795895272,10.450583572185565,0.3198932237097072
7914,10.770476795895272,10.450583572185565,0.3198932237097072
7915,10.770476795895272,10.450583572185565,0.3198932237097072
7916,10.770476795895272,10.450583572185565,0.3198932237097072
7917,10.770476795895272,10.450583572185565,0.3198932237097072
7918,10.770476795895272,10.450583572185565,0.3198932237097072
7919,10.770476795895272,10.450583572185565,0.3198932237097072
7920,10.770476795895272,10.450583572185565,0.3198932237097072
7921,10.770476795895272,10.450583572185565,0.3198932237097072
7922,10.770476795895272,10.450583572185565,0.3198932237097072
7923,10.770476795895272,10.450583572185565,0.3198932237097072
7924,10.770476795895272,10.450583572185565,0.3198932237097072
7925,10.770476795895272,10.450583572185565,0.3198932237097072
7926,10.770476795895272,10.450583572185565,0.3198932237097072
7927,10.770476795895272,10.450583572185565,0.3198932237097072
7928,10.770476795895272,10.450583572185565,0.3198932237097072
7929,10.770476795895272,10.450583572185565,0.3198932237097072
7930,10.770476795895272,10.450583572185565,0.3198932237097072
7931,10.770476795895272,10.450583572185565,0.3198932237097072
7932,10.770476795895272,10.450583572185565,0.3198932237097072
7933,10.770476795895272,10.450583572185565,0.3198932237097072
7934,10.770476795895272,10.450583572185565,0.3198932237097072
7935,10.770476795895272,10.450583572185565,0.3198932237097072
7936,10.770476795895272,10.450583572185565,0.3198932237097072
7937,10.770476795895272,10.450583572185565,0.3198932237097072
7938,10.770476795895272,10.450583572185565,0.3198932237097072
7939,10.770476795895272,10.450583572185565,0.3198932237097072
7940,10.770476795895272,10.450583572185565,0.3198932237097072
7941,10.770476795895272,10.450583572185565,0.3198932237097072
7942,10.770476795895272,10.450583572185565,0.3198932237097072
7943,10.770476795895272,10.450583572185565,0.3198932237097072
7944,10.770476795895272,10.450583572185565,0.3198932237097072
7945,10.770476795895272,10.450583572185565,0.3198932237097072
7946,10.770476795895272,10.450583572185565,0.3198932237097072
7947,10.770476795895272,10.450583572185565,0.3198932237097072
7948,10.770476795895272,10.450583572185565,0.3198932237097072
7949,10.770476795895272,10.450583572185565,0.3198932237097072
7950,10.770476795895272,10.450583572185565,0.3198932237097072
7951,10.770476795895272,10.450583572185565,0.3198932237097072
7952,10.770476795895272,10.450583572185565,0.3198932237097072
7953,10.770476795895272,10.450583572185565,0.3198932237097072
7954,10.770476795895272,10.450583572185565,0.3198932237097072
7955,10.770476795895272,10.450583572185565,0.3198932237097072
7956,10.770476795895272,10.450583572185565,0.3198932237097072
7957,10.770476795895272,10.450583572185565,0.3198932237097072
7958,10.770476795895272,10.450583572185565,0.3198932237097072
7959,10.770476795895272,10.450583572185565,0.3198932237097072
7960,10.770476795895272,10.450583572185565,0.3198932237097072
7961,10.770476795895272,10.450583572185565,0.3198932237097072
7962,10.770476795895272,10.450583572185565,0.3198932237097072
7963,10.770476795895272,10.450583572185565,0.3198932237097072
7964,10.770476795895272,10.450583572185565,0.3198932237097072
7965,10.770476795895272,10.450583572185565,0.3198932237097072
7966,10.770476795895272,10.450583572185565,0.3198932237097072
7967,10.770476795895272,10.450583572185565,0.3198932237097072
7968,10.770476795895272,10.450583572185565,0.3198932237097072
7969,10.770476795895272,10.450583572185565,0.3198932237097072
7970,10.770476795895272,10.450583572185565,0.3198932237097072
7971,10.770476795895272,10.450583572185565,0.3198932237097072
7972,10.770476795895272,10.450583572185565,0.3198932237097072
7973,10.770476795895272,10.450583572185565,0.3198932237097072
7974,10.770476795895272,10.450583572185565,0.3198932237097072
7975,10.770476795895272,10.450583572185565,0.3198932237097072
7976,10.770476795895272,10.450583572185565,0.3198932237097072
7977,10.770476795895272,10.450583572185565,0.3198932237097072
7978,10.770476795895272,10.450583572185565,0.3198932237097072
7979,10.770476795895272,10.450583572185565,0.3198932237097072
7980,10.770476795895272,10.450583572185565,0.3198932237097072
7981,10.770476795895272,10.450583572185565,0.3198932237097072
7982,10.770476795895272,10.450583572185565,0.3198932237097072
7983,10.770476795895272,10.450583572185565,0.3198932237097072
7984,10.770476795895272,10.450583572185565,0.3198932237097072
7985,10.770476795895272,10.450583572185565,0.3198932237097072
7986,10.770476795895272,10.450583572185565,0.3198932237097072
7987,10.770476795895272,10.450583572185565,0.3198932237097072
7988,10.770476795895272,10.450583572185565,0.3198932237097072
7989,10.770476795895272,10.450583572185565,0.3198932237097072
7990,10.770476795895272,10.450583572185565,0.3198932237097072
7991,10.770476795895272,10.450583572185565,0.3198932237097072
7992,10.770476795895272,10.450583572185565,0.3198932237097072
7993,10.770476795895272,10.450583572185565,0.3198932237097072
7994,10.770476795895272,10.450583572185565,0.3198932237097072
7995,10.770476795895272,10.450583572185565,0.3198932237097072
7996,10.770476795895272,10.450583572185565,0.3198932237097072
7997,10.770476795895272,10.450583572185565,0.3198932237097072
7998,10.770476795895272,10.450583572185565,0.3198932237097072
7999,10.770476795895272,10.450583572185565,0.3198932237097072
8000,10.770476795895272,10.450583572185565,0.3198932237097072
8001,10.770476795895272,10.450583572185565,0.3198932237097072
8002,10.770476795895272,10.450583572185565,0.3198932237097072
8003,10.770476795895272,10.450583572185565,0.3198932237097072
8004,10.770476795895272,10.450583572185565,0.3198932237097072
8005,10.770476795895272,10.450583572185565,0.3198932237097072
8006,10.770476795895272,10.450583572185565,0.3198932237097072
8007,10.770476795895272,10.450583572185565,0.3198932237097072
8008,10.770476795895272,10.450583572185565,0.3198932237097072
8009,10.770476795895272,10.450583572185565,0.3198932237097072
8010,10.770476795895272,10.450583572185565,0.3198932237097072
8011,10.770476795895272,10.450583572185565,0.3198932237097072
8012,10.770476795895272,10.450583572185565,0.3198932237097072
8013,10.770476795895272,10.450583572185565,0.3198932237097072
8014,10.770476795895272,10.450583572185565,0.3198932237097072
8015,10.770476795895272,10.450583572185565,0.3198932237097072
8016,10.770476795895272,10.450583572185565,0.3198932237097072
8017,10.770476795895272,10.450583572185565,0.3198932237097072
8018,10.770476795895272,10.450583572185565,0.3198932237097072
8019,10.770476795895272,10.450583572185565,0.3198932237097072
8020,10.770476795895272,10.450583572185565,0.3198932237097072
8021,10.770476795895272,10.450583572185565,0.3198932237097072
8022,10.770476795895272,10.450583572185565,0.3198932237097072
8023,10.770476795895272,10.450583572185565,0.3198932237097072
8024,10.770476795895272,10.450583572185565,0.3198932237097072
8025,10.770476795895272,10.450583572185565,0.3198932237097072
8026,10.770476795895272,10.450583572185565,0.3198932237097072
8027,10.770476795895272,10.450583572185565,0.3198932237097072
8028,10.770476795895272,10.450583572185565,0.3198932237097072
8029,10.770476795895272,10.450583572185565,0.3198932237097072
8030,10.770476795895272,10.450583572185565,0.3198932237097072
8031,10.770476795895272,10.450583572185565,0.3198932237097072
8032,10.770476795895272,10.450583572185565,0.3198932237097072
8033,10.770476795895272,10.450583572185565,0.3198932237097072
8034,10.770476795895272,10.450583572185565,0.3198932237097072
8035,10.770476795895272,10.450583572185565,0.3198932237097072
8036,10.770476795895272,10.450583572185565,0.3198932237097072
8037,10.770476795895272,10.450583572185565,0.3198932237097072
8038,10.770476795895272,10.450583572185565,0.3198932237097072
8039,10.770476795895272,10.450583572185565,0.3198932237097072
8040,10.770476795895272,10.450583572185565,0.3198932237097072
8041,10.770476795895272,10.450583572185565,0.3198932237097072
8042,10.770476795895272,10.450583572185565,0.3198932237097072
8043,10.770476795895272,10.450583572185565,0.3198932237097072
8044,10.770476795895272,10.450583572185565,0.3198932237097072
8045,10.770476795895272,10.450583572185565,0.3198932237097072
8046,10.770476795895272,10.450583572185565,0.3198932237097072
8047,10.770476795895272,10.450583572185565,0.3198932237097072
8048,10.770476795895272,10.450583572185565,0.3198932237097072
8049,10.770476795895272,10.450583572185565,0.3198932237097072
8050,10.770476795895272,10.450583572185565,0.3198932237097072
8051,10.770476795895272,10.450583572185565,0.3198932237097072
8052,10.770476795895272,10.450583572185565,0.3198932237097072
8053,10.770476795895272,10.450583572185565,0.3198932237097072
8054,10.770476795895272,10.450583572185565,0.3198932237097072
8055,10.770476795895272,10.450583572185565,0.3198932237097072
8056,10.770476795895272,10.450583572185565,0.3198932237097072
8057,10.770476795895272,10.450583572185565,0.3198932237097072
8058,10.770476795895272,10.450583572185565,0.3198932237097072
8059,10.770476795895272,10.450583572185565,0.3198932237097072
8060,10.770476795895272,10.450583572185565,0.3198932237097072
8061,10.770476795895272,10.450583572185565,0.3198932237097072
8062,10.770476795895272,10.450583572185565,0.3198932237097072
8063,10.770476795895272,10.450583572185565,0.3198932237097072
8064,10.770476795895272,10.450583572185565,0.3198932237097072
8065,10.770476795895272,10.450583572185565,0.3198932237097072
8066,10.770476795895272,10.450583572185565,0.3198932237097072
8067,10.770476795895272,10.450583572185565,0.3198932237097072
8068,10.770476795895272,10.450583572185565,0.3198932237097072
8069,10.770476795895272,10.450583572185565,0.3198932237097072
8070,10.770476795895272,10.450583572185565,0.3198932237097072
8071,10.770476795895272,10.450583572185565,0.3198932237097072
8072,10.770476795895272,10.450583572185565,0.3198932237097072
8073,10.770476795895272,10.450583572185565,0.3198932237097072
8074,10.770476795895272,10.450583572185565,0.3198932237097072
8075,10.770476795895272,10.450583572185565,0.3198932237097072
8076,10.770476795895272,10.450583572185565,0.3198932237097072
8077,10.770476795895272,10.450583572185565,0.3198932237097072
8078,10.770476795895272,10.450583572185565,0.3198932237097072
8079,10.770476795895272,10.450583572185565,0.3198932237097072
8080,10.770476795895272,10.450583572185565,0.3198932237097072
8081,10.770476795895272,10.450583572185565,0.3198932237097072
8082,10.770476795895272,10.450583572185565,0.3198932237097072
8083,10.770476795895272,10.450583572185565,0.3198932237097072
8084,10.770476795895272,10.450583572185565,0.3198932237097072
8085,10.770476795895272,10.450583572185565,0.3198932237097072
8086,10.770476795895272,10.450583572185565,0.3198932237097072
8087,10.770476795895272,10.450583572185565,0.3198932237097072
8088,10.770476795895272,10.450583572185565,0.3198932237097072
8089,10.770476795895272,10.450583572185565,0.3198932237097072
8090,10.770476795895272,10.450583572185565,0.3198932237097072
8091,10.770476795895272,10.450583572185565,0.3198932237097072
8092,10.770476795895272,10.450583572185565,0.3198932237097072
8093,10.770476795895272,10.450583572185565,0.3198932237097072
8094,10.770476795895272,10.450583572185565,0.3198932237097072
8095,10.770476795895272,10.450583572185565,0.3198932237097072
8096,10.770476795895272,10.450583572185565,0.3198932237097072
8097,10.770476795895272,10.450583572185565,0.3198932237097072
8098,10.770476795895272,10.450583572185565,0.3198932237097072
8099,10.770476795895272,10.450583572185565,0.3198932237097072
8100,10.770476795895272,10.450583572185565,0.3198932237097072
8101,10.770476795895272,10.450583572185565,0.3198932237097072
8102,10.770476795895272,10.450583572185565,0.3198932237097072
8103,10.770476795895272,10.450583572185565,0.3198932237097072
8104,10.770476795895272,10.450583572185565,0.3198932237097072
8105,10.770476795895272,10.450583572185565,0.3198932237097072
8106,10.770476795895272,10.450583572185565,0.3198932237097072
8107,10.770476795895272,10.450583572185565,0.3198932237097072
8108,10.770476795895272,10.450583572185565,0.3198932237097072
8109,10.770476795895272,10.450583572185565,0.3198932237097072
8110,10.770476795895272,10.450583572185565,0.3198932237097072
8111,10.770476795895272,10.450583572185565,0.3198932237097072
8112,10.770476795895272,10.450583572185565,0.3198932237097072
8113,10.770476795895272,10.450583572185565,0.3198932237097072
8114,10.770476795895272,10.450583572185565,0.3198932237097072
8115,10.770476795895272,10.450583572185565,0.3198932237097072
8116,10.770476795895272,10.450583572185565,0.3198932237097072
8117,10.770476795895272,10.450583572185565,0.3198932237097072
8118,10.770476795895272,10.450583572185565,0.3198932237097072
8119,10.770476795895272,10.450583572185565,0.3198932237097072
8120,10.770476795895272,10.450583572185565,0.3198932237097072
8121,10.770476795895272,10.450583572185565,0.3198932237097072
8122,10.770476795895272,10.450583572185565,0.3198932237097072
8123,10.770476795895272,10.450583572185565,0.3198932237097072
8124,10.770476795895272,10.450583572185565,0.3198932237097072
8125,10.770476795895272,10.450583572185565,0.3198932237097072
8126,10.770476795895272,10.450583572185565,0.3198932237097072
8127,10.770476795895272,10.450583572185565,0.3198932237097072
8128,10.770476795895272,10.450583572185565,0.3198932237097072
8129,10.770476795895272,10.450583572185565,0.3198932237097072
8130,10.770476795895272,10.450583572185565,0.3198932237097072
8131,10.770476795895272,10.450583572185565,0.3198932237097072
8132,10.770476795895272,10.450583572185565,0.3198932237097072
8133,10.770476795895272,10.450583572185565,0.3198932237097072
8134,10.770476795895272,10.450583572185565,0.3198932237097072
8135,10.770476795895272,10.450583572185565,0.3198932237097072
8136,10.770476795895272,10.450583572185565,0.3198932237097072
8137,10.770476795895272,10.450583572185565,0.3198932237097072
8138,10.770476795895272,10.450583572185565,0.3198932237097072
8139,10.770476795895272,10.450583572185565,0.3198932237097072
8140,10.770476795895272,10.450583572185565,0.3198932237097072
8141,10.770476795895272,10.450583572185565,0.3198932237097072
8142,10.770476795895272,10.450583572185565,0.3198932237097072
8143,10.770476795895272,10.450583572185565,0.3198932237097072
8144,10.770476795895272,10.450583572185565,0.3198932237097072
8145,10.770476795895272,10.450583572185565,0.3198932237097072
8146,10.770476795895272,10.450583572185565,0.3198932237097072
8147,10.770476795895272,10.450583572185565,0.3198932237097072
8148,10.770476795895272,10.450583572185565,0.3198932237097072
8149,10.770476795895272,10.450583572185565,0.3198932237097072
8150,10.770476795895272,10.450583572185565,0.3198932237097072
8151,10.770476795895272,10.450583572185565,0.3198932237097072
8152,10.770476795895272,10.450583572185565,0.3198932237097072
8153,10.770476795895272,10.450583572185565,0.3198932237097072
8154,10.770476795895272,10.450583572185565,0.3198932237097072
8155,10.770476795895272,10.450583572185565,0.3198932237097072
8156,10.770476795895272,10.450583572185565,0.3198932237097072
8157,10.770476795895272,10.450583572185565,0.3198932237097072
8158,10.770476795895272,10.450583572185565,0.3198932237097072
8159,10.770476795895272,10.450583572185565,0.3198932237097072
8160,10.770476795895272,10.450583572185565,0.3198932237097072
8161,10.770476795895272,10.450583572185565,0.3198932237097072
8162,10.770476795895272,10.450583572185565,0.3198932237097072
8163,10.770476795895272,10.450583572185565,0.3198932237097072
8164,10.770476795895272,10.450583572185565,0.3198932237097072
8165,10.770476795895272,10.450583572185565,0.3198932237097072
8166,10.770476795895272,10.450583572185565,0.3198932237097072
8167,10.770476795895272,10.450583572185565,0.3198932237097072
8168,10.770476795895272,10.450583572185565,0.3198932237097072
8169,10.770476795895272,10.450583572185565,0.3198932237097072
8170,10.770476795895272,10.450583572185565,0.3198932237097072
8171,10.770476795895272,10.450583572185565,0.3198932237097072
8172,10.770476795895272,10.450583572185565,0.3198932237097072
8173,10.770476795895272,10.450583572185565,0.3198932237097072
8174,10.770476795895272,10.450583572185565,0.3198932237097072
8175,10.770476795895272,10.450583572185565,0.3198932237097072
8176,10.770476795895272,10.450583572185565,0.3198932237097072
8177,10.770476795895272,10.450583572185565,0.3198932237097072
8178,10.770476795895272,10.450583572185565,0.3198932237097072
8179,10.770476795895272,10.450583572185565,0.3198932237097072
8180,10.770476795895272,10.450583572185565,0.3198932237097072
8181,10.770476795895272,10.450583572185565,0.3198932237097072
8182,10.770476795895272,10.450583572185565,0.3198932237097072
8183,10.770476795895272,10.450583572185565,0.3198932237097072
8184,10.770476795895272,10.450583572185565,0.3198932237097072
8185,10.770476795895272,10.450583572185565,0.3198932237097072
8186,10.770476795895272,10.450583572185565,0.3198932237097072
8187,10.770476795895272,10.450583572185565,0.3198932237097072
8188,10.770476795895272,10.450583572185565,0.3198932237097072
8189,10.770476795895272,10.450583572185565,0.3198932237097072
8190,10.770476795895272,10.450583572185565,0.3198932237097072
8191,10.770476795895272,10.450583572185565,0.3198932237097072
8192,10.770476795895272,10.450583572185565,0.3198932237097072
8193,10.770476795895272,10.450583572185565,0.3198932237097072
8194,10.770476795895272,10.450583572185565,0.3198932237097072
8195,10.770476795895272,10.450583572185565,0.3198932237097072
8196,10.770476795895272,10.450583572185565,0.3198932237097072
8197,10.770476795895272,10.450583572185565,0.3198932237097072
8198,10.770476795895272,10.450583572185565,0.3198932237097072
8199,10.770476795895272,10.450583572185565,0.3198932237097072
8200,10.770476795895272,10.450583572185565,0.3198932237097072
8201,10.770476795895272,10.450583572185565,0.3198932237097072
8202,10.770476795895272,10.450583572185565,0.3198932237097072
8203,10.770476795895272,10.450583572185565,0.3198932237097072
8204,10.770476795895272,10.450583572185565,0.3198932237097072
8205,10.770476795895272,10.450583572185565,0.3198932237097072
8206,10.770476795895272,10.450583572185565,0.3198932237097072
8207,10.770476795895272,10.450583572185565,0.3198932237097072
8208,10.770476795895272,10.450583572185565,0.3198932237097072
8209,10.770476795895272,10.450583572185565,0.3198932237097072
8210,10.770476795895272,10.450583572185565,0.3198932237097072
8211,10.770476795895272,10.450583572185565,0.3198932237097072
8212,10.770476795895272,10.450583572185565,0.3198932237097072
8213,10.770476795895272,10.450583572185565,0.3198932237097072
8214,10.770476795895272,10.450583572185565,0.3198932237097072
8215,10.770476795895272,10.450583572185565,0.3198932237097072
8216,10.770476795895272,10.450583572185565,0.3198932237097072
8217,10.770476795895272,10.450583572185565,0.3198932237097072
8218,10.770476795895272,10.450583572185565,0.3198932237097072
8219,10.770476795895272,10.450583572185565,0.3198932237097072
8220,10.770476795895272,10.450583572185565,0.3198932237097072
8221,10.770476795895272,10.450583572185565,0.3198932237097072
8222,10.770476795895272,10.450583572185565,0.3198932237097072
8223,10.770476795895272,10.450583572185565,0.3198932237097072
8224,10.770476795895272,10.450583572185565,0.3198932237097072
8225,10.770476795895272,10.450583572185565,0.3198932237097072
8226,10.770476795895272,10.450583572185565,0.3198932237097072
8227,10.770476795895272,10.450583572185565,0.3198932237097072
8228,10.770476795895272,10.450583572185565,0.3198932237097072
8229,10.770476795895272,10.450583572185565,0.3198932237097072
8230,10.770476795895272,10.450583572185565,0.3198932237097072
8231,10.770476795895272,10.450583572185565,0.3198932237097072
8232,10.770476795895272,10.450583572185565,0.3198932237097072
8233,10.770476795895272,10.450583572185565,0.3198932237097072
8234,10.770476795895272,10.450583572185565,0.3198932237097072
8235,10.770476795895272,10.450583572185565,0.3198932237097072
8236,10.770476795895272,10.450583572185565,0.3198932237097072
8237,10.770476795895272,10.450583572185565,0.3198932237097072
8238,10.770476795895272,10.450583572185565,0.3198932237097072
8239,10.770476795895272,10.450583572185565,0.3198932237097072
8240,10.770476795895272,10.450583572185565,0.3198932237097072
8241,10.770476795895272,10.450583572185565,0.3198932237097072
8242,10.770476795895272,10.450583572185565,0.3198932237097072
8243,10.770476795895272,10.450583572185565,0.3198932237097072
8244,10.770476795895272,10.450583572185565,0.3198932237097072
8245,10.770476795895272,10.450583572185565,0.3198932237097072
8246,10.770476795895272,10.450583572185565,0.3198932237097072
8247,10.770476795895272,10.450583572185565,0.3198932237097072
8248,10.770476795895272,10.450583572185565,0.3198932237097072
8249,10.770476795895272,10.450583572185565,0.3198932237097072
8250,10.770476795895272,10.450583572185565,0.3198932237097072
8251,10.770476795895272,10.450583572185565,0.3198932237097072
8252,10.770476795895272,10.450583572185565,0.3198932237097072
8253,10.770476795895272,10.450583572185565,0.3198932237097072
8254,10.770476795895272,10.450583572185565,0.3198932237097072
8255,10.770476795895272,10.450583572185565,0.3198932237097072
8256,10.770476795895272,10.450583572185565,0.3198932237097072
8257,10.770476795895272,10.450583572185565,0.3198932237097072
8258,10.770476795895272,10.450583572185565,0.3198932237097072
8259,10.770476795895272,10.450583572185565,0.3198932237097072
8260,10.770476795895272,10.450583572185565,0.3198932237097072
8261,10.770476795895272,10.450583572185565,0.3198932237097072
8262,10.770476795895272,10.450583572185565,0.3198932237097072
8263,10.770476795895272,10.450583572185565,0.3198932237097072
8264,10.770476795895272,10.450583572185565,0.3198932237097072
8265,10.770476795895272,10.450583572185565,0.3198932237097072
8266,10.770476795895272,10.450583572185565,0.3198932237097072
8267,10.770476795895272,10.450583572185565,0.3198932237097072
8268,10.770476795895272,10.450583572185565,0.3198932237097072
8269,10.770476795895272,10.450583572185565,0.3198932237097072
8270,10.770476795895272,10.450583572185565,0.3198932237097072
8271,10.770476795895272,10.450583572185565,0.3198932237097072
8272,10.770476795895272,10.450583572185565,0.3198932237097072
8273,10.770476795895272,10.450583572185565,0.3198932237097072
8274,10.770476795895272,10.450583572185565,0.3198932237097072
8275,10.770476795895272,10.450583572185565,0.3198932237097072
8276,10.770476795895272,10.450583572185565,0.3198932237097072
8277,10.770476795895272,10.450583572185565,0.3198932237097072
8278,10.770476795895272,10.450583572185565,0.3198932237097072
8279,10.770476795895272,10.450583572185565,0.3198932237097072
8280,10.770476795895272,10.450583572185565,0.3198932237097072
8281,10.770476795895272,10.450583572185565,0.3198932237097072
8282,10.770476795895272,10.450583572185565,0.3198932237097072
8283,10.770476795895272,10.450583572185565,0.3198932237097072
8284,10.770476795895272,10.450583572185565,0.3198932237097072
8285,10.770476795895272,10.450583572185565,0.3198932237097072
8286,10.770476795895272,10.450583572185565,0.3198932237097072
8287,10.770476795895272,10.450583572185565,0.3198932237097072
8288,10.770476795895272,10.450583572185565,0.3198932237097072
8289,10.770476795895272,10.450583572185565,0.3198932237097072
8290,10.770476795895272,10.450583572185565,0.3198932237097072
8291,10.770476795895272,10.450583572185565,0.3198932237097072
8292,10.770476795895272,10.450583572185565,0.3198932237097072
8293,10.770476795895272,10.450583572185565,0.3198932237097072
8294,10.770476795895272,10.450583572185565,0.3198932237097072
8295,10.770476795895272,10.450583572185565,0.3198932237097072
8296,10.770476795895272,10.450583572185565,0.3198932237097072
8297,10.770476795895272,10.450583572185565,0.3198932237097072
8298,10.770476795895272,10.450583572185565,0.3198932237097072
8299,10.770476795895272,10.450583572185565,0.3198932237097072
8300,10.770476795895272,10.450583572185565,0.3198932237097072
8301,10.770476795895272,10.450583572185565,0.3198932237097072
8302,10.770476795895272,10.450583572185565,0.3198932237097072
8303,10.770476795895272,10.450583572185565,0.3198932237097072
8304,10.770476795895272,10.450583572185565,0.3198932237097072
8305,10.770476795895272,10.450583572185565,0.3198932237097072
8306,10.770476795895272,10.450583572185565,0.3198932237097072
8307,10.770476795895272,10.450583572185565,0.3198932237097072
8308,10.770476795895272,10.450583572185565,0.3198932237097072
8309,10.770476795895272,10.450583572185565,0.3198932237097072
8310,10.770476795895272,10.450583572185565,0.3198932237097072
8311,10.770476795895272,10.450583572185565,0.3198932237097072
8312,10.770476795895272,10.450583572185565,0.3198932237097072
8313,10.770476795895272,10.450583572185565,0.3198932237097072
8314,10.770476795895272,10.450583572185565,0.3198932237097072
8315,10.770476795895272,10.450583572185565,0.3198932237097072
8316,10.770476795895272,10.450583572185565,0.3198932237097072
8317,10.770476795895272,10.450583572185565,0.3198932237097072
8318,10.770476795895272,10.450583572185565,0.3198932237097072
8319,10.770476795895272,10.450583572185565,0.3198932237097072
8320,10.770476795895272,10.450583572185565,0.3198932237097072
8321,10.770476795895272,10.450583572185565,0.3198932237097072
8322,10.770476795895272,10.450583572185565,0.3198932237097072
8323,10.770476795895272,10.450583572185565,0.3198932237097072
8324,10.770476795895272,10.450583572185565,0.3198932237097072
8325,10.770476795895272,10.450583572185565,0.3198932237097072
8326,10.770476795895272,10.450583572185565,0.3198932237097072
8327,10.770476795895272,10.450583572185565,0.3198932237097072
8328,10.770476795895272,10.450583572185565,0.3198932237097072
8329,10.770476795895272,10.450583572185565,0.3198932237097072
8330,10.770476795895272,10.450583572185565,0.3198932237097072
8331,10.770476795895272,10.450583572185565,0.3198932237097072
8332,10.770476795895272,10.450583572185565,0.3198932237097072
8333,10.770476795895272,10.450583572185565,0.3198932237097072
8334,10.770476795895272,10.450583572185565,0.3198932237097072
8335,10.770476795895272,10.450583572185565,0.3198932237097072
8336,10.770476795895272,10.450583572185565,0.3198932237097072
8337,10.770476795895272,10.450583572185565,0.3198932237097072
8338,10.770476795895272,10.450583572185565,0.3198932237097072
8339,10.770476795895272,10.450583572185565,0.3198932237097072
8340,10.770476795895272,10.450583572185565,0.3198932237097072
8341,10.770476795895272,10.450583572185565,0.3198932237097072
8342,10.770476795895272,10.450583572185565,0.3198932237097072
8343,10.770476795895272,10.450583572185565,0.3198932237097072
8344,10.770476795895272,10.450583572185565,0.3198932237097072
8345,10.770476795895272,10.450583572185565,0.3198932237097072
8346,10.770476795895272,10.450583572185565,0.3198932237097072
8347,10.770476795895272,10.450583572185565,0.3198932237097072
8348,10.770476795895272,10.450583572185565,0.3198932237097072
8349,10.770476795895272,10.450583572185565,0.3198932237097072
8350,10.770476795895272,10.450583572185565,0.3198932237097072
8351,10.770476795895272,10.450583572185565,0.3198932237097072
8352,10.770476795895272,10.450583572185565,0.3198932237097072
8353,10.770476795895272,10.450583572185565,0.3198932237097072
8354,10.770476795895272,10.450583572185565,0.3198932237097072
8355,10.770476795895272,10.450583572185565,0.3198932237097072
8356,10.770476795895272,10.450583572185565,0.3198932237097072
8357,10.770476795895272,10.450583572185565,0.3198932237097072
8358,10.770476795895272,10.450583572185565,0.3198932237097072
8359,10.770476795895272,10.450583572185565,0.3198932237097072
8360,10.770476795895272,10.450583572185565,0.3198932237097072
8361,10.770476795895272,10.450583572185565,0.3198932237097072
8362,10.770476795895272,10.450583572185565,0.3198932237097072
8363,10.770476795895272,10.450583572185565,0.3198932237097072
8364,10.770476795895272,10.450583572185565,0.3198932237097072
8365,10.770476795895272,10.450583572185565,0.3198932237097072
8366,10.770476795895272,10.450583572185565,0.3198932237097072
8367,10.770476795895272,10.450583572185565,0.3198932237097072
8368,10.770476795895272,10.450583572185565,0.3198932237097072
8369,10.770476795895272,10.450583572185565,0.3198932237097072
8370,10.770476795895272,10.450583572185565,0.3198932237097072
8371,10.770476795895272,10.450583572185565,0.3198932237097072
8372,10.770476795895272,10.450583572185565,0.3198932237097072
8373,10.770476795895272,10.450583572185565,0.3198932237097072
8374,10.770476795895272,10.450583572185565,0.3198932237097072
8375,10.770476795895272,10.450583572185565,0.3198932237097072
8376,10.770476795895272,10.450583572185565,0.3198932237097072
8377,10.770476795895272,10.450583572185565,0.3198932237097072
8378,10.770476795895272,10.450583572185565,0.3198932237097072
8379,10.770476795895272,10.450583572185565,0.3198932237097072
8380,10.770476795895272,10.450583572185565,0.3198932237097072
8381,10.770476795895272,10.450583572185565,0.3198932237097072
8382,10.770476795895272,10.450583572185565,0.3198932237097072
8383,10.770476795895272,10.450583572185565,0.3198932237097072
8384,10.770476795895272,10.450583572185565,0.3198932237097072
8385,10.770476795895272,10.450583572185565,0.3198932237097072
8386,10.770476795895272,10.450583572185565,0.3198932237097072
8387,10.770476795895272,10.450583572185565,0.3198932237097072
8388,10.770476795895272,10.450583572185565,0.3198932237097072
8389,10.770476795895272,10.450583572185565,0.3198932237097072
8390,10.770476795895272,10.450583572185565,0.3198932237097072
8391,10.770476795895272,10.450583572185565,0.3198932237097072
8392,10.770476795895272,10.450583572185565,0.3198932237097072
8393,10.770476795895272,10.450583572185565,0.3198932237097072
8394,10.770476795895272,10.450583572185565,0.3198932237097072
8395,10.770476795895272,10.450583572185565,0.3198932237097072
8396,10.770476795895272,10.450583572185565,0.3198932237097072
8397,10.770476795895272,10.450583572185565,0.3198932237097072
8398,10.770476795895272,10.450583572185565,0.3198932237097072
8399,10.770476795895272,10.450583572185565,0.3198932237097072
8400,10.770476795895272,10.450583572185565,0.3198932237097072
8401,10.770476795895272,10.450583572185565,0.3198932237097072
8402,10.770476795895272,10.450583572185565,0.3198932237097072
8403,10.770476795895272,10.450583572185565,0.3198932237097072
8404,10.770476795895272,10.450583572185565,0.3198932237097072
8405,10.770476795895272,10.450583572185565,0.3198932237097072
8406,10.770476795895272,10.450583572185565,0.3198932237097072
8407,10.770476795895272,10.450583572185565,0.3198932237097072
8408,10.770476795895272,10.450583572185565,0.3198932237097072
8409,10.770476795895272,10.450583572185565,0.3198932237097072
8410,10.770476795895272,10.450583572185565,0.3198932237097072
8411,10.770476795895272,10.450583572185565,0.3198932237097072
8412,10.770476795895272,10.450583572185565,0.3198932237097072
8413,10.770476795895272,10.450583572185565,0.3198932237097072
8414,10.770476795895272,10.450583572185565,0.3198932237097072
8415,10.770476795895272,10.450583572185565,0.3198932237097072
8416,10.770476795895272,10.450583572185565,0.3198932237097072
8417,10.770476795895272,10.450583572185565,0.3198932237097072
8418,10.770476795895272,10.450583572185565,0.3198932237097072
8419,10.770476795895272,10.450583572185565,0.3198932237097072
8420,10.770476795895272,10.450583572185565,0.3198932237097072
8421,10.770476795895272,10.450583572185565,0.3198932237097072
8422,10.770476795895272,10.450583572185565,0.3198932237097072
8423,10.770476795895272,10.450583572185565,0.3198932237097072
8424,10.770476795895272,10.450583572185565,0.3198932237097072
8425,10.770476795895272,10.450583572185565,0.3198932237097072
8426,10.770476795895272,10.450583572185565,0.3198932237097072
8427,10.770476795895272,10.450583572185565,0.3198932237097072
8428,10.770476795895272,10.450583572185565,0.3198932237097072
8429,10.770476795895272,10.450583572185565,0.3198932237097072
8430,10.770476795895272,10.450583572185565,0.3198932237097072
8431,10.770476795895272,10.450583572185565,0.3198932237097072
8432,10.770476795895272,10.450583572185565,0.3198932237097072
8433,10.770476795895272,10.450583572185565,0.3198932237097072
8434,10.770476795895272,10.450583572185565,0.3198932237097072
8435,10.770476795895272,10.450583572185565,0.3198932237097072
8436,10.770476795895272,10.450583572185565,0.3198932237097072
8437,10.770476795895272,10.450583572185565,0.3198932237097072
8438,10.770476795895272,10.450583572185565,0.3198932237097072
8439,10.770476795895272,10.450583572185565,0.3198932237097072
8440,10.770476795895272,10.450583572185565,0.3198932237097072
8441,10.770476795895272,10.450583572185565,0.3198932237097072
8442,10.770476795895272,10.450583572185565,0.3198932237097072
8443,10.770476795895272,10.450583572185565,0.3198932237097072
8444,10.770476795895272,10.450583572185565,0.3198932237097072
8445,10.770476795895272,10.450583572185565,0.3198932237097072
8446,10.770476795895272,10.450583572185565,0.3198932237097072
8447,10.770476795895272,10.450583572185565,0.3198932237097072
8448,10.770476795895272,10.450583572185565,0.3198932237097072
8449,10.770476795895272,10.450583572185565,0.3198932237097072
8450,10.770476795895272,10.450583572185565,0.3198932237097072
8451,10.770476795895272,10.450583572185565,0.3198932237097072
8452,10.770476795895272,10.450583572185565,0.3198932237097072
8453,10.770476795895272,10.450583572185565,0.3198932237097072
8454,10.770476795895272,10.450583572185565,0.3198932237097072
8455,10.770476795895272,10.450583572185565,0.3198932237097072
8456,10.770476795895272,10.450583572185565,0.3198932237097072
8457,10.770476795895272,10.450583572185565,0.3198932237097072
8458,10.770476795895272,10.450583572185565,0.3198932237097072
8459,10.770476795895272,10.450583572185565,0.3198932237097072
8460,10.770476795895272,10.450583572185565,0.3198932237097072
8461,10.770476795895272,10.450583572185565,0.3198932237097072
8462,10.770476795895272,10.450583572185565,0.3198932237097072
8463,10.770476795895272,10.450583572185565,0.3198932237097072
8464,10.770476795895272,10.450583572185565,0.3198932237097072
8465,10.770476795895272,10.450583572185565,0.3198932237097072
8466,10.770476795895272,10.450583572185565,0.3198932237097072
8467,10.770476795895272,10.450583572185565,0.3198932237097072
8468,10.770476795895272,10.450583572185565,0.3198932237097072
8469,10.770476795895272,10.450583572185565,0.3198932237097072
8470,10.770476795895272,10.450583572185565,0.3198932237097072
8471,10.770476795895272,10.450583572185565,0.3198932237097072
8472,10.770476795895272,10.450583572185565,0.3198932237097072
8473,10.770476795895272,10.450583572185565,0.3198932237097072
8474,10.770476795895272,10.450583572185565,0.3198932237097072
8475,10.770476795895272,10.450583572185565,0.3198932237097072
8476,10.770476795895272,10.450583572185565,0.3198932237097072
8477,10.770476795895272,10.450583572185565,0.3198932237097072
8478,10.770476795895272,10.450583572185565,0.3198932237097072
8479,10.770476795895272,10.450583572185565,0.3198932237097072
8480,10.770476795895272,10.450583572185565,0.3198932237097072
8481,10.770476795895272,10.450583572185565,0.3198932237097072
8482,10.770476795895272,10.450583572185565,0.3198932237097072
8483,10.770476795895272,10.450583572185565,0.3198932237097072
8484,10.770476795895272,10.450583572185565,0.3198932237097072
8485,10.770476795895272,10.450583572185565,0.3198932237097072
8486,10.770476795895272,10.450583572185565,0.3198932237097072
8487,10.770476795895272,10.450583572185565,0.3198932237097072
8488,10.770476795895272,10.450583572185565,0.3198932237097072
8489,10.770476795895272,10.450583572185565,0.3198932237097072
8490,10.770476795895272,10.450583572185565,0.3198932237097072
8491,10.770476795895272,10.450583572185565,0.3198932237097072
8492,10.770476795895272,10.450583572185565,0.3198932237097072
8493,10.770476795895272,10.450583572185565,0.3198932237097072
8494,10.770476795895272,10.450583572185565,0.3198932237097072
8495,10.770476795895272,10.450583572185565,0.3198932237097072
8496,10.770476795895272,10.450583572185565,0.3198932237097072
8497,10.770476795895272,10.450583572185565,0.3198932237097072
8498,10.770476795895272,10.450583572185565,0.3198932237097072
8499,10.770476795895272,10.450583572185565,0.3198932237097072
8500,10.770476795895272,10.450583572185565,0.3198932237097072
8501,10.770476795895272,10.450583572185565,0.3198932237097072
8502,10.770476795895272,10.450583572185565,0.3198932237097072
8503,10.770476795895272,10.450583572185565,0.3198932237097072
8504,10.770476795895272,10.450583572185565,0.3198932237097072
8505,10.770476795895272,10.450583572185565,0.3198932237097072
8506,10.770476795895272,10.450583572185565,0.3198932237097072
8507,10.770476795895272,10.450583572185565,0.3198932237097072
8508,10.770476795895272,10.450583572185565,0.3198932237097072
8509,10.770476795895272,10.450583572185565,0.3198932237097072
8510,10.770476795895272,10.450583572185565,0.3198932237097072
8511,10.770476795895272,10.450583572185565,0.3198932237097072
8512,10.770476795895272,10.450583572185565,0.3198932237097072
8513,10.770476795895272,10.450583572185565,0.3198932237097072
8514,10.770476795895272,10.450583572185565,0.3198932237097072
8515,10.770476795895272,10.450583572185565,0.3198932237097072
8516,10.770476795895272,10.450583572185565,0.3198932237097072
8517,10.770476795895272,10.450583572185565,0.3198932237097072
8518,10.770476795895272,10.450583572185565,0.3198932237097072
8519,10.770476795895272,10.450583572185565,0.3198932237097072
8520,10.770476795895272,10.450583572185565,0.3198932237097072
8521,10.770476795895272,10.450583572185565,0.3198932237097072
8522,10.770476795895272,10.450583572185565,0.3198932237097072
8523,10.770476795895272,10.450583572185565,0.3198932237097072
8524,10.770476795895272,10.450583572185565,0.3198932237097072
8525,10.770476795895272,10.450583572185565,0.3198932237097072
8526,10.770476795895272,10.450583572185565,0.3198932237097072
8527,10.770476795895272,10.450583572185565,0.3198932237097072
8528,10.770476795895272,10.450583572185565,0.3198932237097072
8529,10.770476795895272,10.450583572185565,0.3198932237097072
8530,10.770476795895272,10.450583572185565,0.3198932237097072
8531,10.770476795895272,10.450583572185565,0.3198932237097072
8532,10.770476795895272,10.450583572185565,0.3198932237097072
8533,10.770476795895272,10.450583572185565,0.3198932237097072
8534,10.770476795895272,10.450583572185565,0.3198932237097072
8535,10.770476795895272,10.450583572185565,0.3198932237097072
8536,10.770476795895272,10.450583572185565,0.3198932237097072
8537,10.770476795895272,10.450583572185565,0.3198932237097072
8538,10.770476795895272,10.450583572185565,0.3198932237097072
8539,10.770476795895272,10.450583572185565,0.3198932237097072
8540,10.770476795895272,10.450583572185565,0.3198932237097072
8541,10.770476795895272,10.450583572185565,0.3198932237097072
8542,10.770476795895272,10.450583572185565,0.3198932237097072
8543,10.770476795895272,10.450583572185565,0.3198932237097072
8544,10.770476795895272,10.450583572185565,0.3198932237097072
8545,10.770476795895272,10.450583572185565,0.3198932237097072
8546,10.770476795895272,10.450583572185565,0.3198932237097072
8547,10.770476795895272,10.450583572185565,0.3198932237097072
8548,10.770476795895272,10.450583572185565,0.3198932237097072
8549,10.770476795895272,10.450583572185565,0.3198932237097072
8550,10.770476795895272,10.450583572185565,0.3198932237097072
8551,10.770476795895272,10.450583572185565,0.3198932237097072
8552,10.770476795895272,10.450583572185565,0.3198932237097072
8553,10.770476795895272,10.450583572185565,0.3198932237097072
8554,10.770476795895272,10.450583572185565,0.3198932237097072
8555,10.770476795895272,10.450583572185565,0.3198932237097072
8556,10.770476795895272,10.450583572185565,0.3198932237097072
8557,10.770476795895272,10.450583572185565,0.3198932237097072
8558,10.770476795895272,10.450583572185565,0.3198932237097072
8559,10.770476795895272,10.450583572185565,0.3198932237097072
8560,10.770476795895272,10.450583572185565,0.3198932237097072
8561,10.770476795895272,10.450583572185565,0.3198932237097072
8562,10.770476795895272,10.450583572185565,0.3198932237097072
8563,10.770476795895272,10.450583572185565,0.3198932237097072
8564,10.770476795895272,10.450583572185565,0.3198932237097072
8565,10.770476795895272,10.450583572185565,0.3198932237097072
8566,10.770476795895272,10.450583572185565,0.3198932237097072
8567,10.770476795895272,10.450583572185565,0.3198932237097072
8568,10.770476795895272,10.450583572185565,0.3198932237097072
8569,10.770476795895272,10.450583572185565,0.3198932237097072
8570,10.770476795895272,10.450583572185565,0.3198932237097072
8571,10.770476795895272,10.450583572185565,0.3198932237097072
8572,10.770476795895272,10.450583572185565,0.3198932237097072
8573,10.770476795895272,10.450583572185565,0.3198932237097072
8574,10.770476795895272,10.450583572185565,0.3198932237097072
8575,10.770476795895272,10.450583572185565,0.3198932237097072
8576,10.770476795895272,10.450583572185565,0.3198932237097072
8577,10.770476795895272,10.450583572185565,0.3198932237097072
8578,10.770476795895272,10.450583572185565,0.3198932237097072
8579,10.770476795895272,10.450583572185565,0.3198932237097072
8580,10.770476795895272,10.450583572185565,0.3198932237097072
8581,10.770476795895272,10.450583572185565,0.3198932237097072
8582,10.770476795895272,10.450583572185565,0.3198932237097072
8583,10.770476795895272,10.450583572185565,0.3198932237097072
8584,10.770476795895272,10.450583572185565,0.3198932237097072
8585,10.770476795895272,10.450583572185565,0.3198932237097072
8586,10.770476795895272,10.450583572185565,0.3198932237097072
8587,10.770476795895272,10.450583572185565,0.3198932237097072
8588,10.770476795895272,10.450583572185565,0.3198932237097072
8589,10.770476795895272,10.450583572185565,0.3198932237097072
8590,10.770476795895272,10.450583572185565,0.3198932237097072
8591,10.770476795895272,10.450583572185565,0.3198932237097072
8592,10.770476795895272,10.450583572185565,0.3198932237097072
8593,10.770476795895272,10.450583572185565,0.3198932237097072
8594,10.770476795895272,10.450583572185565,0.3198932237097072
8595,10.770476795895272,10.450583572185565,0.3198932237097072
8596,10.770476795895272,10.450583572185565,0.3198932237097072
8597,10.770476795895272,10.450583572185565,0.3198932237097072
8598,10.770476795895272,10.450583572185565,0.3198932237097072
8599,10.770476795895272,10.450583572185565,0.3198932237097072
8600,10.770476795895272,10.450583572185565,0.3198932237097072
8601,10.770476795895272,10.450583572185565,0.3198932237097072
8602,10.770476795895272,10.450583572185565,0.3198932237097072
8603,10.770476795895272,10.450583572185565,0.3198932237097072
8604,10.770476795895272,10.450583572185565,0.3198932237097072
8605,10.770476795895272,10.450583572185565,0.3198932237097072
8606,10.770476795895272,10.450583572185565,0.3198932237097072
8607,10.770476795895272,10.450583572185565,0.3198932237097072
8608,10.770476795895272,10.450583572185565,0.3198932237097072
8609,10.770476795895272,10.450583572185565,0.3198932237097072
8610,10.770476795895272,10.450583572185565,0.3198932237097072
8611,10.770476795895272,10.450583572185565,0.3198932237097072
8612,10.770476795895272,10.450583572185565,0.3198932237097072
8613,10.770476795895272,10.450583572185565,0.3198932237097072
8614,10.770476795895272,10.450583572185565,0.3198932237097072
8615,10.770476795895272,10.450583572185565,0.3198932237097072
8616,10.770476795895272,10.450583572185565,0.3198932237097072
8617,10.770476795895272,10.450583572185565,0.3198932237097072
8618,10.770476795895272,10.450583572185565,0.3198932237097072
8619,10.770476795895272,10.450583572185565,0.3198932237097072
8620,10.770476795895272,10.450583572185565,0.3198932237097072
8621,10.770476795895272,10.450583572185565,0.3198932237097072
8622,10.770476795895272,10.450583572185565,0.3198932237097072
8623,10.770476795895272,10.450583572185565,0.3198932237097072
8624,10.770476795895272,10.450583572185565,0.3198932237097072
8625,10.770476795895272,10.450583572185565,0.3198932237097072
8626,10.770476795895272,10.450583572185565,0.3198932237097072
8627,10.770476795895272,10.450583572185565,0.3198932237097072
8628,10.770476795895272,10.450583572185565,0.3198932237097072
8629,10.770476795895272,10.450583572185565,0.3198932237097072
8630,10.770476795895272,10.450583572185565,0.3198932237097072
8631,10.770476795895272,10.450583572185565,0.3198932237097072
8632,10.770476795895272,10.450583572185565,0.3198932237097072
8633,10.770476795895272,10.450583572185565,0.3198932237097072
8634,10.770476795895272,10.450583572185565,0.3198932237097072
8635,10.770476795895272,10.450583572185565,0.3198932237097072
8636,10.770476795895272,10.450583572185565,0.3198932237097072
8637,10.770476795895272,10.450583572185565,0.3198932237097072
8638,10.770476795895272,10.450583572185565,0.3198932237097072
8639,10.770476795895272,10.450583572185565,0.3198932237097072
8640,10.770476795895272,10.450583572185565,0.3198932237097072
8641,10.770476795895272,10.450583572185565,0.3198932237097072
8642,10.770476795895272,10.450583572185565,0.3198932237097072
8643,10.770476795895272,10.450583572185565,0.3198932237097072
8644,10.770476795895272,10.450583572185565,0.3198932237097072
8645,10.770476795895272,10.450583572185565,0.3198932237097072
8646,10.770476795895272,10.450583572185565,0.3198932237097072
8647,10.770476795895272,10.450583572185565,0.3198932237097072
8648,10.770476795895272,10.450583572185565,0.3198932237097072
8649,10.770476795895272,10.450583572185565,0.3198932237097072
8650,10.770476795895272,10.450583572185565,0.3198932237097072
8651,10.770476795895272,10.450583572185565,0.3198932237097072
8652,10.770476795895272,10.450583572185565,0.3198932237097072
8653,10.770476795895272,10.450583572185565,0.3198932237097072
8654,10.770476795895272,10.450583572185565,0.3198932237097072
8655,10.770476795895272,10.450583572185565,0.3198932237097072
8656,10.770476795895272,10.450583572185565,0.3198932237097072
8657,10.770476795895272,10.450583572185565,0.3198932237097072
8658,10.770476795895272,10.450583572185565,0.3198932237097072
8659,10.770476795895272,10.450583572185565,0.3198932237097072
8660,10.770476795895272,10.450583572185565,0.3198932237097072
8661,10.770476795895272,10.450583572185565,0.3198932237097072
8662,10.770476795895272,10.450583572185565,0.3198932237097072
8663,10.770476795895272,10.450583572185565,0.3198932237097072
8664,10.770476795895272,10.450583572185565,0.3198932237097072
8665,10.770476795895272,10.450583572185565,0.3198932237097072
8666,10.770476795895272,10.450583572185565,0.3198932237097072
8667,10.770476795895272,10.450583572185565,0.3198932237097072
8668,10.770476795895272,10.450583572185565,0.3198932237097072
8669,10.770476795895272,10.450583572185565,0.3198932237097072
8670,10.770476795895272,10.450583572185565,0.3198932237097072
8671,10.770476795895272,10.450583572185565,0.3198932237097072
8672,10.770476795895272,10.450583572185565,0.3198932237097072
8673,10.770476795895272,10.450583572185565,0.3198932237097072
8674,10.770476795895272,10.450583572185565,0.3198932237097072
8675,10.770476795895272,10.450583572185565,0.3198932237097072
8676,10.770476795895272,10.450583572185565,0.3198932237097072
8677,10.770476795895272,10.450583572185565,0.3198932237097072
8678,10.770476795895272,10.450583572185565,0.3198932237097072
8679,10.770476795895272,10.450583572185565,0.3198932237097072
8680,10.770476795895272,10.450583572185565,0.3198932237097072
8681,10.770476795895272,10.450583572185565,0.3198932237097072
8682,10.770476795895272,10.450583572185565,0.3198932237097072
8683,10.770476795895272,10.450583572185565,0.3198932237097072
8684,10.770476795895272,10.450583572185565,0.3198932237097072
8685,10.770476795895272,10.450583572185565,0.3198932237097072
8686,10.770476795895272,10.450583572185565,0.3198932237097072
8687,10.770476795895272,10.450583572185565,0.3198932237097072
8688,10.770476795895272,10.450583572185565,0.3198932237097072
8689,10.770476795895272,10.450583572185565,0.3198932237097072
8690,10.770476795895272,10.450583572185565,0.3198932237097072
8691,10.770476795895272,10.450583572185565,0.3198932237097072
8692,10.770476795895272,10.450583572185565,0.3198932237097072
8693,10.770476795895272,10.450583572185565,0.3198932237097072
8694,10.770476795895272,10.450583572185565,0.3198932237097072
8695,10.770476795895272,10.450583572185565,0.3198932237097072
8696,10.770476795895272,10.450583572185565,0.3198932237097072
8697,10.770476795895272,10.450583572185565,0.3198932237097072
8698,10.770476795895272,10.450583572185565,0.3198932237097072
8699,10.770476795895272,10.450583572185565,0.3198932237097072
8700,10.770476795895272,10.450583572185565,0.3198932237097072
8701,10.770476795895272,10.450583572185565,0.3198932237097072
8702,10.770476795895272,10.450583572185565,0.3198932237097072
8703,10.770476795895272,10.450583572185565,0.3198932237097072
8704,10.770476795895272,10.450583572185565,0.3198932237097072
8705,10.770476795895272,10.450583572185565,0.3198932237097072
8706,10.770476795895272,10.450583572185565,0.3198932237097072
8707,10.770476795895272,10.450583572185565,0.3198932237097072
8708,10.770476795895272,10.450583572185565,0.3198932237097072
8709,10.770476795895272,10.450583572185565,0.3198932237097072
8710,10.770476795895272,10.450583572185565,0.3198932237097072
8711,10.770476795895272,10.450583572185565,0.3198932237097072
8712,10.770476795895272,10.450583572185565,0.3198932237097072
8713,10.770476795895272,10.450583572185565,0.3198932237097072
8714,10.770476795895272,10.450583572185565,0.3198932237097072
8715,10.770476795895272,10.450583572185565,0.3198932237097072
8716,10.770476795895272,10.450583572185565,0.3198932237097072
8717,10.770476795895272,10.450583572185565,0.3198932237097072
8718,10.770476795895272,10.450583572185565,0.3198932237097072
8719,10.770476795895272,10.450583572185565,0.3198932237097072
8720,10.770476795895272,10.450583572185565,0.3198932237097072
8721,10.770476795895272,10.450583572185565,0.3198932237097072
8722,10.770476795895272,10.450583572185565,0.3198932237097072
8723,10.770476795895272,10.450583572185565,0.3198932237097072
8724,10.770476795895272,10.450583572185565,0.3198932237097072
8725,10.770476795895272,10.450583572185565,0.3198932237097072
8726,10.770476795895272,10.450583572185565,0.3198932237097072
8727,10.770476795895272,10.450583572185565,0.3198932237097072
8728,10.770476795895272,10.450583572185565,0.3198932237097072
8729,10.770476795895272,10.450583572185565,0.3198932237097072
8730,10.770476795895272,10.450583572185565,0.3198932237097072
8731,10.770476795895272,10.450583572185565,0.3198932237097072
8732,10.770476795895272,10.450583572185565,0.3198932237097072
8733,10.770476795895272,10.450583572185565,0.3198932237097072
8734,10.770476795895272,10.450583572185565,0.3198932237097072
8735,10.770476795895272,10.450583572185565,0.3198932237097072
8736,10.770476795895272,10.450583572185565,0.3198932237097072
8737,10.770476795895272,10.450583572185565,0.3198932237097072
8738,10.770476795895272,10.450583572185565,0.3198932237097072
8739,10.770476795895272,10.450583572185565,0.3198932237097072
8740,10.770476795895272,10.450583572185565,0.3198932237097072
8741,10.770476795895272,10.450583572185565,0.3198932237097072
8742,10.770476795895272,10.450583572185565,0.3198932237097072
8743,10.770476795895272,10.450583572185565,0.3198932237097072
8744,10.770476795895272,10.450583572185565,0.3198932237097072
8745,10.770476795895272,10.450583572185565,0.3198932237097072
8746,10.770476795895272,10.450583572185565,0.3198932237097072
8747,10.770476795895272,10.450583572185565,0.3198932237097072
8748,10.770476795895272,10.450583572185565,0.3198932237097072
8749,10.770476795895272,10.450583572185565,0.3198932237097072
8750,10.770476795895272,10.450583572185565,0.3198932237097072
8751,10.770476795895272,10.450583572185565,0.3198932237097072
8752,10.770476795895272,10.450583572185565,0.3198932237097072
8753,10.770476795895272,10.450583572185565,0.3198932237097072
8754,10.770476795895272,10.450583572185565,0.3198932237097072
8755,10.770476795895272,10.450583572185565,0.3198932237097072
8756,10.770476795895272,10.450583572185565,0.3198932237097072
8757,10.770476795895272,10.450583572185565,0.3198932237097072
8758,10.770476795895272,10.450583572185565,0.3198932237097072
8759,10.770476795895272,10.450583572185565,0.3198932237097072
8760,10.770476795895272,10.450583572185565,0.3198932237097072
8761,10.770476795895272,10.450583572185565,0.3198932237097072
8762,10.770476795895272,10.450583572185565,0.3198932237097072
8763,10.770476795895272,10.450583572185565,0.3198932237097072
8764,10.770476795895272,10.450583572185565,0.3198932237097072
8765,10.770476795895272,10.450583572185565,0.3198932237097072
8766,10.770476795895272,10.450583572185565,0.3198932237097072
8767,10.770476795895272,10.450583572185565,0.3198932237097072
8768,10.770476795895272,10.450583572185565,0.3198932237097072
8769,10.770476795895272,10.450583572185565,0.3198932237097072
8770,10.770476795895272,10.450583572185565,0.3198932237097072
8771,10.770476795895272,10.450583572185565,0.3198932237097072
8772,10.770476795895272,10.450583572185565,0.3198932237097072
8773,10.770476795895272,10.450583572185565,0.3198932237097072
8774,10.770476795895272,10.450583572185565,0.3198932237097072
8775,10.770476795895272,10.450583572185565,0.3198932237097072
8776,10.770476795895272,10.450583572185565,0.3198932237097072
8777,10.770476795895272,10.450583572185565,0.3198932237097072
8778,10.770476795895272,10.450583572185565,0.3198932237097072
8779,10.770476795895272,10.450583572185565,0.3198932237097072
8780,10.770476795895272,10.450583572185565,0.3198932237097072
8781,10.770476795895272,10.450583572185565,0.3198932237097072
8782,10.770476795895272,10.450583572185565,0.3198932237097072
8783,10.770476795895272,10.450583572185565,0.3198932237097072
8784,10.770476795895272,10.450583572185565,0.3198932237097072
8785,10.770476795895272,10.450583572185565,0.3198932237097072
8786,10.770476795895272,10.450583572185565,0.3198932237097072
8787,10.770476795895272,10.450583572185565,0.3198932237097072
8788,10.770476795895272,10.450583572185565,0.3198932237097072
8789,10.770476795895272,10.450583572185565,0.3198932237097072
8790,10.770476795895272,10.450583572185565,0.3198932237097072
8791,10.770476795895272,10.450583572185565,0.3198932237097072
8792,10.770476795895272,10.450583572185565,0.3198932237097072
8793,10.770476795895272,10.450583572185565,0.3198932237097072
8794,10.770476795895272,10.450583572185565,0.3198932237097072
8795,10.770476795895272,10.450583572185565,0.3198932237097072
8796,10.770476795895272,10.450583572185565,0.3198932237097072
8797,10.770476795895272,10.450583572185565,0.3198932237097072
8798,10.770476795895272,10.450583572185565,0.3198932237097072
8799,10.770476795895272,10.450583572185565,0.3198932237097072
8800,10.770476795895272,10.450583572185565,0.3198932237097072
8801,10.770476795895272,10.450583572185565,0.3198932237097072
8802,10.770476795895272,10.450583572185565,0.3198932237097072
8803,10.770476795895272,10.450583572185565,0.3198932237097072
8804,10.770476795895272,10.450583572185565,0.3198932237097072
8805,10.770476795895272,10.450583572185565,0.3198932237097072
8806,10.770476795895272,10.450583572185565,0.3198932237097072
8807,10.770476795895272,10.450583572185565,0.3198932237097072
8808,10.770476795895272,10.450583572185565,0.3198932237097072
8809,10.770476795895272,10.450583572185565,0.3198932237097072
8810,10.770476795895272,10.450583572185565,0.3198932237097072
8811,10.770476795895272,10.450583572185565,0.3198932237097072
8812,10.770476795895272,10.450583572185565,0.3198932237097072
8813,10.770476795895272,10.450583572185565,0.3198932237097072
8814,10.770476795895272,10.450583572185565,0.3198932237097072
8815,10.770476795895272,10.450583572185565,0.3198932237097072
8816,10.770476795895272,10.450583572185565,0.3198932237097072
8817,10.770476795895272,10.450583572185565,0.3198932237097072
8818,10.770476795895272,10.450583572185565,0.3198932237097072
8819,10.770476795895272,10.450583572185565,0.3198932237097072
8820,10.770476795895272,10.450583572185565,0.3198932237097072
8821,10.770476795895272,10.450583572185565,0.3198932237097072
8822,10.770476795895272,10.450583572185565,0.3198932237097072
8823,10.770476795895272,10.450583572185565,0.3198932237097072
8824,10.770476795895272,10.450583572185565,0.3198932237097072
8825,10.770476795895272,10.450583572185565,0.3198932237097072
8826,10.770476795895272,10.450583572185565,0.3198932237097072
8827,10.770476795895272,10.450583572185565,0.3198932237097072
8828,10.770476795895272,10.450583572185565,0.3198932237097072
8829,10.770476795895272,10.450583572185565,0.3198932237097072
8830,10.770476795895272,10.450583572185565,0.3198932237097072
8831,10.770476795895272,10.450583572185565,0.3198932237097072
8832,10.770476795895272,10.450583572185565,0.3198932237097072
8833,10.770476795895272,10.450583572185565,0.3198932237097072
8834,10.770476795895272,10.450583572185565,0.3198932237097072
8835,10.770476795895272,10.450583572185565,0.3198932237097072
8836,10.770476795895272,10.450583572185565,0.3198932237097072
8837,10.770476795895272,10.450583572185565,0.3198932237097072
8838,10.770476795895272,10.450583572185565,0.3198932237097072
8839,10.770476795895272,10.450583572185565,0.3198932237097072
8840,10.770476795895272,10.450583572185565,0.3198932237097072
8841,10.770476795895272,10.450583572185565,0.3198932237097072
8842,10.770476795895272,10.450583572185565,0.3198932237097072
8843,10.770476795895272,10.450583572185565,0.3198932237097072
8844,10.770476795895272,10.450583572185565,0.3198932237097072
8845,10.770476795895272,10.450583572185565,0.3198932237097072
8846,10.770476795895272,10.450583572185565,0.3198932237097072
8847,10.770476795895272,10.450583572185565,0.3198932237097072
8848,10.770476795895272,10.450583572185565,0.3198932237097072
8849,10.770476795895272,10.450583572185565,0.3198932237097072
8850,10.770476795895272,10.450583572185565,0.3198932237097072
8851,10.770476795895272,10.450583572185565,0.3198932237097072
8852,10.770476795895272,10.450583572185565,0.3198932237097072
8853,10.770476795895272,10.450583572185565,0.3198932237097072
8854,10.770476795895272,10.450583572185565,0.3198932237097072
8855,10.770476795895272,10.450583572185565,0.3198932237097072
8856,10.770476795895272,10.450583572185565,0.3198932237097072
8857,10.770476795895272,10.450583572185565,0.3198932237097072
8858,10.770476795895272,10.450583572185565,0.3198932237097072
8859,10.770476795895272,10.450583572185565,0.3198932237097072
8860,10.770476795895272,10.450583572185565,0.3198932237097072
8861,10.770476795895272,10.450583572185565,0.3198932237097072
8862,10.770476795895272,10.450583572185565,0.3198932237097072
8863,10.770476795895272,10.450583572185565,0.3198932237097072
8864,10.770476795895272,10.450583572185565,0.3198932237097072
8865,10.770476795895272,10.450583572185565,0.3198932237097072
8866,10.770476795895272,10.450583572185565,0.3198932237097072
8867,10.770476795895272,10.450583572185565,0.3198932237097072
8868,10.770476795895272,10.450583572185565,0.3198932237097072
8869,10.770476795895272,10.450583572185565,0.3198932237097072
8870,10.770476795895272,10.450583572185565,0.3198932237097072
8871,10.770476795895272,10.450583572185565,0.3198932237097072
8872,10.770476795895272,10.450583572185565,0.3198932237097072
8873,10.770476795895272,10.450583572185565,0.3198932237097072
8874,10.770476795895272,10.450583572185565,0.3198932237097072
8875,10.770476795895272,10.450583572185565,0.3198932237097072
8876,10.770476795895272,10.450583572185565,0.3198932237097072
8877,10.770476795895272,10.450583572185565,0.3198932237097072
8878,10.770476795895272,10.450583572185565,0.3198932237097072
8879,10.770476795895272,10.450583572185565,0.3198932237097072
8880,10.770476795895272,10.450583572185565,0.3198932237097072
8881,10.770476795895272,10.450583572185565,0.3198932237097072
8882,10.770476795895272,10.450583572185565,0.3198932237097072
8883,10.770476795895272,10.450583572185565,0.3198932237097072
8884,10.770476795895272,10.450583572185565,0.3198932237097072
8885,10.770476795895272,10.450583572185565,0.3198932237097072
8886,10.770476795895272,10.450583572185565,0.3198932237097072
8887,10.770476795895272,10.450583572185565,0.3198932237097072
8888,10.770476795895272,10.450583572185565,0.3198932237097072
8889,10.770476795895272,10.450583572185565,0.3198932237097072
8890,10.770476795895272,10.450583572185565,0.3198932237097072
8891,10.770476795895272,10.450583572185565,0.3198932237097072
8892,10.770476795895272,10.450583572185565,0.3198932237097072
8893,10.770476795895272,10.450583572185565,0.3198932237097072
8894,10.770476795895272,10.450583572185565,0.3198932237097072
8895,10.770476795895272,10.450583572185565,0.3198932237097072
8896,10.770476795895272,10.450583572185565,0.3198932237097072
8897,10.770476795895272,10.450583572185565,0.3198932237097072
8898,10.770476795895272,10.450583572185565,0.3198932237097072
8899,10.770476795895272,10.450583572185565,0.3198932237097072
8900,10.770476795895272,10.450583572185565,0.3198932237097072
8901,10.770476795895272,10.450583572185565,0.3198932237097072
8902,10.770476795895272,10.450583572185565,0.3198932237097072
8903,10.770476795895272,10.450583572185565,0.3198932237097072
8904,10.770476795895272,10.450583572185565,0.3198932237097072
8905,10.770476795895272,10.450583572185565,0.3198932237097072
8906,10.770476795895272,10.450583572185565,0.3198932237097072
8907,10.770476795895272,10.450583572185565,0.3198932237097072
8908,10.770476795895272,10.450583572185565,0.3198932237097072
8909,10.770476795895272,10.450583572185565,0.3198932237097072
8910,10.770476795895272,10.450583572185565,0.3198932237097072
8911,10.770476795895272,10.450583572185565,0.3198932237097072
8912,10.770476795895272,10.450583572185565,0.3198932237097072
8913,10.770476795895272,10.450583572185565,0.3198932237097072
8914,10.770476795895272,10.450583572185565,0.3198932237097072
8915,10.770476795895272,10.450583572185565,0.3198932237097072
8916,10.770476795895272,10.450583572185565,0.3198932237097072
8917,10.770476795895272,10.450583572185565,0.3198932237097072
8918,10.770476795895272,10.450583572185565,0.3198932237097072
8919,10.770476795895272,10.450583572185565,0.3198932237097072
8920,10.770476795895272,10.450583572185565,0.3198932237097072
8921,10.770476795895272,10.450583572185565,0.3198932237097072
8922,10.770476795895272,10.450583572185565,0.3198932237097072
8923,10.770476795895272,10.450583572185565,0.3198932237097072
8924,10.770476795895272,10.450583572185565,0.3198932237097072
8925,10.770476795895272,10.450583572185565,0.3198932237097072
8926,10.770476795895272,10.450583572185565,0.3198932237097072
8927,10.770476795895272,10.450583572185565,0.3198932237097072
8928,10.770476795895272,10.450583572185565,0.3198932237097072
8929,10.770476795895272,10.450583572185565,0.3198932237097072
8930,10.770476795895272,10.450583572185565,0.3198932237097072
8931,10.770476795895272,10.450583572185565,0.3198932237097072
8932,10.770476795895272,10.450583572185565,0.3198932237097072
8933,10.770476795895272,10.450583572185565,0.3198932237097072
8934,10.770476795895272,10.450583572185565,0.3198932237097072
8935,10.770476795895272,10.450583572185565,0.3198932237097072
8936,10.770476795895272,10.450583572185565,0.3198932237097072
8937,10.770476795895272,10.450583572185565,0.3198932237097072
8938,10.770476795895272,10.450583572185565,0.3198932237097072
8939,10.770476795895272,10.450583572185565,0.3198932237097072
8940,10.770476795895272,10.450583572185565,0.3198932237097072
8941,10.770476795895272,10.450583572185565,0.3198932237097072
8942,10.770476795895272,10.450583572185565,0.3198932237097072
8943,10.770476795895272,10.450583572185565,0.3198932237097072
8944,10.770476795895272,10.450583572185565,0.3198932237097072
8945,10.770476795895272,10.450583572185565,0.3198932237097072
8946,10.770476795895272,10.450583572185565,0.3198932237097072
8947,10.770476795895272,10.450583572185565,0.3198932237097072
8948,10.770476795895272,10.450583572185565,0.3198932237097072
8949,10.770476795895272,10.450583572185565,0.3198932237097072
8950,10.770476795895272,10.450583572185565,0.3198932237097072
8951,10.770476795895272,10.450583572185565,0.3198932237097072
8952,10.770476795895272,10.450583572185565,0.3198932237097072
8953,10.770476795895272,10.450583572185565,0.3198932237097072
8954,10.770476795895272,10.450583572185565,0.3198932237097072
8955,10.770476795895272,10.450583572185565,0.3198932237097072
8956,10.770476795895272,10.450583572185565,0.3198932237097072
8957,10.770476795895272,10.450583572185565,0.3198932237097072
8958,10.770476795895272,10.450583572185565,0.3198932237097072
8959,10.770476795895272,10.450583572185565,0.3198932237097072
8960,10.770476795895272,10.450583572185565,0.3198932237097072
8961,10.770476795895272,10.450583572185565,0.3198932237097072
8962,10.770476795895272,10.450583572185565,0.3198932237097072
8963,10.770476795895272,10.450583572185565,0.3198932237097072
8964,10.770476795895272,10.450583572185565,0.3198932237097072
8965,10.770476795895272,10.450583572185565,0.3198932237097072
8966,10.770476795895272,10.450583572185565,0.3198932237097072
8967,10.770476795895272,10.450583572185565,0.3198932237097072
8968,10.770476795895272,10.450583572185565,0.3198932237097072
8969,10.770476795895272,10.450583572185565,0.3198932237097072
8970,10.770476795895272,10.450583572185565,0.3198932237097072
8971,10.770476795895272,10.450583572185565,0.3198932237097072
8972,10.770476795895272,10.450583572185565,0.3198932237097072
8973,10.770476795895272,10.450583572185565,0.3198932237097072
8974,10.770476795895272,10.450583572185565,0.3198932237097072
8975,10.770476795895272,10.450583572185565,0.3198932237097072
8976,10.770476795895272,10.450583572185565,0.3198932237097072
8977,10.770476795895272,10.450583572185565,0.3198932237097072
8978,10.770476795895272,10.450583572185565,0.3198932237097072
8979,10.770476795895272,10.450583572185565,0.3198932237097072
8980,10.770476795895272,10.450583572185565,0.3198932237097072
8981,10.770476795895272,10.450583572185565,0.3198932237097072
8982,10.770476795895272,10.450583572185565,0.3198932237097072
8983,10.770476795895272,10.450583572185565,0.3198932237097072
8984,10.770476795895272,10.450583572185565,0.3198932237097072
8985,10.770476795895272,10.450583572185565,0.3198932237097072
8986,10.770476795895272,10.450583572185565,0.3198932237097072
8987,10.770476795895272,10.450583572185565,0.3198932237097072
8988,10.770476795895272,10.450583572185565,0.3198932237097072
8989,10.770476795895272,10.450583572185565,0.3198932237097072
8990,10.770476795895272,10.450583572185565,0.3198932237097072
8991,10.770476795895272,10.450583572185565,0.3198932237097072
8992,10.770476795895272,10.450583572185565,0.3198932237097072
8993,10.770476795895272,10.450583572185565,0.3198932237097072
8994,10.770476795895272,10.450583572185565,0.3198932237097072
8995,10.770476795895272,10.450583572185565,0.3198932237097072
8996,10.770476795895272,10.450583572185565,0.3198932237097072
8997,10.770476795895272,10.450583572185565,0.3198932237097072
8998,10.770476795895272,10.450583572185565,0.3198932237097072
8999,10.770476795895272,10.450583572185565,0.3198932237097072
9000,10.770476795895272,10.450583572185565,0.3198932237097072
9001,10.770476795895272,10.450583572185565,0.3198932237097072
9002,10.770476795895272,10.450583572185565,0.3198932237097072
9003,10.770476795895272,10.450583572185565,0.3198932237097072
9004,10.770476795895272,10.450583572185565,0.3198932237097072
9005,10.770476795895272,10.450583572185565,0.3198932237097072
9006,10.770476795895272,10.450583572185565,0.3198932237097072
9007,10.770476795895272,10.450583572185565,0.3198932237097072
9008,10.770476795895272,10.450583572185565,0.3198932237097072
9009,10.770476795895272,10.450583572185565,0.3198932237097072
9010,10.770476795895272,10.450583572185565,0.3198932237097072
9011,10.770476795895272,10.450583572185565,0.3198932237097072
9012,10.770476795895272,10.450583572185565,0.3198932237097072
9013,10.770476795895272,10.450583572185565,0.3198932237097072
9014,10.770476795895272,10.450583572185565,0.3198932237097072
9015,10.770476795895272,10.450583572185565,0.3198932237097072
9016,10.770476795895272,10.450583572185565,0.3198932237097072
9017,10.770476795895272,10.450583572185565,0.3198932237097072
9018,10.770476795895272,10.450583572185565,0.3198932237097072
9019,10.770476795895272,10.450583572185565,0.3198932237097072
9020,10.770476795895272,10.450583572185565,0.3198932237097072
9021,10.770476795895272,10.450583572185565,0.3198932237097072
9022,10.770476795895272,10.450583572185565,0.3198932237097072
9023,10.770476795895272,10.450583572185565,0.3198932237097072
9024,10.770476795895272,10.450583572185565,0.3198932237097072
9025,10.770476795895272,10.450583572185565,0.3198932237097072
9026,10.770476795895272,10.450583572185565,0.3198932237097072
9027,10.770476795895272,10.450583572185565,0.3198932237097072
9028,10.770476795895272,10.450583572185565,0.3198932237097072
9029,10.770476795895272,10.450583572185565,0.3198932237097072
9030,10.770476795895272,10.450583572185565,0.3198932237097072
9031,10.770476795895272,10.450583572185565,0.3198932237097072
9032,10.770476795895272,10.450583572185565,0.3198932237097072
9033,10.770476795895272,10.450583572185565,0.3198932237097072
9034,10.770476795895272,10.450583572185565,0.3198932237097072
9035,10.770476795895272,10.450583572185565,0.3198932237097072
9036,10.770476795895272,10.450583572185565,0.3198932237097072
9037,10.770476795895272,10.450583572185565,0.3198932237097072
9038,10.770476795895272,10.450583572185565,0.3198932237097072
9039,10.770476795895272,10.450583572185565,0.3198932237097072
9040,10.770476795895272,10.450583572185565,0.3198932237097072
9041,10.770476795895272,10.450583572185565,0.3198932237097072
9042,10.770476795895272,10.450583572185565,0.3198932237097072
9043,10.770476795895272,10.450583572185565,0.3198932237097072
9044,10.770476795895272,10.450583572185565,0.3198932237097072
9045,10.770476795895272,10.450583572185565,0.3198932237097072
9046,10.770476795895272,10.450583572185565,0.3198932237097072
9047,10.770476795895272,10.450583572185565,0.3198932237097072
9048,10.770476795895272,10.450583572185565,0.3198932237097072
9049,10.770476795895272,10.450583572185565,0.3198932237097072
9050,10.770476795895272,10.450583572185565,0.3198932237097072
9051,10.770476795895272,10.450583572185565,0.3198932237097072
9052,10.770476795895272,10.450583572185565,0.3198932237097072
9053,10.770476795895272,10.450583572185565,0.3198932237097072
9054,10.770476795895272,10.450583572185565,0.3198932237097072
9055,10.770476795895272,10.450583572185565,0.3198932237097072
9056,10.770476795895272,10.450583572185565,0.3198932237097072
9057,10.770476795895272,10.450583572185565,0.3198932237097072
9058,10.770476795895272,10.450583572185565,0.3198932237097072
9059,10.770476795895272,10.450583572185565,0.3198932237097072
9060,10.770476795895272,10.450583572185565,0.3198932237097072
9061,10.770476795895272,10.450583572185565,0.3198932237097072
9062,10.770476795895272,10.450583572185565,0.3198932237097072
9063,10.770476795895272,10.450583572185565,0.3198932237097072
9064,10.770476795895272,10.450583572185565,0.3198932237097072
9065,10.770476795895272,10.450583572185565,0.3198932237097072
9066,10.770476795895272,10.450583572185565,0.3198932237097072
9067,10.770476795895272,10.450583572185565,0.3198932237097072
9068,10.770476795895272,10.450583572185565,0.3198932237097072
9069,10.770476795895272,10.450583572185565,0.3198932237097072
9070,10.770476795895272,10.450583572185565,0.3198932237097072
9071,10.770476795895272,10.450583572185565,0.3198932237097072
9072,10.770476795895272,10.450583572185565,0.3198932237097072
9073,10.770476795895272,10.450583572185565,0.3198932237097072
9074,10.770476795895272,10.450583572185565,0.3198932237097072
9075,10.770476795895272,10.450583572185565,0.3198932237097072
9076,10.770476795895272,10.450583572185565,0.3198932237097072
9077,10.770476795895272,10.450583572185565,0.3198932237097072
9078,10.770476795895272,10.450583572185565,0.3198932237097072
9079,10.770476795895272,10.450583572185565,0.3198932237097072
9080,10.770476795895272,10.450583572185565,0.3198932237097072
9081,10.770476795895272,10.450583572185565,0.3198932237097072
9082,10.770476795895272,10.450583572185565,0.3198932237097072
9083,10.770476795895272,10.450583572185565,0.3198932237097072
9084,10.770476795895272,10.450583572185565,0.3198932237097072
9085,10.770476795895272,10.450583572185565,0.3198932237097072
9086,10.770476795895272,10.450583572185565,0.3198932237097072
9087,10.770476795895272,10.450583572185565,0.3198932237097072
9088,10.770476795895272,10.450583572185565,0.3198932237097072
9089,10.770476795895272,10.450583572185565,0.3198932237097072
9090,10.770476795895272,10.450583572185565,0.3198932237097072
9091,10.770476795895272,10.450583572185565,0.3198932237097072
9092,10.770476795895272,10.450583572185565,0.3198932237097072
9093,10.770476795895272,10.450583572185565,0.3198932237097072
9094,10.770476795895272,10.450583572185565,0.3198932237097072
9095,10.770476795895272,10.450583572185565,0.3198932237097072
9096,10.770476795895272,10.450583572185565,0.3198932237097072
9097,10.770476795895272,10.450583572185565,0.3198932237097072
9098,10.770476795895272,10.450583572185565,0.3198932237097072
9099,10.770476795895272,10.450583572185565,0.3198932237097072
9100,10.770476795895272,10.450583572185565,0.3198932237097072
9101,10.770476795895272,10.450583572185565,0.3198932237097072
9102,10.770476795895272,10.450583572185565,0.3198932237097072
9103,10.770476795895272,10.450583572185565,0.3198932237097072
9104,10.770476795895272,10.450583572185565,0.3198932237097072
9105,10.770476795895272,10.450583572185565,0.3198932237097072
9106,10.770476795895272,10.450583572185565,0.3198932237097072
9107,10.770476795895272,10.450583572185565,0.3198932237097072
9108,10.770476795895272,10.450583572185565,0.3198932237097072
9109,10.770476795895272,10.450583572185565,0.3198932237097072
9110,10.770476795895272,10.450583572185565,0.3198932237097072
9111,10.770476795895272,10.450583572185565,0.3198932237097072
9112,10.770476795895272,10.450583572185565,0.3198932237097072
9113,10.770476795895272,10.450583572185565,0.3198932237097072
9114,10.770476795895272,10.450583572185565,0.3198932237097072
9115,10.770476795895272,10.450583572185565,0.3198932237097072
9116,10.770476795895272,10.450583572185565,0.3198932237097072
9117,10.770476795895272,10.450583572185565,0.3198932237097072
9118,10.770476795895272,10.450583572185565,0.3198932237097072
9119,10.770476795895272,10.450583572185565,0.3198932237097072
9120,10.770476795895272,10.450583572185565,0.3198932237097072
9121,10.770476795895272,10.450583572185565,0.3198932237097072
9122,10.770476795895272,10.450583572185565,0.3198932237097072
9123,10.770476795895272,10.450583572185565,0.3198932237097072
9124,10.770476795895272,10.450583572185565,0.3198932237097072
9125,10.770476795895272,10.450583572185565,0.3198932237097072
9126,10.770476795895272,10.450583572185565,0.3198932237097072
9127,10.770476795895272,10.450583572185565,0.3198932237097072
9128,10.770476795895272,10.450583572185565,0.3198932237097072
9129,10.770476795895272,10.450583572185565,0.3198932237097072
9130,10.770476795895272,10.450583572185565,0.3198932237097072
9131,10.770476795895272,10.450583572185565,0.3198932237097072
9132,10.770476795895272,10.450583572185565,0.3198932237097072
9133,10.770476795895272,10.450583572185565,0.3198932237097072
9134,10.770476795895272,10.450583572185565,0.3198932237097072
9135,10.770476795895272,10.450583572185565,0.3198932237097072
9136,10.770476795895272,10.450583572185565,0.3198932237097072
9137,10.770476795895272,10.450583572185565,0.3198932237097072
9138,10.770476795895272,10.450583572185565,0.3198932237097072
9139,10.770476795895272,10.450583572185565,0.3198932237097072
9140,10.770476795895272,10.450583572185565,0.3198932237097072
9141,10.770476795895272,10.450583572185565,0.3198932237097072
9142,10.770476795895272,10.450583572185565,0.3198932237097072
9143,10.770476795895272,10.450583572185565,0.3198932237097072
9144,10.770476795895272,10.450583572185565,0.3198932237097072
9145,10.770476795895272,10.450583572185565,0.3198932237097072
9146,10.770476795895272,10.450583572185565,0.3198932237097072
9147,10.770476795895272,10.450583572185565,0.3198932237097072
9148,10.770476795895272,10.450583572185565,0.3198932237097072
9149,10.770476795895272,10.450583572185565,0.3198932237097072
9150,10.770476795895272,10.450583572185565,0.3198932237097072
9151,10.770476795895272,10.450583572185565,0.3198932237097072
9152,10.770476795895272,10.450583572185565,0.3198932237097072
9153,10.770476795895272,10.450583572185565,0.3198932237097072
9154,10.770476795895272,10.450583572185565,0.3198932237097072
9155,10.770476795895272,10.450583572185565,0.3198932237097072
9156,10.770476795895272,10.450583572185565,0.3198932237097072
9157,10.770476795895272,10.450583572185565,0.3198932237097072
9158,10.770476795895272,10.450583572185565,0.3198932237097072
9159,10.770476795895272,10.450583572185565,0.3198932237097072
9160,10.770476795895272,10.450583572185565,0.3198932237097072
9161,10.770476795895272,10.450583572185565,0.3198932237097072
9162,10.770476795895272,10.450583572185565,0.3198932237097072
9163,10.770476795895272,10.450583572185565,0.3198932237097072
9164,10.770476795895272,10.450583572185565,0.3198932237097072
9165,10.770476795895272,10.450583572185565,0.3198932237097072
9166,10.770476795895272,10.450583572185565,0.3198932237097072
9167,10.770476795895272,10.450583572185565,0.3198932237097072
9168,10.770476795895272,10.450583572185565,0.3198932237097072
9169,10.770476795895272,10.450583572185565,0.3198932237097072
9170,10.770476795895272,10.450583572185565,0.3198932237097072
9171,10.770476795895272,10.450583572185565,0.3198932237097072
9172,10.770476795895272,10.450583572185565,0.3198932237097072
9173,10.770476795895272,10.450583572185565,0.3198932237097072
9174,10.770476795895272,10.450583572185565,0.3198932237097072
9175,10.770476795895272,10.450583572185565,0.3198932237097072
9176,10.770476795895272,10.450583572185565,0.3198932237097072
9177,10.770476795895272,10.450583572185565,0.3198932237097072
9178,10.770476795895272,10.450583572185565,0.3198932237097072
9179,10.770476795895272,10.450583572185565,0.3198932237097072
9180,10.770476795895272,10.450583572185565,0.3198932237097072
9181,10.770476795895272,10.450583572185565,0.3198932237097072
9182,10.770476795895272,10.450583572185565,0.3198932237097072
9183,10.770476795895272,10.450583572185565,0.3198932237097072
9184,10.770476795895272,10.450583572185565,0.3198932237097072
9185,10.770476795895272,10.450583572185565,0.3198932237097072
9186,10.770476795895272,10.450583572185565,0.3198932237097072
9187,10.770476795895272,10.450583572185565,0.3198932237097072
9188,10.770476795895272,10.450583572185565,0.3198932237097072
9189,10.770476795895272,10.450583572185565,0.3198932237097072
9190,10.770476795895272,10.450583572185565,0.3198932237097072
9191,10.770476795895272,10.450583572185565,0.3198932237097072
9192,10.770476795895272,10.450583572185565,0.3198932237097072
9193,10.770476795895272,10.450583572185565,0.3198932237097072
9194,10.770476795895272,10.450583572185565,0.3198932237097072
9195,10.770476795895272,10.450583572185565,0.3198932237097072
9196,10.770476795895272,10.450583572185565,0.3198932237097072
9197,10.770476795895272,10.450583572185565,0.3198932237097072
9198,10.770476795895272,10.450583572185565,0.3198932237097072
9199,10.770476795895272,10.450583572185565,0.3198932237097072
9200,10.770476795895272,10.450583572185565,0.3198932237097072
9201,10.770476795895272,10.450583572185565,0.3198932237097072
9202,10.770476795895272,10.450583572185565,0.3198932237097072
9203,10.770476795895272,10.450583572185565,0.3198932237097072
9204,10.770476795895272,10.450583572185565,0.3198932237097072
9205,10.770476795895272,10.450583572185565,0.3198932237097072
9206,10.770476795895272,10.450583572185565,0.3198932237097072
9207,10.770476795895272,10.450583572185565,0.3198932237097072
9208,10.770476795895272,10.450583572185565,0.3198932237097072
9209,10.770476795895272,10.450583572185565,0.3198932237097072
9210,10.770476795895272,10.450583572185565,0.3198932237097072
9211,10.770476795895272,10.450583572185565,0.3198932237097072
9212,10.770476795895272,10.450583572185565,0.3198932237097072
9213,10.770476795895272,10.450583572185565,0.3198932237097072
9214,10.770476795895272,10.450583572185565,0.3198932237097072
9215,10.770476795895272,10.450583572185565,0.3198932237097072
9216,10.770476795895272,10.450583572185565,0.3198932237097072
9217,10.770476795895272,10.450583572185565,0.3198932237097072
9218,10.770476795895272,10.450583572185565,0.3198932237097072
9219,10.770476795895272,10.450583572185565,0.3198932237097072
9220,10.770476795895272,10.450583572185565,0.3198932237097072
9221,10.770476795895272,10.450583572185565,0.3198932237097072
9222,10.770476795895272,10.450583572185565,0.3198932237097072
9223,10.770476795895272,10.450583572185565,0.3198932237097072
9224,10.770476795895272,10.450583572185565,0.3198932237097072
9225,10.770476795895272,10.450583572185565,0.3198932237097072
9226,10.770476795895272,10.450583572185565,0.3198932237097072
9227,10.770476795895272,10.450583572185565,0.3198932237097072
9228,10.770476795895272,10.450583572185565,0.3198932237097072
9229,10.770476795895272,10.450583572185565,0.3198932237097072
9230,10.770476795895272,10.450583572185565,0.3198932237097072
9231,10.770476795895272,10.450583572185565,0.3198932237097072
9232,10.770476795895272,10.450583572185565,0.3198932237097072
9233,10.770476795895272,10.450583572185565,0.3198932237097072
9234,10.770476795895272,10.450583572185565,0.3198932237097072
9235,10.770476795895272,10.450583572185565,0.3198932237097072
9236,10.770476795895272,10.450583572185565,0.3198932237097072
9237,10.770476795895272,10.450583572185565,0.3198932237097072
9238,10.770476795895272,10.450583572185565,0.3198932237097072
9239,10.770476795895272,10.450583572185565,0.3198932237097072
9240,10.770476795895272,10.450583572185565,0.3198932237097072
9241,10.770476795895272,10.450583572185565,0.3198932237097072
9242,10.770476795895272,10.450583572185565,0.3198932237097072
9243,10.770476795895272,10.450583572185565,0.3198932237097072
9244,10.770476795895272,10.450583572185565,0.3198932237097072
9245,10.770476795895272,10.450583572185565,0.3198932237097072
9246,10.770476795895272,10.450583572185565,0.3198932237097072
9247,10.770476795895272,10.450583572185565,0.3198932237097072
9248,10.770476795895272,10.450583572185565,0.3198932237097072
9249,10.770476795895272,10.450583572185565,0.3198932237097072
9250,10.770476795895272,10.450583572185565,0.3198932237097072
9251,10.770476795895272,10.450583572185565,0.3198932237097072
9252,10.770476795895272,10.450583572185565,0.3198932237097072
9253,10.770476795895272,10.450583572185565,0.3198932237097072
9254,10.770476795895272,10.450583572185565,0.3198932237097072
9255,10.770476795895272,10.450583572185565,0.3198932237097072
9256,10.770476795895272,10.450583572185565,0.3198932237097072
9257,10.770476795895272,10.450583572185565,0.3198932237097072
9258,10.770476795895272,10.450583572185565,0.3198932237097072
9259,10.770476795895272,10.450583572185565,0.3198932237097072
9260,10.770476795895272,10.450583572185565,0.3198932237097072
9261,10.770476795895272,10.450583572185565,0.3198932237097072
9262,10.770476795895272,10.450583572185565,0.3198932237097072
9263,10.770476795895272,10.450583572185565,0.3198932237097072
9264,10.770476795895272,10.450583572185565,0.3198932237097072
9265,10.770476795895272,10.450583572185565,0.3198932237097072
9266,10.770476795895272,10.450583572185565,0.3198932237097072
9267,10.770476795895272,10.450583572185565,0.3198932237097072
9268,10.770476795895272,10.450583572185565,0.3198932237097072
9269,10.770476795895272,10.450583572185565,0.3198932237097072
9270,10.770476795895272,10.450583572185565,0.3198932237097072
9271,10.770476795895272,10.450583572185565,0.3198932237097072
9272,10.770476795895272,10.450583572185565,0.3198932237097072
9273,10.770476795895272,10.450583572185565,0.3198932237097072
9274,10.770476795895272,10.450583572185565,0.3198932237097072
9275,10.770476795895272,10.450583572185565,0.3198932237097072
9276,10.770476795895272,10.450583572185565,0.3198932237097072
9277,10.770476795895272,10.450583572185565,0.3198932237097072
9278,10.770476795895272,10.450583572185565,0.3198932237097072
9279,10.770476795895272,10.450583572185565,0.3198932237097072
9280,10.770476795895272,10.450583572185565,0.3198932237097072
9281,10.770476795895272,10.450583572185565,0.3198932237097072
9282,10.770476795895272,10.450583572185565,0.3198932237097072
9283,10.770476795895272,10.450583572185565,0.3198932237097072
9284,10.770476795895272,10.450583572185565,0.3198932237097072
9285,10.770476795895272,10.450583572185565,0.3198932237097072
9286,10.770476795895272,10.450583572185565,0.3198932237097072
9287,10.770476795895272,10.450583572185565,0.3198932237097072
9288,10.770476795895272,10.450583572185565,0.3198932237097072
9289,10.770476795895272,10.450583572185565,0.3198932237097072
9290,10.770476795895272,10.450583572185565,0.3198932237097072
9291,10.770476795895272,10.450583572185565,0.3198932237097072
9292,10.770476795895272,10.450583572185565,0.3198932237097072
9293,10.770476795895272,10.450583572185565,0.3198932237097072
9294,10.770476795895272,10.450583572185565,0.3198932237097072
9295,10.770476795895272,10.450583572185565,0.3198932237097072
9296,10.770476795895272,10.450583572185565,0.3198932237097072
9297,10.770476795895272,10.450583572185565,0.3198932237097072
9298,10.770476795895272,10.450583572185565,0.3198932237097072
9299,10.770476795895272,10.450583572185565,0.3198932237097072
9300,10.770476795895272,10.450583572185565,0.3198932237097072
9301,10.770476795895272,10.450583572185565,0.3198932237097072
9302,10.770476795895272,10.450583572185565,0.3198932237097072
9303,10.770476795895272,10.450583572185565,0.3198932237097072
9304,10.770476795895272,10.450583572185565,0.3198932237097072
9305,10.770476795895272,10.450583572185565,0.3198932237097072
9306,10.770476795895272,10.450583572185565,0.3198932237097072
9307,10.770476795895272,10.450583572185565,0.3198932237097072
9308,10.770476795895272,10.450583572185565,0.3198932237097072
9309,10.770476795895272,10.450583572185565,0.3198932237097072
9310,10.770476795895272,10.450583572185565,0.3198932237097072
9311,10.770476795895272,10.450583572185565,0.3198932237097072
9312,10.770476795895272,10.450583572185565,0.3198932237097072
9313,10.770476795895272,10.450583572185565,0.3198932237097072
9314,10.770476795895272,10.450583572185565,0.3198932237097072
9315,10.770476795895272,10.450583572185565,0.3198932237097072
9316,10.770476795895272,10.450583572185565,0.3198932237097072
9317,10.770476795895272,10.450583572185565,0.3198932237097072
9318,10.770476795895272,10.450583572185565,0.3198932237097072
9319,10.770476795895272,10.450583572185565,0.3198932237097072
9320,10.770476795895272,10.450583572185565,0.3198932237097072
9321,10.770476795895272,10.450583572185565,0.3198932237097072
9322,10.770476795895272,10.450583572185565,0.3198932237097072
9323,10.770476795895272,10.450583572185565,0.3198932237097072
9324,10.770476795895272,10.450583572185565,0.3198932237097072
9325,10.770476795895272,10.450583572185565,0.3198932237097072
9326,10.770476795895272,10.450583572185565,0.3198932237097072
9327,10.770476795895272,10.450583572185565,0.3198932237097072
9328,10.770476795895272,10.450583572185565,0.3198932237097072
9329,10.770476795895272,10.450583572185565,0.3198932237097072
9330,10.770476795895272,10.450583572185565,0.3198932237097072
9331,10.770476795895272,10.450583572185565,0.3198932237097072
9332,10.770476795895272,10.450583572185565,0.3198932237097072
9333,10.770476795895272,10.450583572185565,0.3198932237097072
9334,10.770476795895272,10.450583572185565,0.3198932237097072
9335,10.770476795895272,10.450583572185565,0.3198932237097072
9336,10.770476795895272,10.450583572185565,0.3198932237097072
9337,10.770476795895272,10.450583572185565,0.3198932237097072
9338,10.770476795895272,10.450583572185565,0.3198932237097072
9339,10.770476795895272,10.450583572185565,0.3198932237097072
9340,10.770476795895272,10.450583572185565,0.3198932237097072
9341,10.770476795895272,10.450583572185565,0.3198932237097072
9342,10.770476795895272,10.450583572185565,0.3198932237097072
9343,10.770476795895272,10.450583572185565,0.3198932237097072
9344,10.770476795895272,10.450583572185565,0.3198932237097072
9345,10.770476795895272,10.450583572185565,0.3198932237097072
9346,10.770476795895272,10.450583572185565,0.3198932237097072
9347,10.770476795895272,10.450583572185565,0.3198932237097072
9348,10.770476795895272,10.450583572185565,0.3198932237097072
9349,10.770476795895272,10.450583572185565,0.3198932237097072
9350,10.770476795895272,10.450583572185565,0.3198932237097072
9351,10.770476795895272,10.450583572185565,0.3198932237097072
9352,10.770476795895272,10.450583572185565,0.3198932237097072
9353,10.770476795895272,10.450583572185565,0.3198932237097072
9354,10.770476795895272,10.450583572185565,0.3198932237097072
9355,10.770476795895272,10.450583572185565,0.3198932237097072
9356,10.770476795895272,10.450583572185565,0.3198932237097072
9357,10.770476795895272,10.450583572185565,0.3198932237097072
9358,10.770476795895272,10.450583572185565,0.3198932237097072
9359,10.770476795895272,10.450583572185565,0.3198932237097072
9360,10.770476795895272,10.450583572185565,0.3198932237097072
9361,10.770476795895272,10.450583572185565,0.3198932237097072
9362,10.770476795895272,10.450583572185565,0.3198932237097072
9363,10.770476795895272,10.450583572185565,0.3198932237097072
9364,10.770476795895272,10.450583572185565,0.3198932237097072
9365,10.770476795895272,10.450583572185565,0.3198932237097072
9366,10.770476795895272,10.450583572185565,0.3198932237097072
9367,10.770476795895272,10.450583572185565,0.3198932237097072
9368,10.770476795895272,10.450583572185565,0.3198932237097072
9369,10.770476795895272,10.450583572185565,0.3198932237097072
9370,10.770476795895272,10.450583572185565,0.3198932237097072
9371,10.770476795895272,10.450583572185565,0.3198932237097072
9372,10.770476795895272,10.450583572185565,0.3198932237097072
9373,10.770476795895272,10.450583572185565,0.3198932237097072
9374,10.770476795895272,10.450583572185565,0.3198932237097072
9375,10.770476795895272,10.450583572185565,0.3198932237097072
9376,10.770476795895272,10.450583572185565,0.3198932237097072
9377,10.770476795895272,10.450583572185565,0.3198932237097072
9378,10.770476795895272,10.450583572185565,0.3198932237097072
9379,10.770476795895272,10.450583572185565,0.3198932237097072
9380,10.770476795895272,10.450583572185565,0.3198932237097072
9381,10.770476795895272,10.450583572185565,0.3198932237097072
9382,10.770476795895272,10.450583572185565,0.3198932237097072
9383,10.770476795895272,10.450583572185565,0.3198932237097072
9384,10.770476795895272,10.450583572185565,0.3198932237097072
9385,10.770476795895272,10.450583572185565,0.3198932237097072
9386,10.770476795895272,10.450583572185565,0.3198932237097072
9387,10.770476795895272,10.450583572185565,0.3198932237097072
9388,10.770476795895272,10.450583572185565,0.3198932237097072
9389,10.770476795895272,10.450583572185565,0.3198932237097072
9390,10.770476795895272,10.450583572185565,0.3198932237097072
9391,10.770476795895272,10.450583572185565,0.3198932237097072
9392,10.770476795895272,10.450583572185565,0.3198932237097072
9393,10.770476795895272,10.450583572185565,0.3198932237097072
9394,10.770476795895272,10.450583572185565,0.3198932237097072
9395,10.770476795895272,10.450583572185565,0.3198932237097072
9396,10.770476795895272,10.450583572185565,0.3198932237097072
9397,10.770476795895272,10.450583572185565,0.3198932237097072
9398,10.770476795895272,10.450583572185565,0.3198932237097072
9399,10.770476795895272,10.450583572185565,0.3198932237097072
9400,10.770476795895272,10.450583572185565,0.3198932237097072
9401,10.770476795895272,10.450583572185565,0.3198932237097072
9402,10.770476795895272,10.450583572185565,0.3198932237097072
9403,10.770476795895272,10.450583572185565,0.3198932237097072
9404,10.770476795895272,10.450583572185565,0.3198932237097072
9405,10.770476795895272,10.450583572185565,0.3198932237097072
9406,10.770476795895272,10.450583572185565,0.3198932237097072
9407,10.770476795895272,10.450583572185565,0.3198932237097072
9408,10.770476795895272,10.450583572185565,0.3198932237097072
9409,10.770476795895272,10.450583572185565,0.3198932237097072
9410,10.770476795895272,10.450583572185565,0.3198932237097072
9411,10.770476795895272,10.450583572185565,0.3198932237097072
9412,10.770476795895272,10.450583572185565,0.3198932237097072
9413,10.770476795895272,10.450583572185565,0.3198932237097072
9414,10.770476795895272,10.450583572185565,0.3198932237097072
9415,10.770476795895272,10.450583572185565,0.3198932237097072
9416,10.770476795895272,10.450583572185565,0.3198932237097072
9417,10.770476795895272,10.450583572185565,0.3198932237097072
9418,10.770476795895272,10.450583572185565,0.3198932237097072
9419,10.770476795895272,10.450583572185565,0.3198932237097072
9420,10.770476795895272,10.450583572185565,0.3198932237097072
9421,10.770476795895272,10.450583572185565,0.3198932237097072
9422,10.770476795895272,10.450583572185565,0.3198932237097072
9423,10.770476795895272,10.450583572185565,0.3198932237097072
9424,10.770476795895272,10.450583572185565,0.3198932237097072
9425,10.770476795895272,10.450583572185565,0.3198932237097072
9426,10.770476795895272,10.450583572185565,0.3198932237097072
9427,10.770476795895272,10.450583572185565,0.3198932237097072
9428,10.770476795895272,10.450583572185565,0.3198932237097072
9429,10.770476795895272,10.450583572185565,0.3198932237097072
9430,10.770476795895272,10.450583572185565,0.3198932237097072
9431,10.770476795895272,10.450583572185565,0.3198932237097072
9432,10.770476795895272,10.450583572185565,0.3198932237097072
9433,10.770476795895272,10.450583572185565,0.3198932237097072
9434,10.770476795895272,10.450583572185565,0.3198932237097072
9435,10.770476795895272,10.450583572185565,0.3198932237097072
9436,10.770476795895272,10.450583572185565,0.3198932237097072
9437,10.770476795895272,10.450583572185565,0.3198932237097072
9438,10.770476795895272,10.450583572185565,0.3198932237097072
9439,10.770476795895272,10.450583572185565,0.3198932237097072
9440,10.770476795895272,10.450583572185565,0.3198932237097072
9441,10.770476795895272,10.450583572185565,0.3198932237097072
9442,10.770476795895272,10.450583572185565,0.3198932237097072
9443,10.770476795895272,10.450583572185565,0.3198932237097072
9444,10.770476795895272,10.450583572185565,0.3198932237097072
9445,10.770476795895272,10.450583572185565,0.3198932237097072
9446,10.770476795895272,10.450583572185565,0.3198932237097072
9447,10.770476795895272,10.450583572185565,0.3198932237097072
9448,10.770476795895272,10.450583572185565,0.3198932237097072
9449,10.770476795895272,10.450583572185565,0.3198932237097072
9450,10.770476795895272,10.450583572185565,0.3198932237097072
9451,10.770476795895272,10.450583572185565,0.3198932237097072
9452,10.770476795895272,10.450583572185565,0.3198932237097072
9453,10.770476795895272,10.450583572185565,0.3198932237097072
9454,10.770476795895272,10.450583572185565,0.3198932237097072
9455,10.770476795895272,10.450583572185565,0.3198932237097072
9456,10.770476795895272,10.450583572185565,0.3198932237097072
9457,10.770476795895272,10.450583572185565,0.3198932237097072
9458,10.770476795895272,10.450583572185565,0.3198932237097072
9459,10.770476795895272,10.450583572185565,0.3198932237097072
9460,10.770476795895272,10.450583572185565,0.3198932237097072
9461,10.770476795895272,10.450583572185565,0.3198932237097072
9462,10.770476795895272,10.450583572185565,0.3198932237097072
9463,10.770476795895272,10.450583572185565,0.3198932237097072
9464,10.770476795895272,10.450583572185565,0.3198932237097072
9465,10.770476795895272,10.450583572185565,0.3198932237097072
9466,10.770476795895272,10.450583572185565,0.3198932237097072
9467,10.770476795895272,10.450583572185565,0.3198932237097072
9468,10.770476795895272,10.450583572185565,0.3198932237097072
9469,10.770476795895272,10.450583572185565,0.3198932237097072
9470,10.770476795895272,10.450583572185565,0.3198932237097072
9471,10.770476795895272,10.450583572185565,0.3198932237097072
9472,10.770476795895272,10.450583572185565,0.3198932237097072
9473,10.770476795895272,10.450583572185565,0.3198932237097072
9474,10.770476795895272,10.450583572185565,0.3198932237097072
9475,10.770476795895272,10.450583572185565,0.3198932237097072
9476,10.770476795895272,10.450583572185565,0.3198932237097072
9477,10.770476795895272,10.450583572185565,0.3198932237097072
9478,10.770476795895272,10.450583572185565,0.3198932237097072
9479,10.770476795895272,10.450583572185565,0.3198932237097072
9480,10.770476795895272,10.450583572185565,0.3198932237097072
9481,10.770476795895272,10.450583572185565,0.3198932237097072
9482,10.770476795895272,10.450583572185565,0.3198932237097072
9483,10.770476795895272,10.450583572185565,0.3198932237097072
9484,10.770476795895272,10.450583572185565,0.3198932237097072
9485,10.770476795895272,10.450583572185565,0.3198932237097072
9486,10.770476795895272,10.450583572185565,0.3198932237097072
9487,10.770476795895272,10.450583572185565,0.3198932237097072
9488,10.770476795895272,10.450583572185565,0.3198932237097072
9489,10.770476795895272,10.450583572185565,0.3198932237097072
9490,10.770476795895272,10.450583572185565,0.3198932237097072
9491,10.770476795895272,10.450583572185565,0.3198932237097072
9492,10.770476795895272,10.450583572185565,0.3198932237097072
9493,10.770476795895272,10.450583572185565,0.3198932237097072
9494,10.770476795895272,10.450583572185565,0.3198932237097072
9495,10.770476795895272,10.450583572185565,0.3198932237097072
9496,10.770476795895272,10.450583572185565,0.3198932237097072
9497,10.770476795895272,10.450583572185565,0.3198932237097072
9498,10.770476795895272,10.450583572185565,0.3198932237097072
9499,10.770476795895272,10.450583572185565,0.3198932237097072
9500,10.770476795895272,10.450583572185565,0.3198932237097072
9501,10.770476795895272,10.450583572185565,0.3198932237097072
9502,10.770476795895272,10.450583572185565,0.3198932237097072
9503,10.770476795895272,10.450583572185565,0.3198932237097072
9504,10.770476795895272,10.450583572185565,0.3198932237097072
9505,10.770476795895272,10.450583572185565,0.3198932237097072
9506,10.770476795895272,10.450583572185565,0.3198932237097072
9507,10.770476795895272,10.450583572185565,0.3198932237097072
9508,10.770476795895272,10.450583572185565,0.3198932237097072
9509,10.770476795895272,10.450583572185565,0.3198932237097072
9510,10.770476795895272,10.450583572185565,0.3198932237097072
9511,10.770476795895272,10.450583572185565,0.3198932237097072
9512,10.770476795895272,10.450583572185565,0.3198932237097072
9513,10.770476795895272,10.450583572185565,0.3198932237097072
9514,10.770476795895272,10.450583572185565,0.3198932237097072
9515,10.770476795895272,10.450583572185565,0.3198932237097072
9516,10.770476795895272,10.450583572185565,0.3198932237097072
9517,10.770476795895272,10.450583572185565,0.3198932237097072
9518,10.770476795895272,10.450583572185565,0.3198932237097072
9519,10.770476795895272,10.450583572185565,0.3198932237097072
9520,10.770476795895272,10.450583572185565,0.3198932237097072
9521,10.770476795895272,10.450583572185565,0.3198932237097072
9522,10.770476795895272,10.450583572185565,0.3198932237097072
9523,10.770476795895272,10.450583572185565,0.3198932237097072
9524,10.770476795895272,10.450583572185565,0.3198932237097072
9525,10.770476795895272,10.450583572185565,0.3198932237097072
9526,10.770476795895272,10.450583572185565,0.3198932237097072
9527,10.770476795895272,10.450583572185565,0.3198932237097072
9528,10.770476795895272,10.450583572185565,0.3198932237097072
9529,10.770476795895272,10.450583572185565,0.3198932237097072
9530,10.770476795895272,10.450583572185565,0.3198932237097072
9531,10.770476795895272,10.450583572185565,0.3198932237097072
9532,10.770476795895272,10.450583572185565,0.3198932237097072
9533,10.770476795895272,10.450583572185565,0.3198932237097072
9534,10.770476795895272,10.450583572185565,0.3198932237097072
9535,10.770476795895272,10.450583572185565,0.3198932237097072
9536,10.770476795895272,10.450583572185565,0.3198932237097072
9537,10.770476795895272,10.450583572185565,0.3198932237097072
9538,10.770476795895272,10.450583572185565,0.3198932237097072
9539,10.770476795895272,10.450583572185565,0.3198932237097072
9540,10.770476795895272,10.450583572185565,0.3198932237097072
9541,10.770476795895272,10.450583572185565,0.3198932237097072
9542,10.770476795895272,10.450583572185565,0.3198932237097072
9543,10.770476795895272,10.450583572185565,0.3198932237097072
9544,10.770476795895272,10.450583572185565,0.3198932237097072
9545,10.770476795895272,10.450583572185565,0.3198932237097072
9546,10.770476795895272,10.450583572185565,0.3198932237097072
9547,10.770476795895272,10.450583572185565,0.3198932237097072
9548,10.770476795895272,10.450583572185565,0.3198932237097072
9549,10.770476795895272,10.450583572185565,0.3198932237097072
9550,10.770476795895272,10.450583572185565,0.3198932237097072
9551,10.770476795895272,10.450583572185565,0.3198932237097072
9552,10.770476795895272,10.450583572185565,0.3198932237097072
9553,10.770476795895272,10.450583572185565,0.3198932237097072
9554,10.770476795895272,10.450583572185565,0.3198932237097072
9555,10.770476795895272,10.450583572185565,0.3198932237097072
9556,10.770476795895272,10.450583572185565,0.3198932237097072
9557,10.770476795895272,10.450583572185565,0.3198932237097072
9558,10.770476795895272,10.450583572185565,0.3198932237097072
9559,10.770476795895272,10.450583572185565,0.3198932237097072
9560,10.770476795895272,10.450583572185565,0.3198932237097072
9561,10.770476795895272,10.450583572185565,0.3198932237097072
9562,10.770476795895272,10.450583572185565,0.3198932237097072
9563,10.770476795895272,10.450583572185565,0.3198932237097072
9564,10.770476795895272,10.450583572185565,0.3198932237097072
9565,10.770476795895272,10.450583572185565,0.3198932237097072
9566,10.770476795895272,10.450583572185565,0.3198932237097072
9567,10.770476795895272,10.450583572185565,0.3198932237097072
9568,10.770476795895272,10.450583572185565,0.3198932237097072
9569,10.770476795895272,10.450583572185565,0.3198932237097072
9570,10.770476795895272,10.450583572185565,0.3198932237097072
9571,10.770476795895272,10.450583572185565,0.3198932237097072
9572,10.770476795895272,10.450583572185565,0.3198932237097072
9573,10.770476795895272,10.450583572185565,0.3198932237097072
9574,10.770476795895272,10.450583572185565,0.3198932237097072
9575,10.770476795895272,10.450583572185565,0.3198932237097072
9576,10.770476795895272,10.450583572185565,0.3198932237097072
9577,10.770476795895272,10.450583572185565,0.3198932237097072
9578,10.770476795895272,10.450583572185565,0.3198932237097072
9579,10.770476795895272,10.450583572185565,0.3198932237097072
9580,10.770476795895272,10.450583572185565,0.3198932237097072
9581,10.770476795895272,10.450583572185565,0.3198932237097072
9582,10.770476795895272,10.450583572185565,0.3198932237097072
9583,10.770476795895272,10.450583572185565,0.3198932237097072
9584,10.770476795895272,10.450583572185565,0.3198932237097072
9585,10.770476795895272,10.450583572185565,0.3198932237097072
9586,10.770476795895272,10.450583572185565,0.3198932237097072
9587,10.770476795895272,10.450583572185565,0.3198932237097072
9588,10.770476795895272,10.450583572185565,0.3198932237097072
9589,10.770476795895272,10.450583572185565,0.3198932237097072
9590,10.770476795895272,10.450583572185565,0.3198932237097072
9591,10.770476795895272,10.450583572185565,0.3198932237097072
9592,10.770476795895272,10.450583572185565,0.3198932237097072
9593,10.770476795895272,10.450583572185565,0.3198932237097072
9594,10.770476795895272,10.450583572185565,0.3198932237097072
9595,10.770476795895272,10.450583572185565,0.3198932237097072
9596,10.770476795895272,10.450583572185565,0.3198932237097072
9597,10.770476795895272,10.450583572185565,0.3198932237097072
9598,10.770476795895272,10.450583572185565,0.3198932237097072
9599,10.770476795895272,10.450583572185565,0.3198932237097072
9600,10.770476795895272,10.450583572185565,0.3198932237097072
9601,10.770476795895272,10.450583572185565,0.3198932237097072
9602,10.770476795895272,10.450583572185565,0.3198932237097072
9603,10.770476795895272,10.450583572185565,0.3198932237097072
9604,10.770476795895272,10.450583572185565,0.3198932237097072
9605,10.770476795895272,10.450583572185565,0.3198932237097072
9606,10.770476795895272,10.450583572185565,0.3198932237097072
9607,10.770476795895272,10.450583572185565,0.3198932237097072
9608,10.770476795895272,10.450583572185565,0.3198932237097072
9609,10.770476795895272,10.450583572185565,0.3198932237097072
9610,10.770476795895272,10.450583572185565,0.3198932237097072
9611,10.770476795895272,10.450583572185565,0.3198932237097072
9612,10.770476795895272,10.450583572185565,0.3198932237097072
9613,10.770476795895272,10.450583572185565,0.3198932237097072
9614,10.770476795895272,10.450583572185565,0.3198932237097072
9615,10.770476795895272,10.450583572185565,0.3198932237097072
9616,10.770476795895272,10.450583572185565,0.3198932237097072
9617,10.770476795895272,10.450583572185565,0.3198932237097072
9618,10.770476795895272,10.450583572185565,0.3198932237097072
9619,10.770476795895272,10.450583572185565,0.3198932237097072
9620,10.770476795895272,10.450583572185565,0.3198932237097072
9621,10.770476795895272,10.450583572185565,0.3198932237097072
9622,10.770476795895272,10.450583572185565,0.3198932237097072
9623,10.770476795895272,10.450583572185565,0.3198932237097072
9624,10.770476795895272,10.450583572185565,0.3198932237097072
9625,10.770476795895272,10.450583572185565,0.3198932237097072
9626,10.770476795895272,10.450583572185565,0.3198932237097072
9627,10.770476795895272,10.450583572185565,0.3198932237097072
9628,10.770476795895272,10.450583572185565,0.3198932237097072
9629,10.770476795895272,10.450583572185565,0.3198932237097072
9630,10.770476795895272,10.450583572185565,0.3198932237097072
9631,10.770476795895272,10.450583572185565,0.3198932237097072
9632,10.770476795895272,10.450583572185565,0.3198932237097072
9633,10.770476795895272,10.450583572185565,0.3198932237097072
9634,10.770476795895272,10.450583572185565,0.3198932237097072
9635,10.770476795895272,10.450583572185565,0.3198932237097072
9636,10.770476795895272,10.450583572185565,0.3198932237097072
9637,10.770476795895272,10.450583572185565,0.3198932237097072
9638,10.770476795895272,10.450583572185565,0.3198932237097072
9639,10.770476795895272,10.450583572185565,0.3198932237097072
9640,10.770476795895272,10.450583572185565,0.3198932237097072
9641,10.770476795895272,10.450583572185565,0.3198932237097072
9642,10.770476795895272,10.450583572185565,0.3198932237097072
9643,10.770476795895272,10.450583572185565,0.3198932237097072
9644,10.770476795895272,10.450583572185565,0.3198932237097072
9645,10.770476795895272,10.450583572185565,0.3198932237097072
9646,10.770476795895272,10.450583572185565,0.3198932237097072
9647,10.770476795895272,10.450583572185565,0.3198932237097072
9648,10.770476795895272,10.450583572185565,0.3198932237097072
9649,10.770476795895272,10.450583572185565,0.3198932237097072
9650,10.770476795895272,10.450583572185565,0.3198932237097072
9651,10.770476795895272,10.450583572185565,0.3198932237097072
9652,10.770476795895272,10.450583572185565,0.3198932237097072
9653,10.770476795895272,10.450583572185565,0.3198932237097072
9654,10.770476795895272,10.450583572185565,0.3198932237097072
9655,10.770476795895272,10.450583572185565,0.3198932237097072
9656,10.770476795895272,10.450583572185565,0.3198932237097072
9657,10.770476795895272,10.450583572185565,0.3198932237097072
9658,10.770476795895272,10.450583572185565,0.3198932237097072
9659,10.770476795895272,10.450583572185565,0.3198932237097072
9660,10.770476795895272,10.450583572185565,0.3198932237097072
9661,10.770476795895272,10.450583572185565,0.3198932237097072
9662,10.770476795895272,10.450583572185565,0.3198932237097072
9663,10.770476795895272,10.450583572185565,0.3198932237097072
9664,10.770476795895272,10.450583572185565,0.3198932237097072
9665,10.770476795895272,10.450583572185565,0.3198932237097072
9666,10.770476795895272,10.450583572185565,0.3198932237097072
9667,10.770476795895272,10.450583572185565,0.3198932237097072
9668,10.770476795895272,10.450583572185565,0.3198932237097072
9669,10.770476795895272,10.450583572185565,0.3198932237097072
9670,10.770476795895272,10.450583572185565,0.3198932237097072
9671,10.770476795895272,10.450583572185565,0.3198932237097072
9672,10.770476795895272,10.450583572185565,0.3198932237097072
9673,10.770476795895272,10.450583572185565,0.3198932237097072
9674,10.770476795895272,10.450583572185565,0.3198932237097072
9675,10.770476795895272,10.450583572185565,0.3198932237097072
9676,10.770476795895272,10.450583572185565,0.3198932237097072
9677,10.770476795895272,10.450583572185565,0.3198932237097072
9678,10.770476795895272,10.450583572185565,0.3198932237097072
9679,10.770476795895272,10.450583572185565,0.3198932237097072
9680,10.770476795895272,10.450583572185565,0.3198932237097072
9681,10.770476795895272,10.450583572185565,0.3198932237097072
9682,10.770476795895272,10.450583572185565,0.3198932237097072
9683,10.770476795895272,10.450583572185565,0.3198932237097072
9684,10.770476795895272,10.450583572185565,0.3198932237097072
9685,10.770476795895272,10.450583572185565,0.3198932237097072
9686,10.770476795895272,10.450583572185565,0.3198932237097072
9687,10.770476795895272,10.450583572185565,0.3198932237097072
9688,10.770476795895272,10.450583572185565,0.3198932237097072
9689,10.770476795895272,10.450583572185565,0.3198932237097072
9690,10.770476795895272,10.450583572185565,0.3198932237097072
9691,10.770476795895272,10.450583572185565,0.3198932237097072
9692,10.770476795895272,10.450583572185565,0.3198932237097072
9693,10.770476795895272,10.450583572185565,0.3198932237097072
9694,10.770476795895272,10.450583572185565,0.3198932237097072
9695,10.770476795895272,10.450583572185565,0.3198932237097072
9696,10.770476795895272,10.450583572185565,0.3198932237097072
9697,10.770476795895272,10.450583572185565,0.3198932237097072
9698,10.770476795895272,10.450583572185565,0.3198932237097072
9699,10.770476795895272,10.450583572185565,0.3198932237097072
9700,10.770476795895272,10.450583572185565,0.3198932237097072
9701,10.770476795895272,10.450583572185565,0.3198932237097072
9702,10.770476795895272,10.450583572185565,0.3198932237097072
9703,10.770476795895272,10.450583572185565,0.3198932237097072
9704,10.770476795895272,10.450583572185565,0.3198932237097072
9705,10.770476795895272,10.450583572185565,0.3198932237097072
9706,10.770476795895272,10.450583572185565,0.3198932237097072
9707,10.770476795895272,10.450583572185565,0.3198932237097072
9708,10.770476795895272,10.450583572185565,0.3198932237097072
9709,10.770476795895272,10.450583572185565,0.3198932237097072
9710,10.770476795895272,10.450583572185565,0.3198932237097072
9711,10.770476795895272,10.450583572185565,0.3198932237097072
9712,10.770476795895272,10.450583572185565,0.3198932237097072
9713,10.770476795895272,10.450583572185565,0.3198932237097072
9714,10.770476795895272,10.450583572185565,0.3198932237097072
9715,10.770476795895272,10.450583572185565,0.3198932237097072
9716,10.770476795895272,10.450583572185565,0.3198932237097072
9717,10.770476795895272,10.450583572185565,0.3198932237097072
9718,10.770476795895272,10.450583572185565,0.3198932237097072
9719,10.770476795895272,10.450583572185565,0.3198932237097072
9720,10.770476795895272,10.450583572185565,0.3198932237097072
9721,10.770476795895272,10.450583572185565,0.3198932237097072
9722,10.770476795895272,10.450583572185565,0.3198932237097072
9723,10.770476795895272,10.450583572185565,0.3198932237097072
9724,10.770476795895272,10.450583572185565,0.3198932237097072
9725,10.770476795895272,10.450583572185565,0.3198932237097072
9726,10.770476795895272,10.450583572185565,0.3198932237097072
9727,10.770476795895272,10.450583572185565,0.3198932237097072
9728,10.770476795895272,10.450583572185565,0.3198932237097072
9729,10.770476795895272,10.450583572185565,0.3198932237097072
9730,10.770476795895272,10.450583572185565,0.3198932237097072
9731,10.770476795895272,10.450583572185565,0.3198932237097072
9732,10.770476795895272,10.450583572185565,0.3198932237097072
9733,10.770476795895272,10.450583572185565,0.3198932237097072
9734,10.770476795895272,10.450583572185565,0.3198932237097072
9735,10.770476795895272,10.450583572185565,0.3198932237097072
9736,10.770476795895272,10.450583572185565,0.3198932237097072
9737,10.770476795895272,10.450583572185565,0.3198932237097072
9738,10.770476795895272,10.450583572185565,0.3198932237097072
9739,10.770476795895272,10.450583572185565,0.3198932237097072
9740,10.770476795895272,10.450583572185565,0.3198932237097072
9741,10.770476795895272,10.450583572185565,0.3198932237097072
9742,10.770476795895272,10.450583572185565,0.3198932237097072
9743,10.770476795895272,10.450583572185565,0.3198932237097072
9744,10.770476795895272,10.450583572185565,0.3198932237097072
9745,10.770476795895272,10.450583572185565,0.3198932237097072
9746,10.770476795895272,10.450583572185565,0.3198932237097072
9747,10.770476795895272,10.450583572185565,0.3198932237097072
9748,10.770476795895272,10.450583572185565,0.3198932237097072
9749,10.770476795895272,10.450583572185565,0.3198932237097072
9750,10.770476795895272,10.450583572185565,0.3198932237097072
9751,10.770476795895272,10.450583572185565,0.3198932237097072
9752,10.770476795895272,10.450583572185565,0.3198932237097072
9753,10.770476795895272,10.450583572185565,0.3198932237097072
9754,10.770476795895272,10.450583572185565,0.3198932237097072
9755,10.770476795895272,10.450583572185565,0.3198932237097072
9756,10.770476795895272,10.450583572185565,0.3198932237097072
9757,10.770476795895272,10.450583572185565,0.3198932237097072
9758,10.770476795895272,10.450583572185565,0.3198932237097072
9759,10.770476795895272,10.450583572185565,0.3198932237097072
9760,10.770476795895272,10.450583572185565,0.3198932237097072
9761,10.770476795895272,10.450583572185565,0.3198932237097072
9762,10.770476795895272,10.450583572185565,0.3198932237097072
9763,10.770476795895272,10.450583572185565,0.3198932237097072
9764,10.770476795895272,10.450583572185565,0.3198932237097072
9765,10.770476795895272,10.450583572185565,0.3198932237097072
9766,10.770476795895272,10.450583572185565,0.3198932237097072
9767,10.770476795895272,10.450583572185565,0.3198932237097072
9768,10.770476795895272,10.450583572185565,0.3198932237097072
9769,10.770476795895272,10.450583572185565,0.3198932237097072
9770,10.770476795895272,10.450583572185565,0.3198932237097072
9771,10.770476795895272,10.450583572185565,0.3198932237097072
9772,10.770476795895272,10.450583572185565,0.3198932237097072
9773,10.770476795895272,10.450583572185565,0.3198932237097072
9774,10.770476795895272,10.450583572185565,0.3198932237097072
9775,10.770476795895272,10.450583572185565,0.3198932237097072
9776,10.770476795895272,10.450583572185565,0.3198932237097072
9777,10.770476795895272,10.450583572185565,0.3198932237097072
9778,10.770476795895272,10.450583572185565,0.3198932237097072
9779,10.770476795895272,10.450583572185565,0.3198932237097072
9780,10.770476795895272,10.450583572185565,0.3198932237097072
9781,10.770476795895272,10.450583572185565,0.3198932237097072
9782,10.770476795895272,10.450583572185565,0.3198932237097072
9783,10.770476795895272,10.450583572185565,0.3198932237097072
9784,10.770476795895272,10.450583572185565,0.3198932237097072
9785,10.770476795895272,10.450583572185565,0.3198932237097072
9786,10.770476795895272,10.450583572185565,0.3198932237097072
9787,10.770476795895272,10.450583572185565,0.3198932237097072
9788,10.770476795895272,10.450583572185565,0.3198932237097072
9789,10.770476795895272,10.450583572185565,0.3198932237097072
9790,10.770476795895272,10.450583572185565,0.3198932237097072
9791,10.770476795895272,10.450583572185565,0.3198932237097072
9792,10.770476795895272,10.450583572185565,0.3198932237097072
9793,10.770476795895272,10.450583572185565,0.3198932237097072
9794,10.770476795895272,10.450583572185565,0.3198932237097072
9795,10.770476795895272,10.450583572185565,0.3198932237097072
9796,10.770476795895272,10.450583572185565,0.3198932237097072
9797,10.770476795895272,10.450583572185565,0.3198932237097072
9798,10.770476795895272,10.450583572185565,0.3198932237097072
9799,10.770476795895272,10.450583572185565,0.3198932237097072
9800,10.770476795895272,10.450583572185565,0.3198932237097072
9801,10.770476795895272,10.450583572185565,0.3198932237097072
9802,10.770476795895272,10.450583572185565,0.3198932237097072
9803,10.770476795895272,10.450583572185565,0.3198932237097072
9804,10.770476795895272,10.450583572185565,0.3198932237097072
9805,10.770476795895272,10.450583572185565,0.3198932237097072
9806,10.770476795895272,10.450583572185565,0.3198932237097072
9807,10.770476795895272,10.450583572185565,0.3198932237097072
9808,10.770476795895272,10.450583572185565,0.3198932237097072
9809,10.770476795895272,10.450583572185565,0.3198932237097072
9810,10.770476795895272,10.450583572185565,0.3198932237097072
9811,10.770476795895272,10.450583572185565,0.3198932237097072
9812,10.770476795895272,10.450583572185565,0.3198932237097072
9813,10.770476795895272,10.450583572185565,0.3198932237097072
9814,10.770476795895272,10.450583572185565,0.3198932237097072
9815,10.770476795895272,10.450583572185565,0.3198932237097072
9816,10.770476795895272,10.450583572185565,0.3198932237097072
9817,10.770476795895272,10.450583572185565,0.3198932237097072
9818,10.770476795895272,10.450583572185565,0.3198932237097072
9819,10.770476795895272,10.450583572185565,0.3198932237097072
9820,10.770476795895272,10.450583572185565,0.3198932237097072
9821,10.770476795895272,10.450583572185565,0.3198932237097072
9822,10.770476795895272,10.450583572185565,0.3198932237097072
9823,10.770476795895272,10.450583572185565,0.3198932237097072
9824,10.770476795895272,10.450583572185565,0.3198932237097072
9825,10.770476795895272,10.450583572185565,0.3198932237097072
9826,10.770476795895272,10.450583572185565,0.3198932237097072
9827,10.770476795895272,10.450583572185565,0.3198932237097072
9828,10.770476795895272,10.450583572185565,0.3198932237097072
9829,10.770476795895272,10.450583572185565,0.3198932237097072
9830,10.770476795895272,10.450583572185565,0.3198932237097072
9831,10.770476795895272,10.450583572185565,0.3198932237097072
9832,10.770476795895272,10.450583572185565,0.3198932237097072
9833,10.770476795895272,10.450583572185565,0.3198932237097072
9834,10.770476795895272,10.450583572185565,0.3198932237097072
9835,10.770476795895272,10.450583572185565,0.3198932237097072
9836,10.770476795895272,10.450583572185565,0.3198932237097072
9837,10.770476795895272,10.450583572185565,0.3198932237097072
9838,10.770476795895272,10.450583572185565,0.3198932237097072
9839,10.770476795895272,10.450583572185565,0.3198932237097072
9840,10.770476795895272,10.450583572185565,0.3198932237097072
9841,10.770476795895272,10.450583572185565,0.3198932237097072
9842,10.770476795895272,10.450583572185565,0.3198932237097072
9843,10.770476795895272,10.450583572185565,0.3198932237097072
9844,10.770476795895272,10.450583572185565,0.3198932237097072
9845,10.770476795895272,10.450583572185565,0.3198932237097072
9846,10.770476795895272,10.450583572185565,0.3198932237097072
9847,10.770476795895272,10.450583572185565,0.3198932237097072
9848,10.770476795895272,10.450583572185565,0.3198932237097072
9849,10.770476795895272,10.450583572185565,0.3198932237097072
9850,10.770476795895272,10.450583572185565,0.3198932237097072
9851,10.770476795895272,10.450583572185565,0.3198932237097072
9852,10.770476795895272,10.450583572185565,0.3198932237097072
9853,10.770476795895272,10.450583572185565,0.3198932237097072
9854,10.770476795895272,10.450583572185565,0.3198932237097072
9855,10.770476795895272,10.450583572185565,0.3198932237097072
9856,10.770476795895272,10.450583572185565,0.3198932237097072
9857,10.770476795895272,10.450583572185565,0.3198932237097072
9858,10.770476795895272,10.450583572185565,0.3198932237097072
9859,10.770476795895272,10.450583572185565,0.3198932237097072
9860,10.770476795895272,10.450583572185565,0.3198932237097072
9861,10.770476795895272,10.450583572185565,0.3198932237097072
9862,10.770476795895272,10.450583572185565,0.3198932237097072
9863,10.770476795895272,10.450583572185565,0.3198932237097072
9864,10.770476795895272,10.450583572185565,0.3198932237097072
9865,10.770476795895272,10.450583572185565,0.3198932237097072
9866,10.770476795895272,10.450583572185565,0.3198932237097072
9867,10.770476795895272,10.450583572185565,0.3198932237097072
9868,10.770476795895272,10.450583572185565,0.3198932237097072
9869,10.770476795895272,10.450583572185565,0.3198932237097072
9870,10.770476795895272,10.450583572185565,0.3198932237097072
9871,10.770476795895272,10.450583572185565,0.3198932237097072
9872,10.770476795895272,10.450583572185565,0.3198932237097072
9873,10.770476795895272,10.450583572185565,0.3198932237097072
9874,10.770476795895272,10.450583572185565,0.3198932237097072
9875,10.770476795895272,10.450583572185565,0.3198932237097072
9876,10.770476795895272,10.450583572185565,0.3198932237097072
9877,10.770476795895272,10.450583572185565,0.3198932237097072
9878,10.770476795895272,10.450583572185565,0.3198932237097072
9879,10.770476795895272,10.450583572185565,0.3198932237097072
9880,10.770476795895272,10.450583572185565,0.3198932237097072
9881,10.770476795895272,10.450583572185565,0.3198932237097072
9882,10.770476795895272,10.450583572185565,0.3198932237097072
9883,10.770476795895272,10.450583572185565,0.3198932237097072
9884,10.770476795895272,10.450583572185565,0.3198932237097072
9885,10.770476795895272,10.450583572185565,0.3198932237097072
9886,10.770476795895272,10.450583572185565,0.3198932237097072
9887,10.770476795895272,10.450583572185565,0.3198932237097072
9888,10.770476795895272,10.450583572185565,0.3198932237097072
9889,10.770476795895272,10.450583572185565,0.3198932237097072
9890,10.770476795895272,10.450583572185565,0.3198932237097072
9891,10.770476795895272,10.450583572185565,0.3198932237097072
9892,10.770476795895272,10.450583572185565,0.3198932237097072
9893,10.770476795895272,10.450583572185565,0.3198932237097072
9894,10.770476795895272,10.450583572185565,0.3198932237097072
9895,10.770476795895272,10.450583572185565,0.3198932237097072
9896,10.770476795895272,10.450583572185565,0.3198932237097072
9897,10.770476795895272,10.450583572185565,0.3198932237097072
9898,10.770476795895272,10.450583572185565,0.3198932237097072
9899,10.770476795895272,10.450583572185565,0.3198932237097072
9900,10.770476795895272,10.450583572185565,0.3198932237097072
9901,10.770476795895272,10.450583572185565,0.3198932237097072
9902,10.770476795895272,10.450583572185565,0.3198932237097072
9903,10.770476795895272,10.450583572185565,0.3198932237097072
9904,10.770476795895272,10.450583572185565,0.3198932237097072
9905,10.770476795895272,10.450583572185565,0.3198932237097072
9906,10.770476795895272,10.450583572185565,0.3198932237097072
9907,10.770476795895272,10.450583572185565,0.3198932237097072
9908,10.770476795895272,10.450583572185565,0.3198932237097072
9909,10.770476795895272,10.450583572185565,0.3198932237097072
9910,10.770476795895272,10.450583572185565,0.3198932237097072
9911,10.770476795895272,10.450583572185565,0.3198932237097072
9912,10.770476795895272,10.450583572185565,0.3198932237097072
9913,10.770476795895272,10.450583572185565,0.3198932237097072
9914,10.770476795895272,10.450583572185565,0.3198932237097072
9915,10.770476795895272,10.450583572185565,0.3198932237097072
9916,10.770476795895272,10.450583572185565,0.3198932237097072
9917,10.770476795895272,10.450583572185565,0.3198932237097072
9918,10.770476795895272,10.450583572185565,0.3198932237097072
9919,10.770476795895272,10.450583572185565,0.3198932237097072
9920,10.770476795895272,10.450583572185565,0.3198932237097072
9921,10.770476795895272,10.450583572185565,0.3198932237097072
9922,10.770476795895272,10.450583572185565,0.3198932237097072
9923,10.770476795895272,10.450583572185565,0.3198932237097072
9924,10.770476795895272,10.450583572185565,0.3198932237097072
9925,10.770476795895272,10.450583572185565,0.3198932237097072
9926,10.770476795895272,10.450583572185565,0.3198932237097072
9927,10.770476795895272,10.450583572185565,0.3198932237097072
9928,10.770476795895272,10.450583572185565,0.3198932237097072
9929,10.770476795895272,10.450583572185565,0.3198932237097072
9930,10.770476795895272,10.450583572185565,0.3198932237097072
9931,10.770476795895272,10.450583572185565,0.3198932237097072
9932,10.770476795895272,10.450583572185565,0.3198932237097072
9933,10.770476795895272,10.450583572185565,0.3198932237097072
9934,10.770476795895272,10.450583572185565,0.3198932237097072
9935,10.770476795895272,10.450583572185565,0.3198932237097072
9936,10.770476795895272,10.450583572185565,0.3198932237097072
9937,10.770476795895272,10.450583572185565,0.3198932237097072
9938,10.770476795895272,10.450583572185565,0.3198932237097072
9939,10.770476795895272,10.450583572185565,0.3198932237097072
9940,10.770476795895272,10.450583572185565,0.3198932237097072
9941,10.770476795895272,10.450583572185565,0.3198932237097072
9942,10.770476795895272,10.450583572185565,0.3198932237097072
9943,10.770476795895272,10.450583572185565,0.3198932237097072
9944,10.770476795895272,10.450583572185565,0.3198932237097072
9945,10.770476795895272,10.450583572185565,0.3198932237097072
9946,10.770476795895272,10.450583572185565,0.3198932237097072
9947,10.770476795895272,10.450583572185565,0.3198932237097072
9948,10.770476795895272,10.450583572185565,0.3198932237097072
9949,10.770476795895272,10.450583572185565,0.3198932237097072
9950,10.770476795895272,10.450583572185565,0.3198932237097072
9951,10.770476795895272,10.450583572185565,0.3198932237097072
9952,10.770476795895272,10.450583572185565,0.3198932237097072
9953,10.770476795895272,10.450583572185565,0.3198932237097072
9954,10.770476795895272,10.450583572185565,0.3198932237097072
9955,10.770476795895272,10.450583572185565,0.3198932237097072
9956,10.770476795895272,10.450583572185565,0.3198932237097072
9957,10.770476795895272,10.450583572185565,0.3198932237097072
9958,10.770476795895272,10.450583572185565,0.3198932237097072
9959,10.770476795895272,10.450583572185565,0.3198932237097072
9960,10.770476795895272,10.450583572185565,0.3198932237097072
9961,10.770476795895272,10.450583572185565,0.3198932237097072
9962,10.770476795895272,10.450583572185565,0.3198932237097072
9963,10.770476795895272,10.450583572185565,0.3198932237097072
9964,10.770476795895272,10.450583572185565,0.3198932237097072
9965,10.770476795895272,10.450583572185565,0.3198932237097072
9966,10.770476795895272,10.450583572185565,0.3198932237097072
9967,10.770476795895272,10.450583572185565,0.3198932237097072
9968,10.770476795895272,10.450583572185565,0.3198932237097072
9969,10.770476795895272,10.450583572185565,0.3198932237097072
9970,10.770476795895272,10.450583572185565,0.3198932237097072
9971,10.770476795895272,10.450583572185565,0.3198932237097072
9972,10.770476795895272,10.450583572185565,0.3198932237097072
9973,10.770476795895272,10.450583572185565,0.3198932237097072
9974,10.770476795895272,10.450583572185565,0.3198932237097072
9975,10.770476795895272,10.450583572185565,0.3198932237097072
9976,10.770476795895272,10.450583572185565,0.3198932237097072
9977,10.770476795895272,10.450583572185565,0.3198932237097072
9978,10.770476795895272,10.450583572185565,0.3198932237097072
9979,10.770476795895272,10.450583572185565,0.3198932237097072
9980,10.770476795895272,10.450583572185565,0.3198932237097072
9981,10.770476795895272,10.450583572185565,0.3198932237097072
9982,10.770476795895272,10.450583572185565,0.3198932237097072
9983,10.770476795895272,10.450583572185565,0.3198932237097072
9984,10.770476795895272,10.450583572185565,0.3198932237097072
9985,10.770476795895272,10.450583572185565,0.3198932237097072
9986,10.770476795895272,10.450583572185565,0.3198932237097072
9987,10.770476795895272,10.450583572185565,0.3198932237097072
9988,10.770476795895272,10.450583572185565,0.3198932237097072
9989,10.770476795895272,10.450583572185565,0.3198932237097072
9990,10.770476795895272,10.450583572185565,0.3198932237097072
9991,10.770476795895272,10.450583572185565,0.3198932237097072
9992,10.770476795895272,10.450583572185565,0.3198932237097072
9993,10.770476795895272,10.450583572185565,0.3198932237097072
9994,10.770476795895272,10.450583572185565,0.3198932237097072
9995,10.770476795895272,10.450583572185565,0.3198932237097072
9996,10.770476795895272,10.450583572185565,0.3198932237097072
9997,10.770476795895272,10.450583572185565,0.3198932237097072
9998,10.770476795895272,10.450583572185565,0.3198932237097072
9999,10.770476795895272,10.450583572185565,0.3198932237097072
10000,10.770476795895272,10.450583572185565,0.3198932237097072
